epochMean,epochStart,epochEnd,epochRange,constellation,satID,obsType,arcNo,arcType,azimStart,azimEnd,azimMean,elevStart,elevEnd,elevRange,h,peakAmp,meanAmp,PBNR
2022-01-01 00:15:33.809523,2022-01-01 00:00:00,2022-01-01 00:32:00,1920.0,G,G06,S1C,1,-1,136.574848977354,133.47434327912418,135.28806295024447,14.40458923942056,2.286070017841114,12.118519221579447,4.66,6.477690446021547,1.2330499441099914,5.253388540313432
2022-01-01 00:19:45.000000,2022-01-01 00:05:00,2022-01-01 00:34:30,1770.0,R,R12,S1C,1,1,206.6110681411819,209.04767036161792,207.5134700847173,2.078781654282884,14.95827176351074,12.879490109227856,4.750000000000001,18.588378551879128,4.160283206617281,4.468056050201762
2022-01-01 00:47:45.000000,2022-01-01 00:19:30,2022-01-01 01:16:00,3390.0,R,R04,S1C,2,-1,141.09698399460265,165.46962959679323,153.89352414700758,9.965626488337904,2.001875408994416,7.963751079343488,4.499999999999999,19.436430689431337,4.0075218424111405,4.849987462011519
2022-01-01 00:47:45.000000,2022-01-01 00:19:30,2022-01-01 01:16:00,3390.0,R,R04,S1P,2,-1,141.09698399460265,165.46962959679323,153.89352414700758,9.965626488337904,2.001875408994416,7.963751079343488,4.52,16.929974908929,3.0252841755422644,5.596160203989565
2022-01-01 02:05:33.925233,2022-01-01 01:39:00,2022-01-01 02:33:00,3240.0,C,C21,S1X,2,-1,136.24131408488333,149.31779591594042,143.41249509237502,14.977435631346872,2.0854674893278795,12.891968142018994,4.66,6.8590187331124834,1.2876798220023846,5.326649230587836
2022-01-01 02:06:00.000000,2022-01-01 01:39:00,2022-01-01 02:33:00,3240.0,C,C21,S2I,2,-1,136.24131408488333,149.31779591594042,143.50948846777598,14.977435631346872,2.0854674893278795,12.891968142018994,4.7,7.482700488741219,1.6696670164924927,4.481552557982668
2022-01-01 02:11:45.000000,2022-01-01 01:48:00,2022-01-01 02:35:30,2850.0,C,C27,S2I,1,1,264.2892655794532,250.3985966022844,257.29700957065273,2.5135108313570007,14.871292750828344,12.357781919471345,4.71,8.818916940040474,1.9485771228054884,4.525823913678781
2022-01-01 02:16:00.000000,2022-01-01 01:57:30,2022-01-01 02:34:30,2220.0,E,E21,S1X,1,1,213.5885536942136,218.8008780939348,215.8624706788848,5.222433742626714,14.973400418285856,9.750966675659145,4.74,6.922437048535215,1.6837745565495383,4.111261226515362
2022-01-01 02:19:45.000000,2022-01-01 01:39:30,2022-01-01 03:00:00,4830.0,C,C46,S1X,1,1,210.71670438347772,236.3301342479959,222.4736363287767,2.295962410771987,12.594734253532868,10.298771842760882,4.66,5.937733526013863,1.3442041579139572,4.417285492724937
2022-01-01 02:19:45.000000,2022-01-01 01:39:30,2022-01-01 03:00:00,4830.0,C,C46,S2I,1,1,210.71670438347772,236.3301342479959,222.4736363287767,2.295962410771987,12.594734253532868,10.298771842760882,4.669999999999999,7.606406804021382,1.763723398717117,4.312698243700837
2022-01-01 02:21:45.000000,2022-01-01 01:51:30,2022-01-01 02:52:00,3630.0,E,E09,S1X,2,-1,133.61062150355465,150.94052335103342,142.66759895846215,7.173625973313731,2.058492045977608,5.115133927336123,4.56,14.973667546049263,3.1651149766847078,4.730844742244845
2022-01-01 02:32:19.342105,2022-01-01 02:13:30,2022-01-01 02:51:30,2280.0,R,R05,S1C,2,-1,149.98761266946093,161.3750801380958,156.17482934198262,14.893498259859786,2.112748605783153,12.780749654076631,4.63,17.531734314392708,3.352289972232509,5.22977858705856
2022-01-01 02:32:19.342105,2022-01-01 02:13:30,2022-01-01 02:51:30,2280.0,R,R05,S1P,2,-1,149.98761266946093,161.3750801380958,156.17482934198262,14.893498259859786,2.112748605783153,12.780749654076631,4.61,12.94156168471723,2.386432198538857,5.4229748042458406
2022-01-01 02:44:36.666666,2022-01-01 02:25:30,2022-01-01 03:02:30,2220.0,G,G16,S1C,1,1,214.61651722759308,219.6359221857844,216.78763989433247,2.355226694801075,14.896977391632191,12.541750696831116,4.760000000000002,5.019766738307752,1.190337661962373,4.21709477799118
2022-01-01 02:49:45.000000,2022-01-01 02:32:30,2022-01-01 03:07:00,2070.0,G,G20,S1C,2,-1,136.60994217830532,136.52784870912276,136.86967700597228,14.96128358554142,2.203072434069346,12.758211151472077,4.73,7.931141921322092,1.4889930118152404,5.326513864328476
2022-01-01 03:43:45.000000,2022-01-01 03:00:30,2022-01-01 04:27:00,5190.0,C,C46,S1X,2,-1,236.5199769371706,268.0258338030584,252.69079954583208,12.594280488171837,2.0119054251601978,10.582375063011638,4.57,5.263084859311906,1.2533195879847985,4.199315888595003
2022-01-01 03:43:45.000000,2022-01-01 03:00:30,2022-01-01 04:27:00,5190.0,C,C46,S2I,2,-1,236.5199769371706,268.0258338030584,252.69079954583208,12.594280488171837,2.0119054251601978,10.582375063011638,4.67,7.119908507871257,1.6959444187731387,4.198196844812792
2022-01-01 03:49:00.000000,2022-01-01 03:31:30,2022-01-01 04:06:30,2100.0,G,G27,S1C,1,1,229.05203838138712,225.11224812041007,226.84518449959103,2.3187917040366086,14.966985065270372,12.648193361233766,4.81,6.241156716374474,1.303792631907551,4.786924364837966
2022-01-01 03:54:45.000000,2022-01-01 03:26:00,2022-01-01 04:23:30,3450.0,R,R14,S1P,1,1,196.004609266162,220.6764157738149,207.72118192966897,2.0600163385676167,9.972146939253388,7.912130600685772,4.7,13.260374467452884,3.231503522473928,4.103468981306014
2022-01-01 04:04:15.000000,2022-01-01 03:47:00,2022-01-01 04:21:30,2070.0,G,G05,S1C,2,-1,135.08153011828284,132.15376504755875,133.8673304263422,14.901141768133805,2.1376951716761283,12.763446596457674,4.7700000000000005,8.56793158196168,1.8912620339096111,4.530272076709581
2022-01-01 04:22:30.000000,2022-01-01 04:03:30,2022-01-01 04:41:30,2280.0,C,C42,S1X,2,-1,139.64563656267978,140.84484455506498,140.60781726808395,14.907245948521153,2.0673132178286857,12.839932730692466,4.79,7.735714126604595,1.3022550227499323,5.940245183519679
2022-01-01 04:22:30.000000,2022-01-01 04:03:30,2022-01-01 04:41:30,2280.0,C,C42,S2I,2,-1,139.64563656267978,140.84484455506498,140.60781726808395,14.907245948521153,2.0673132178286857,12.839932730692466,4.700000000000001,8.229297402931776,1.527519005859102,5.387361709652498
2022-01-01 04:37:45.000000,2022-01-01 04:20:00,2022-01-01 04:55:30,2130.0,R,R24,S1C,1,1,235.93164566988827,224.85125138759017,230.2637909052405,2.1115291360572743,14.88268944934214,12.771160313284865,4.8,14.351171047260982,3.140491336718434,4.56972158447564
2022-01-01 04:37:45.000000,2022-01-01 04:20:00,2022-01-01 04:55:30,2130.0,R,R24,S1P,1,1,235.93164566988827,224.85125138759017,230.2637909052405,2.1115291360572743,14.88268944934214,12.771160313284865,4.79,11.144460889671024,2.4168836053358635,4.611087130992528
2022-01-01 04:40:30.000000,2022-01-01 04:06:00,2022-01-01 05:15:00,4140.0,E,E01,S1X,1,1,207.59212531608523,227.28122833269464,216.85977579686775,2.0685683900968117,8.797430688901036,6.728862298804225,4.71,11.608569005069551,2.1176109108299905,5.481917828105454
2022-01-01 04:47:30.000000,2022-01-01 04:28:00,2022-01-01 05:07:00,2340.0,C,C30,S2I,1,1,233.6300337217725,227.91064505188575,230.5326211441124,2.289173039819882,14.882372359855491,12.593199320035607,4.7,8.556277126770528,1.887107805760237,4.534069066246886
2022-01-01 04:47:45.000000,2022-01-01 04:28:30,2022-01-01 05:07:00,2310.0,C,C30,S1X,1,1,233.5394296650026,227.91064505188575,230.49291351847944,2.442365945153145,14.882372359855491,12.440006414702346,4.73,6.6638680330219096,1.3056924668729375,5.103704127957107
2022-01-01 04:53:30.000000,2022-01-01 04:24:00,2022-01-01 05:23:00,3540.0,R,R14,S1C,2,-1,220.91568965731923,248.0162592283782,234.7827356821877,9.971434042099489,2.0847862244328947,7.886647817666594,4.659999999999999,16.61091955693174,3.241050511416188,5.125165281572098
2022-01-01 04:53:30.000000,2022-01-01 04:24:00,2022-01-01 05:23:00,3540.0,R,R14,S1P,2,-1,220.91568965731923,248.0162592283782,234.7827356821877,9.971434042099489,2.0847862244328947,7.886647817666594,4.65,13.177202352057432,2.510827781082159,5.24815061046445
2022-01-01 04:54:02.000000,2022-01-01 04:28:00,2022-01-01 05:20:30,3150.0,G,G13,S1C,2,-1,134.39517985396404,149.29872070342714,142.53128936743562,14.956071504465484,2.083199528590816,12.872871975874668,4.74,5.940588720677082,1.4840049171333516,4.0030788659059855
2022-01-01 04:54:15.000000,2022-01-01 04:29:30,2022-01-01 05:19:00,2970.0,E,E05,S1X,2,-1,139.49531370857252,146.33626995970002,143.48488305773992,14.925766109225505,2.190061555639954,12.735704553585547,4.73,8.394562739039008,1.6583075950819928,5.062126449842347
2022-01-01 05:27:45.000000,2022-01-01 05:09:00,2022-01-01 05:46:30,2250.0,C,C14,S2I,2,-1,136.70194004377905,134.2102737348561,135.7461857623062,14.86735044382603,2.1354376332228013,12.731912810603228,4.65,9.000768493737745,1.580675807134569,5.694253339686545
2022-01-01 05:51:15.000000,2022-01-01 05:15:30,2022-01-01 06:27:00,4290.0,E,E01,S1X,2,-1,227.4439754498248,250.39736406814745,239.08191858520317,8.797322319857903,2.017354354422348,6.779967965435555,4.64,11.125843013083491,2.381518597727059,4.671743073391107
2022-01-01 06:06:00.000000,2022-01-01 05:47:30,2022-01-01 06:24:30,2220.0,G,G15,S1C,2,-1,137.26054933292158,140.15815286954398,139.08197397284786,14.91278462185977,2.023790858434828,12.888993763424942,4.79,8.706833398902534,1.7720940021504343,4.913302222306943
2022-01-01 06:11:00.000000,2022-01-01 05:56:30,2022-01-01 06:25:30,1740.0,R,R07,S1C,2,-1,146.54761116398578,143.0018416123242,144.982598848303,14.806301296602308,2.177105266480964,12.629196030121346,4.76,16.48931154096295,3.491122213917708,4.723212345653974
2022-01-01 06:11:00.000000,2022-01-01 05:56:30,2022-01-01 06:25:30,1740.0,R,R07,S1P,2,-1,146.54761116398578,143.0018416123242,144.982598848303,14.806301296602308,2.177105266480964,12.629196030121346,4.779999999999999,12.578231951973414,2.4918852569148644,5.047677021672412
2022-01-01 06:29:10.714285,2022-01-01 06:11:00,2022-01-01 06:46:30,2130.0,G,G21,S1C,1,1,238.5928785358087,231.799000860655,234.9405699676328,2.2594391136379053,14.83799220463335,12.578553090995443,4.67,6.385054140241719,1.3936774740344129,4.581443166874388
2022-01-01 06:30:45.000000,2022-01-01 06:16:00,2022-01-01 06:45:30,1770.0,R,R17,S1C,1,1,216.774315265717,212.72093263508253,214.53798344738283,2.112216206177166,14.985279862791549,12.873063656614384,4.83,15.564321723145907,3.3642527707740126,4.626382969304958
2022-01-01 06:30:45.000000,2022-01-01 06:16:00,2022-01-01 06:45:30,1770.0,R,R17,S1P,1,1,216.774315265717,212.72093263508253,214.53798344738283,2.112216206177166,14.985279862791549,12.873063656614384,4.79,13.659507762034895,2.6109904311966847,5.231542635632866
2022-01-01 07:09:00.000000,2022-01-01 06:49:30,2022-01-01 07:28:30,2340.0,C,C29,S2I,1,1,217.78366968166995,220.0650567176363,218.5310261364553,2.040686229522107,14.97753299853971,12.936846769017604,4.670000000000001,9.334997940943332,2.1348834365189813,4.372603103879266
2022-01-01 07:09:15.000000,2022-01-01 06:50:00,2022-01-01 07:28:30,2310.0,C,C29,S1X,1,1,217.78410317778088,220.0650567176363,218.5406080406028,2.207939162901725,14.97753299853971,12.769593835637984,4.76,7.226451448215546,1.492380953182384,4.842229748916128
2022-01-01 07:26:40.714285,2022-01-01 07:08:30,2022-01-01 07:44:00,2130.0,G,G01,S1C,1,1,231.8799544416368,226.4577478226696,228.8876626049204,2.3767727303798267,14.884462127401951,12.507689397022126,4.81,5.260990474875551,1.1892127115129043,4.423927211627743
2022-01-01 07:30:30.000000,2022-01-01 07:08:30,2022-01-01 07:52:30,2640.0,E,E03,S1X,2,-1,135.8958369660434,132.44674060008072,134.5148180536495,14.97826809535226,2.0254099060624786,12.95285818928978,4.77,10.13608717446363,1.7763153822935471,5.706242976613811
2022-01-01 07:40:42.660550,2022-01-01 07:13:30,2022-01-01 08:09:30,3360.0,G,G24,S1C,3,-1,130.01621694873492,147.25338184592022,139.0798002579029,12.934477583224874,2.052653470939627,10.881824112285248,4.74,4.965521085875023,1.0772993217124127,4.609230680645113
2022-01-01 07:51:00.000000,2022-01-01 07:39:00,2022-01-01 08:03:00,1440.0,R,R08,S1C,2,-1,136.84919646563938,130.0656906522525,133.5274608138106,14.89974686742065,5.779009216021068,9.12073765139958,4.91,12.377355901407563,2.373555078925184,5.21469082866718
2022-01-01 07:51:00.000000,2022-01-01 07:39:00,2022-01-01 08:03:00,1440.0,R,R08,S1P,2,-1,136.84919646563938,130.0656906522525,133.5274608138106,14.89974686742065,5.779009216021068,9.12073765139958,4.9,9.901194061395602,1.974173336867768,5.015362063953757
2022-01-01 08:09:30.000000,2022-01-01 07:55:30,2022-01-01 08:23:30,1680.0,R,R18,S1C,1,1,206.33990921796823,207.7229875423769,206.75352657852224,2.2981332264538765,14.825205292475768,12.527072066021892,4.59,16.002257376056622,2.9053168959884594,5.507921493229146
2022-01-01 08:09:30.000000,2022-01-01 07:55:30,2022-01-01 08:23:30,1680.0,R,R18,S1P,1,1,206.33990921796823,207.7229875423769,206.75352657852224,2.2981332264538765,14.825205292475768,12.527072066021892,4.6000000000000005,11.734845055523358,2.359993538033318,4.972405587729913
2022-01-01 08:23:45.000000,2022-01-01 08:01:30,2022-01-01 08:46:00,2670.0,G,G03,S1C,1,1,266.3056486283554,252.39800013571303,259.3403517950191,2.0574754567816504,14.951777160545433,12.894301703763782,4.59,6.418862763486181,1.4995970528975937,4.280391689943205
2022-01-01 09:20:00.000000,2022-01-01 08:47:30,2022-01-01 09:52:30,3900.0,C,C25,S1X,3,-1,130.11062962851656,149.02824342902807,140.4044038896767,13.260959490421849,2.031900026659556,11.229059463762292,4.53,7.004982087156263,1.437072990407223,4.874478981872217
2022-01-01 09:20:00.000000,2022-01-01 08:47:30,2022-01-01 09:52:30,3900.0,C,C25,S2I,3,-1,130.11062962851656,149.02824342902807,140.4044038896767,13.260959490421849,2.031900026659556,11.229059463762292,4.53,8.784079295304771,1.8890951721218363,4.649887112589711
2022-01-01 09:27:55.121951,2022-01-01 08:56:30,2022-01-01 09:58:30,3720.0,G,G17,S1C,1,1,209.43503143222225,233.21771405186985,220.8865207872089,2.1647980950417485,9.565805626812542,7.401007531770794,4.23,7.618945121771013,1.6778262759457052,4.540961857017408
2022-01-01 09:28:15.000000,2022-01-01 08:57:30,2022-01-01 09:59:00,3690.0,C,C35,S2I,1,1,210.54860235247733,227.09158659361813,217.94540487549557,2.132251263502639,14.982286689006695,12.85003542550406,4.38,10.675405733027388,1.9451064602222583,5.488340073585256
2022-01-01 09:28:30.000000,2022-01-01 08:58:00,2022-01-01 09:59:00,3660.0,C,C35,S1X,1,1,210.63962376000143,227.09158659361813,218.00558687913076,2.268915760973485,14.982286689006695,12.713370928033212,4.4,7.471346468226888,1.3449797843473847,5.554987930061832
2022-01-01 10:30:47.578125,2022-01-01 09:59:00,2022-01-01 11:03:30,3870.0,G,G17,S1C,2,-1,233.43161761769449,260.1350087040073,246.8598343744818,9.565584519214466,2.435005411949121,7.130579107265346,4.25,7.498011037430253,1.6597943854910842,4.517433667069438
2022-01-01 10:31:30.000000,2022-01-01 10:13:00,2022-01-01 10:50:00,2220.0,R,R11,S1C,4,-1,149.85228650624904,160.6489858839673,155.7712567622699,14.979574873558333,2.3238453883158097,12.655729485242524,4.340000000000001,12.862721003915537,3.202722818714421,4.016183020508361
2022-01-01 10:31:30.000000,2022-01-01 10:13:00,2022-01-01 10:50:00,2220.0,R,R11,S1P,4,-1,149.85228650624904,160.6489858839673,155.7712567622699,14.979574873558333,2.3238453883158097,12.655729485242524,4.390000000000001,10.880469310879498,2.429511788199669,4.478459155344213
2022-01-01 10:33:00.647482,2022-01-01 09:58:30,2022-01-01 11:09:00,4230.0,E,E02,S1X,3,-1,132.43265629624213,152.46845752177643,142.86409352050782,9.061177032139428,2.0200762300695234,7.041100802069904,4.359999999999999,11.175634054962927,2.584479216809132,4.324133845719475
2022-01-01 11:24:38.780487,2022-01-01 11:02:00,2022-01-01 11:45:00,2580.0,G,G06,S1C,2,1,210.43371917620655,220.7344849741553,215.26655760956072,2.030778297972621,14.894703073974716,12.863924776002095,4.08,7.1990409837666025,1.5752760782182849,4.570018603919304
2022-01-01 11:37:45.000000,2022-01-01 11:18:00,2022-01-01 11:57:30,2370.0,C,C23,S1X,4,-1,139.05828917109076,143.30741546652916,141.59681910527522,14.87742682506886,2.4408243651445773,12.436602459924284,4.14,8.045048298391656,1.6849181825068376,4.7747412200289485
2022-01-01 11:37:45.000000,2022-01-01 11:18:00,2022-01-01 11:57:30,2370.0,C,C23,S2I,4,-1,139.05828917109076,143.30741546652916,141.59681910527522,14.87742682506886,2.4408243651445773,12.436602459924284,4.170000000000001,9.336196409524616,2.2520795378091094,4.145589111211919
2022-01-01 11:50:20.487805,2022-01-01 11:16:00,2022-01-01 12:21:00,3900.0,R,R20,S1C,2,1,194.65202490689688,222.90028151794084,208.55406262951536,3.0275657558036646,13.702951837983102,10.675386082179438,4.109999999999999,4.232648072022377,1.0362996657618078,4.084386217485518
2022-01-01 11:50:37.377049,2022-01-01 11:16:30,2022-01-01 12:21:00,3870.0,R,R20,S1P,2,1,194.81696963907484,222.90028151794084,208.6679836538219,3.177423079616821,13.702951837983102,10.52552875836628,4.13,2.730394256197674,0.6392358819330913,4.2713407262758505
2022-01-01 12:06:15.000000,2022-01-01 11:46:00,2022-01-01 12:26:30,2430.0,C,C22,S1X,2,1,240.4773975447288,232.3741975934196,236.2322122656757,2.560713189609108,14.921430034900164,12.360716845291057,3.8899999999999992,8.170591425280534,1.7147315678856598,4.764939060027475
2022-01-01 12:19:45.000000,2022-01-01 12:05:30,2022-01-01 12:34:00,1710.0,R,R12,S1P,4,-1,151.05361521722926,153.5967399941221,152.62223414374444,14.827096408831562,2.404581483536602,12.422514925294958,3.97,13.13987381862236,3.107194129442904,4.228855124986425
2022-01-01 12:32:45.000000,2022-01-01 12:15:00,2022-01-01 12:50:30,2130.0,R,R05,S1C,3,1,236.0808958819835,224.94540182806276,230.38679680099423,2.160735150752749,14.895842734052197,12.735107583299444,3.9,12.984774784969082,2.857847436523819,4.543550722484783
2022-01-01 12:32:45.000000,2022-01-01 12:15:00,2022-01-01 12:50:30,2130.0,R,R05,S1P,3,1,236.0808958819835,224.94540182806276,230.38679680099423,2.160735150752749,14.895842734052197,12.735107583299444,3.9500000000000006,11.623489741409935,2.310561127661716,5.030591747716664
2022-01-01 12:32:45.441176,2022-01-01 12:16:00,2022-01-01 12:50:00,2040.0,G,G31,S1C,4,-1,133.65774320744956,130.06209943294837,132.11667683591352,14.889574698431511,2.262335917866791,12.62723878056472,4.069999999999999,8.791881415440452,1.851236816874405,4.749193261121776
2022-01-01 13:08:30.000000,2022-01-01 12:45:30,2022-01-01 13:31:30,2760.0,E,E30,S1X,4,-1,141.18366204593158,146.52531433530618,144.3578562166342,14.956764270865902,2.4284618824735182,12.528302388392383,3.95,10.3757588174945,2.0991962107473645,4.942729395362465
2022-01-01 13:13:38.602941,2022-01-01 12:37:30,2022-01-01 13:47:30,4200.0,G,G11,S1C,2,1,210.5812615672461,235.9403064987508,222.8547894722228,2.1072271939780416,10.913248795588782,8.806021601610741,3.77,6.5371229094370165,1.431994322573772,4.565048063659654
2022-01-01 13:13:38.602941,2022-01-01 12:37:30,2022-01-01 13:47:30,4200.0,G,G11,S1X,2,1,210.5812615672461,235.9403064987508,222.8547894722228,2.1072271939780416,10.913248795588782,8.806021601610741,3.8,8.500895574100026,1.4443032603726265,5.885810693182827
2022-01-01 13:26:15.000000,2022-01-01 13:00:30,2022-01-01 13:52:00,3090.0,E,E04,S1X,1,1,248.2936392523162,236.92312729461247,242.38507884821297,2.049710199173117,14.910345346140442,12.860635146967326,3.86,9.744059516368264,2.191353186068453,4.446594724353978
2022-01-01 13:52:30.779220,2022-01-01 13:33:30,2022-01-01 14:12:00,2310.0,C,C37,S1X,4,-1,134.0640265582016,130.3681851166504,132.51620406824182,14.848460849469244,2.0621871261746167,12.786273723294626,3.87,7.56069712427077,1.5841849168462512,4.772610219848819
2022-01-01 13:52:45.000000,2022-01-01 13:33:30,2022-01-01 14:12:00,2310.0,C,C37,S2I,4,-1,134.0640265582016,130.3681851166504,132.49040921059722,14.848460849469244,2.0621871261746167,12.786273723294626,3.95,8.25865074374192,1.8285655987124636,4.516464024893082
2022-01-01 13:55:19.500000,2022-01-01 13:45:30,2022-01-01 14:06:00,1230.0,R,R13,S1P,4,-1,146.70184044646643,144.70193786775135,145.8568561091584,14.850992107754433,5.802746953310066,9.048245154444365,3.89,3.237283033844426,0.7497647313584439,4.317731814323981
2022-01-01 14:01:15.000000,2022-01-01 13:43:30,2022-01-01 14:19:00,2130.0,G,G26,S1C,4,-1,137.99882957317706,142.05696327822702,140.39642371069797,14.988124328219085,2.548282021985359,12.439842306233723,3.95,7.085355116922325,1.4332465220920092,4.943570424005167
2022-01-01 14:02:47.671233,2022-01-01 13:42:00,2022-01-01 14:21:00,2340.0,G,G20,S1C,3,1,215.570302849186,222.2544406953231,218.6604490094041,2.094163324558404,14.891387696294869,12.797224371736466,3.85,5.43498553176192,1.0727759203049194,5.0662821833446
2022-01-01 14:25:00.201342,2022-01-01 13:48:00,2022-01-01 15:02:30,4470.0,G,G11,S1C,3,-1,236.1481556847947,266.0585555918524,251.33313209147693,10.91254040111414,2.0180959692829568,8.894444431831182,3.829999999999999,8.732043872719327,1.9471204809954523,4.484593510235755
2022-01-01 14:25:00.201342,2022-01-01 13:48:00,2022-01-01 15:02:30,4470.0,G,G11,S1X,3,-1,236.1481556847947,266.0585555918524,251.33313209147693,10.91254040111414,2.0180959692829568,8.894444431831182,3.829999999999999,10.192654917258947,2.1281936532487253,4.789345603817434
2022-01-01 14:26:15.000000,2022-01-01 14:07:30,2022-01-01 14:45:00,2250.0,C,C21,S2I,3,1,221.82865408078655,221.3021672571698,221.2380600289501,2.1429793811374283,14.934949162631344,12.791969781493917,3.850000000000001,9.857480607938331,2.1823354361882035,4.516941091858909
2022-01-01 15:32:30.000000,2022-01-01 15:15:30,2022-01-01 15:49:30,2040.0,G,G16,S1C,4,-1,139.01789448622355,139.17723193599988,139.3981978551972,14.933606739759202,2.185237153654561,12.74836958610464,3.94,6.963151362650638,1.2886234596561923,5.403557812387198
2022-01-01 15:51:16.022727,2022-01-01 15:29:30,2022-01-01 16:13:30,2640.0,E,E27,S1X,4,-1,135.52968003520792,130.58996616147178,133.40625883610642,14.932097485089844,2.059656828349395,12.87244065674045,3.98,9.05118061398005,1.9880753720719635,4.552735143309456
2022-01-01 16:16:58.588235,2022-01-01 15:55:00,2022-01-01 16:38:00,2580.0,E,E09,S1X,3,1,222.72495558570083,221.5480200880441,221.741885433298,2.131347265146762,14.988767141431657,12.857419876284894,4.01,8.301640578589046,1.97991845842366,4.192920442389589
2022-01-01 16:21:45.000000,2022-01-01 16:07:00,2022-01-01 16:36:30,1770.0,R,R07,S1C,3,1,206.19442285173477,208.7889098734653,207.1734879692243,2.001784350105704,14.894382974346598,12.892598624240891,4.09,16.41436682454744,3.773431426318633,4.34998413117085
2022-01-01 16:21:45.000000,2022-01-01 16:07:00,2022-01-01 16:36:30,1770.0,R,R07,S1P,3,1,206.19442285173477,208.7889098734653,207.1734879692243,2.001784350105704,14.894382974346598,12.892598624240891,4.05,13.027094093184536,2.949286128745782,4.417032978324304
2022-01-01 16:35:20.869565,2022-01-01 16:12:30,2022-01-01 17:00:00,2850.0,G,G27,S1C,4,-1,136.9197867394707,149.24893325248237,143.50271482953767,14.945828417515315,2.153830873838505,12.79199754367681,3.98,7.689286119758839,1.5116402565526337,5.08671695294396
2022-01-01 16:40:15.000000,2022-01-01 16:17:00,2022-01-01 17:03:30,2790.0,C,C42,S2I,3,1,212.05968715348504,221.1666977473892,216.03373179339303,2.0864513076599107,14.91467412762994,12.82822281997003,4.03,8.452484026655211,1.7898105224253535,4.72255801424239
2022-01-01 16:40:43.695652,2022-01-01 16:17:00,2022-01-01 17:03:30,2790.0,C,C42,S1X,3,1,212.05968715348504,221.1666977473892,216.11677402857484,2.0864513076599107,14.91467412762994,12.82822281997003,4.069999999999999,7.430610640856124,1.3941406292609164,5.329886013576231
2022-01-01 16:42:00.000000,2022-01-01 16:10:30,2022-01-01 17:13:30,3780.0,C,C27,S1X,4,-1,130.1715856429987,150.54742403768108,140.91801693375112,9.190217906669169,2.078315970737086,7.111901935932082,3.78,9.424893927703865,1.8851258707021572,4.999609879733575
2022-01-01 16:42:00.000000,2022-01-01 16:10:30,2022-01-01 17:13:30,3780.0,C,C27,S2I,4,-1,130.1715856429987,150.54742403768108,140.91801693375112,9.190217906669169,2.078315970737086,7.111901935932082,3.75,13.127461183816813,2.5305136422755687,5.187666631985402
2022-01-01 16:45:30.000000,2022-01-01 16:18:00,2022-01-01 17:13:00,3300.0,R,R24,S1C,4,-1,141.59136038366245,165.37792626101978,154.04630934268204,9.610916910752495,2.0857670802802115,7.525149830472285,3.9699999999999993,24.354880913135887,4.333079559757375,5.62068629879937
2022-01-01 16:45:30.000000,2022-01-01 16:18:00,2022-01-01 17:13:00,3300.0,R,R24,S1P,4,-1,141.59136038366245,165.37792626101978,154.04630934268204,9.610916910752495,2.0857670802802115,7.525149830472285,3.96,20.549965442591407,3.321806800163177,6.186381893607398
2022-01-01 17:52:06.338028,2022-01-01 17:34:30,2022-01-01 18:10:00,2130.0,G,G08,S1C,4,-1,139.89375751481978,144.66177610319562,142.64122989120264,14.882979114421191,2.4277720740517634,12.455207040369428,4.06,5.688809202722728,1.1710747195878757,4.857767918279999
2022-01-01 17:59:14.583333,2022-01-01 17:41:00,2022-01-01 18:17:00,2160.0,R,R08,S1P,3,1,199.7673484963717,209.7385703274536,204.3143042509973,2.1325634937349847,14.906211703851634,12.773648210116647,4.140000000000001,6.892012265886756,1.4446415506752388,4.770742100464552
2022-01-01 18:33:45.000000,2022-01-01 18:15:30,2022-01-01 18:52:00,2190.0,R,R17,S1C,4,-1,151.3302992437896,161.90537545427085,157.131306451368,14.85964035275224,2.154842262385968,12.704798090366271,4.159999999999999,19.44819234364326,3.994352733798278,4.8689221107295
2022-01-01 18:33:45.000000,2022-01-01 18:15:30,2022-01-01 18:52:00,2190.0,R,R17,S1P,4,-1,151.3302992437896,161.90537545427085,157.131306451368,14.85964035275224,2.154842262385968,12.704798090366271,4.159999999999999,16.003955449098658,2.6888134691653303,5.952051204975054
2022-01-01 18:48:30.355029,2022-01-01 18:06:30,2022-01-01 19:31:00,5070.0,E,E13,S1X,4,-1,130.1253646265665,153.82769354091866,142.9880007677322,12.483471886731063,2.0714381635774286,10.412033723153638,4.17,10.08001561970128,1.6641583973669414,6.057125112399183
2022-01-01 18:55:58.767123,2022-01-01 18:36:30,2022-01-01 19:14:00,2250.0,G,G24,S1C,4,1,235.69021251025669,230.3125237955892,232.66504347483183,2.0116114503297684,14.895195304203217,12.883583853873446,4.13,5.154074320941474,1.22107065717435,4.220946831093618
2022-01-01 19:02:45.714285,2022-01-01 18:42:00,2022-01-01 19:24:30,2550.0,C,C30,S1X,4,-1,139.92254572026997,146.08275905393006,143.43348453333462,14.976695440793504,2.095180446442184,12.88151499435132,3.8800000000000017,6.3772743873871525,1.474824186012749,4.324091269908172
2022-01-01 19:02:45.714285,2022-01-01 18:42:00,2022-01-01 19:24:30,2550.0,C,C30,S2I,4,-1,139.92254572026997,146.08275905393006,143.43348453333462,14.976695440793504,2.095180446442184,12.88151499435132,4.180000000000001,8.96803827114006,1.823380448277265,4.918358250256049
2022-01-01 19:06:59.340659,2022-01-01 18:43:30,2022-01-01 19:29:30,2760.0,C,C24,S1X,1,1,252.52597190243443,241.1490053952846,246.56842878889276,2.0863274654075905,14.956822638911587,12.870495173503995,4.18,8.496067415388511,1.5651785483756353,5.428177778315357
2022-01-01 19:06:59.340659,2022-01-01 18:43:30,2022-01-01 19:29:30,2760.0,C,C24,S2I,1,1,252.52597190243443,241.1490053952846,246.56842878889276,2.0863274654075905,14.956822638911587,12.870495173503995,4.080000000000001,9.856542425496638,1.927084214639457,5.114744000609607
2022-01-01 19:08:52.941176,2022-01-01 18:43:30,2022-01-01 19:35:30,3120.0,G,G21,S1C,4,-1,130.05398421563268,148.89224994075383,139.78164045604802,11.038960840840478,2.097676606290982,8.941284234549496,4.15,7.914252812301075,1.59271426063148,4.969034941121974
2022-01-01 19:31:45.000000,2022-01-01 18:48:30,2022-01-01 20:15:00,5190.0,C,C14,S2I,4,-1,237.66609623678448,269.80017595006257,254.2183041921156,14.631040520097988,3.604160689497049,11.026879830600937,4.249999999999999,6.276123041213706,1.3159248041282685,4.769362976915167
2022-01-01 19:42:10.081967,2022-01-01 19:11:30,2022-01-01 20:12:30,3660.0,R,R01,S1C,3,1,196.04828433612104,222.13589795869825,208.4180178543894,2.1235561759267507,11.031679803104678,8.908123627177927,4.430000000000001,11.018442635313756,2.715397480630212,4.057764181454755
2022-01-01 19:42:10.081967,2022-01-01 19:11:30,2022-01-01 20:12:30,3660.0,R,R01,S1P,3,1,196.04828433612104,222.13589795869825,208.4180178543894,2.1235561759267507,11.031679803104678,8.908123627177927,4.430000000000001,10.112859139511682,2.062499352877202,4.903205969691175
2022-01-01 20:11:30.000000,2022-01-01 19:57:00,2022-01-01 20:26:00,1740.0,R,R18,S1C,4,-1,152.8926651106887,155.88048886127905,154.70291249609133,14.839916096490716,2.1253477281400683,12.714568368350646,4.300000000000001,15.472909464861972,2.8512811422283857,5.426651632384908
2022-01-01 20:11:30.000000,2022-01-01 19:57:00,2022-01-01 20:26:00,1740.0,R,R18,S1P,4,-1,152.8926651106887,155.88048886127905,154.70291249609133,14.839916096490716,2.1253477281400683,12.714568368350646,4.300000000000001,12.002774115727307,2.102660780639024,5.708373992727215
2022-01-01 20:13:45.000000,2022-01-01 19:46:30,2022-01-01 20:41:00,3270.0,G,G01,S1C,4,-1,134.88902079899225,150.8855749940588,143.6608308927515,14.953907517443351,2.186717730310791,12.767189787132562,4.33,5.87726262116454,1.3452405601522326,4.368930580341294
2022-01-01 20:33:15.000000,2022-01-01 20:15:30,2022-01-01 20:51:00,2130.0,R,R11,S1C,5,1,234.9585575531929,224.2135700752553,229.44968025654416,2.0507075060321065,14.978261671207983,12.927554165175875,4.410000000000001,17.77950483825672,4.148175733293776,4.286102128112894
2022-01-01 20:33:15.000000,2022-01-01 20:15:30,2022-01-01 20:51:00,2130.0,R,R11,S1P,5,1,234.9585575531929,224.2135700752553,229.44968025654416,2.0507075060321065,14.978261671207983,12.927554165175875,4.380000000000001,13.581556664853698,3.1453136197298504,4.318029394480609
2022-01-01 20:44:15.000000,2022-01-01 20:13:00,2022-01-01 21:15:30,3750.0,R,R01,S1C,4,-1,222.3777714913021,251.1817596525418,237.1681147894628,11.030479340757234,2.122615187975947,8.907864152781286,4.4,11.85100888187532,2.257818829964169,5.248875031334287
2022-01-01 20:44:15.000000,2022-01-01 20:13:00,2022-01-01 21:15:30,3750.0,R,R01,S1P,4,-1,222.3777714913021,251.1817596525418,237.1681147894628,11.030479340757234,2.122615187975947,8.907864152781286,4.390000000000001,9.987991333314673,1.6652262284851973,5.997978630447364
2022-01-01 21:22:45.000000,2022-01-01 21:04:00,2022-01-01 21:41:30,2250.0,C,C29,S1X,4,-1,136.4862141698128,133.88092915843947,135.47039885992072,14.871332371167687,2.1931211058912385,12.678211265276447,4.45,8.51569270590313,1.7386803460436822,4.897790859188318
2022-01-01 21:22:45.000000,2022-01-01 21:04:00,2022-01-01 21:41:30,2250.0,C,C29,S2I,4,-1,136.4862141698128,133.88092915843947,135.47039885992072,14.871332371167687,2.1931211058912385,12.678211265276447,4.44,10.396048146092696,1.8630988388915173,5.5799767189367175
2022-01-01 21:35:24.074074,2022-01-01 21:14:30,2022-01-01 21:55:30,2460.0,G,G25,S1C,5,1,250.9182160223098,240.3815955724847,245.42409551938343,2.2459289255401944,14.874050142315076,12.628121216774884,4.37,5.543154751978522,1.2332898083068362,4.494608416158592
2022-01-01 21:39:00.000000,2022-01-01 21:17:30,2022-01-01 22:00:30,2580.0,E,E26,S1X,4,-1,142.40609863783365,145.12552596023872,144.20334741169302,14.928503949327563,2.2708829623240523,12.657620987003511,4.260000000000002,9.870184943893364,2.15108423245638,4.58846975630626
2022-01-01 21:47:30.000000,2022-01-01 21:29:00,2022-01-01 22:06:00,2220.0,C,C25,S1X,4,1,226.3072689230904,224.1803387676889,224.96098719295847,2.424324315152464,14.851098243596956,12.42677392844449,4.52,6.736261606558061,1.3869790181005903,4.8567869583082
2022-01-01 21:47:30.000000,2022-01-01 21:29:00,2022-01-01 22:06:00,2220.0,C,C25,S2I,4,1,226.3072689230904,224.1803387676889,224.96098719295847,2.424324315152464,14.851098243596956,12.42677392844449,4.58,8.24614843471355,1.887610933373841,4.3685636107090735
2022-01-01 22:30:45.000000,2022-01-01 22:16:00,2022-01-01 22:45:30,1770.0,R,R12,S1P,5,1,217.1393426623844,213.57419217847956,215.1413684037544,2.007579982164299,14.840369256685388,12.83278927452109,4.49,14.125905606636596,3.0101817220799383,4.692708584010687
2022-01-01 23:40:45.000000,2022-01-01 23:22:00,2022-01-01 23:59:30,2250.0,G,G31,S1C,5,1,212.1607714890109,221.6904420007129,216.5299365407376,2.442997581906246,12.51076634453229,10.067768762626043,4.54,10.199477686590726,1.960146847119391,5.203425295191408
2022-01-01 23:43:05.084745,2022-01-01 23:28:30,2022-01-01 23:58:30,1800.0,R,R20,S1C,5,-1,140.40824830420186,132.14694148459216,136.51766474586086,14.996714924446024,3.3843565376840097,11.612358386762017,4.619999999999999,4.8645983302263165,1.1867289103957517,4.099165603544677
2022-01-01 23:43:05.084745,2022-01-01 23:28:30,2022-01-01 23:58:30,1800.0,R,R20,S1P,5,-1,140.40824830420186,132.14694148459216,136.51766474586086,14.996714924446024,3.3843565376840097,11.612358386762017,4.65,4.132035842670464,0.9533632833293862,4.334167168930974
2022-01-01 23:48:09.782608,2022-01-01 23:36:30,2022-01-01 23:59:30,1380.0,C,C23,S2I,5,1,215.5953659709248,217.90920324196352,216.6360918585912,2.1268465989620977,9.351423159836283,7.224576560874185,4.45,14.38513848796668,2.824634049258805,5.092744135029243
2022-01-01 23:48:25.333333,2022-01-01 23:37:00,2022-01-01 23:59:30,1350.0,C,C23,S1X,5,1,215.62880981778852,217.90920324196352,216.6592194213908,2.2871568079754114,9.351423159836283,7.064266351860872,4.55,9.504500556652864,2.0727049860843345,4.585553959904519
2022-01-02 00:10:45.000000,2022-01-02 00:00:00,2022-01-02 00:21:30,1290.0,E,E33,S1X,1,-1,133.37021883510684,130.0844771455168,131.79315490374114,9.261017665819102,3.142771109496276,6.118246556322826,4.560000000000001,13.38142708529294,2.9730497477710887,4.500909241537269
2022-01-02 00:13:48.214285,2022-01-02 00:00:00,2022-01-02 00:28:00,1680.0,G,G06,S1C,1,-1,136.3308030829256,133.46036867934956,135.0790605197792,12.797355665591498,2.243700819273288,10.55365484631821,4.540000000000002,7.412329635106664,1.7416948744216374,4.25581411759512
2022-01-02 00:41:00.000000,2022-01-02 00:13:30,2022-01-02 01:08:30,3300.0,R,R05,S1C,2,-1,141.78823542292724,165.54534369929988,154.22739827393733,9.55699530303425,2.0504275783157837,7.506567724718467,4.5200000000000005,23.45262401446901,4.358618110226197,5.380747618022424
2022-01-02 00:41:00.000000,2022-01-02 00:13:30,2022-01-02 01:08:30,3300.0,R,R05,S1P,2,-1,141.78823542292724,165.54534369929988,154.22739827393733,9.55699530303425,2.0504275783157837,7.506567724718467,4.5200000000000005,21.178660882392148,3.670017405995061,5.770724914763701
2022-01-02 01:13:30.000000,2022-01-02 00:56:00,2022-01-02 01:31:00,2100.0,G,G26,S1C,1,1,220.42177228423984,222.3794608099983,221.06176117213803,2.331113726718347,14.96346228135232,12.632348554633973,4.68,6.653333988142817,1.646543138058852,4.04078935702018
2022-01-02 02:00:58.000000,2022-01-02 01:42:00,2022-01-02 02:19:30,2250.0,R,R14,S1C,1,1,200.0473390472766,210.8270650908865,204.96342457870423,2.1511239691407806,14.994854830324048,12.843730861183268,4.72,16.137635555940477,3.4658945212701253,4.656124257938068
2022-01-02 02:00:58.000000,2022-01-02 01:42:00,2022-01-02 02:19:30,2250.0,R,R14,S1P,1,1,200.0473390472766,210.8270650908865,204.96342457870423,2.1511239691407806,14.994854830324048,12.843730861183268,4.75,13.203377713250037,2.602280209269599,5.073772480848987
2022-01-02 02:24:00.000000,2022-01-02 02:00:00,2022-01-02 02:48:00,2880.0,C,C22,S1X,2,-1,138.3865840883657,148.44304488253326,144.02199194829583,14.92127598529728,2.1820060813539626,12.739269903943317,4.62,8.948325685873085,1.3490622065704494,6.632997086636416
2022-01-02 02:24:15.000000,2022-01-02 02:00:00,2022-01-02 02:48:30,2910.0,C,C22,S2I,2,-1,138.3865840883657,148.50991833878297,144.06780152094709,14.92127598529728,2.0312467956488707,12.89002918964841,4.67,9.225765737022632,1.9288923829485265,4.782934402447078
2022-01-02 02:25:15.000000,2022-01-02 01:48:00,2022-01-02 03:02:30,4470.0,C,C37,S1X,1,1,210.95322522672996,234.87502087237695,222.09187730547183,2.2194661493290044,10.9318163504252,8.712350201096196,4.51,7.714178143137262,1.4264223189045917,5.408060460706543
2022-01-02 02:25:15.000000,2022-01-02 01:48:00,2022-01-02 03:02:30,4470.0,C,C37,S2I,1,1,210.95322522672996,234.87502087237695,222.09187730547183,2.2194661493290044,10.9318163504252,8.712350201096196,4.590000000000001,9.638236177703352,1.7752850583653412,5.429120316360974
2022-01-02 02:33:15.000000,2022-01-02 02:10:30,2022-01-02 02:56:00,2730.0,C,C28,S1X,1,1,258.5867584008395,245.88550534687187,252.1514839356819,2.767884141249121,14.945529801802156,12.177645660553036,4.65,8.675925380095917,1.7301487055891458,5.014554732820849
2022-01-02 02:33:15.000000,2022-01-02 02:10:30,2022-01-02 02:56:00,2730.0,C,C28,S2I,1,1,258.5867584008395,245.88550534687187,252.1514839356819,2.767884141249121,14.945529801802156,12.177645660553036,4.65,10.425846641128892,1.8558668097388111,5.617777410759446
2022-01-02 02:40:25.890411,2022-01-02 02:21:30,2022-01-02 02:58:30,2220.0,G,G16,S1C,1,1,214.6358854248151,219.6737658447807,216.792801732858,2.4172233478508343,14.955579193912245,12.538355846061409,4.69,5.366009126138724,1.206793074302994,4.446503083586192
2022-01-02 02:45:47.571428,2022-01-02 02:28:30,2022-01-02 03:03:30,2100.0,G,G20,S1C,2,-1,136.61097447424714,136.49535854771295,136.86500425196363,14.948860438653975,2.009497781389113,12.939362657264864,4.62,7.874465317037479,1.7509710189851388,4.497199115038187
2022-01-02 03:42:30.000000,2022-01-02 03:03:00,2022-01-02 04:22:00,4740.0,C,C37,S1X,2,-1,235.0616004429039,263.67071381010135,249.66377817967407,10.931193874711129,2.064124453842414,8.867069420868715,4.630000000000001,8.997048834561838,1.7224742091759049,5.223328620325966
2022-01-02 03:42:30.000000,2022-01-02 03:03:00,2022-01-02 04:22:00,4740.0,C,C37,S2I,2,-1,235.0616004429039,263.67071381010135,249.66377817967407,10.931193874711129,2.064124453842414,8.867069420868715,4.569999999999999,10.387508721650534,1.8967371144437093,5.476514717062974
2022-01-02 03:44:45.000000,2022-01-02 03:27:30,2022-01-02 04:02:00,2070.0,G,G27,S1C,1,1,229.03604068947385,225.1390575671051,226.85773933090425,2.358081262161495,14.821123130915115,12.463041868753622,4.88,5.821518674418989,1.2644572203096829,4.60396649322246
2022-01-02 03:49:45.000000,2022-01-02 03:20:30,2022-01-02 04:19:00,3510.0,R,R15,S1C,1,1,195.8901392859297,221.05439733987444,207.81261266670924,2.202379878755981,10.431189223403528,8.228809344647546,4.64,14.739922503494352,3.364525773733398,4.380980707167658
2022-01-02 03:49:45.000000,2022-01-02 03:20:30,2022-01-02 04:19:00,3510.0,R,R15,S1P,1,1,195.8901392859297,221.05439733987444,207.81261266670924,2.202379878755981,10.431189223403528,8.228809344647546,4.69,12.247166087637138,2.456826713141318,4.984953160159113
2022-01-02 04:00:15.000000,2022-01-02 03:43:00,2022-01-02 04:17:30,2070.0,G,G05,S1C,2,-1,135.08137858278826,132.14453082467645,133.86238256310958,14.855937532366914,2.095190663084817,12.760746869282098,4.7,7.89984489415418,1.5261500607464984,5.176322497599
2022-01-02 04:22:15.000000,2022-01-02 04:07:30,2022-01-02 04:37:00,1770.0,R,R07,S1C,2,-1,151.10725168141755,153.49182299204188,152.61578929771977,14.980652104012238,2.066273417574012,12.914378686438226,4.72,17.381953625558968,4.269849559152624,4.070858559477799
2022-01-02 04:22:15.000000,2022-01-02 04:07:30,2022-01-02 04:37:00,1770.0,R,R07,S1P,2,-1,151.10725168141755,153.49182299204188,152.61578929771977,14.980652104012238,2.066273417574012,12.914378686438226,4.739999999999999,14.064610084567434,3.212762843281865,4.377730561089381
2022-01-02 04:33:45.000000,2022-01-02 04:16:00,2022-01-02 04:51:30,2130.0,R,R17,S1C,1,1,234.84528796234972,223.70570785819427,229.1446244092544,2.118220158047592,14.95040927300492,12.832189114957329,4.819999999999999,14.376572605350004,3.26748671610872,4.399887085836786
2022-01-02 04:33:45.000000,2022-01-02 04:16:00,2022-01-02 04:51:30,2130.0,R,R17,S1P,1,1,234.84528796234972,223.70570785819427,229.1446244092544,2.118220158047592,14.95040927300492,12.832189114957329,4.83,11.23711387314447,2.443561491869871,4.598662202908414
2022-01-02 04:39:30.000000,2022-01-02 04:20:30,2022-01-02 04:58:30,2280.0,C,C21,S1X,2,-1,139.06465056311055,139.04906154998451,139.4016182155422,14.985101003517965,2.037611006204898,12.947489997313063,4.73,7.804925348438904,1.4427289404086094,5.409834882932614
2022-01-02 04:39:30.000000,2022-01-02 04:20:30,2022-01-02 04:58:30,2280.0,C,C21,S2I,2,-1,139.06465056311055,139.04906154998451,139.4016182155422,14.985101003517965,2.037611006204898,12.947489997313063,4.720000000000001,10.268734423077102,1.916490329663392,5.358093523425541
2022-01-02 04:49:45.000000,2022-01-02 04:19:30,2022-01-02 05:20:00,3630.0,R,R15,S1C,2,-1,221.29533419944696,249.1724953795077,235.584545206,10.430222820860042,2.0718434108879045,8.358379409972137,4.68,19.284948796842823,3.8413998020494513,5.020292026503979
2022-01-02 04:49:45.000000,2022-01-02 04:19:30,2022-01-02 05:20:00,3630.0,R,R15,S1P,2,-1,221.29533419944696,249.1724953795077,235.584545206,10.430222820860042,2.0718434108879045,8.358379409972137,4.68,14.998080119318631,2.740070129395596,5.473611773077832
2022-01-02 04:49:48.461538,2022-01-02 04:24:00,2022-01-02 05:16:30,3150.0,G,G13,S1C,2,-1,134.4348086040659,149.32196960074117,142.50372618774085,14.938401935196746,2.0520750187686385,12.886326916428107,4.7700000000000005,7.686080132466409,1.5086896035081725,5.094540397570106
2022-01-02 05:04:45.000000,2022-01-02 04:45:00,2022-01-02 05:24:30,2370.0,C,C27,S2I,1,1,231.8612811298144,226.67706892855156,229.0087952615593,2.0290165405576337,14.94186727670766,12.912850736150029,4.819999999999999,10.855624116862032,2.4483307586072844,4.433887896354811
2022-01-02 05:51:15.000000,2022-01-02 05:29:00,2022-01-02 06:13:30,2670.0,E,E04,S1X,2,-1,139.83259651452298,142.14901179114128,141.43866457633675,14.94727939169568,2.0811610365081634,12.866118355187515,4.83,9.12883974778512,1.6037579997024587,5.692155393443881
2022-01-02 06:00:00.000000,2022-01-02 05:45:30,2022-01-02 06:14:30,1740.0,R,R08,S1C,2,-1,147.01752408103593,143.84278741973668,145.64597476959375,14.896084586076595,2.165556324596308,12.73052826148029,4.8100000000000005,16.827669640276458,4.119561901795717,4.08482019239504
2022-01-02 06:00:00.000000,2022-01-02 05:45:30,2022-01-02 06:14:30,1740.0,R,R08,S1P,2,-1,147.01752408103593,143.84278741973668,145.64597476959375,14.896084586076595,2.165556324596308,12.73052826148029,4.8100000000000005,15.678653680312772,3.1892704629651862,4.91606273672247
2022-01-02 06:01:34.109589,2022-01-02 05:43:30,2022-01-02 06:20:30,2220.0,G,G15,S1C,2,-1,137.271771714673,140.1595648896811,139.06054717639756,14.89404447757567,2.002916293024082,12.891128184551588,4.930000000000001,7.212962671167592,1.418114615931557,5.086304442627445
2022-01-02 06:21:00.000000,2022-01-02 06:06:00,2022-01-02 06:36:00,1800.0,R,R18,S1C,1,1,217.50549563112776,212.93438978340544,215.01217680802253,2.0102404148933264,14.989506224959412,12.979265810066089,4.8100000000000005,15.671287988433116,3.7092436014268007,4.224928225907025
2022-01-02 06:21:00.000000,2022-01-02 06:06:00,2022-01-02 06:36:00,1800.0,R,R18,S1P,1,1,217.50549563112776,212.93438978340544,215.01217680802253,2.0102404148933264,14.989506224959412,12.979265810066089,4.73,13.414378998400716,3.0959392834695354,4.332894727627728
2022-01-02 07:20:15.000000,2022-01-02 07:01:00,2022-01-02 07:39:30,2310.0,C,C30,S2I,1,1,216.6255715702757,219.80267775604847,217.8216657037476,2.2963395487093576,14.845724971620028,12.549385422910673,4.82,8.395598165472158,1.871939032724788,4.484974146434436
2022-01-02 07:20:28.051948,2022-01-02 07:01:00,2022-01-02 07:39:30,2310.0,C,C30,S1X,1,1,216.6255715702757,219.80267775604847,217.8363269308772,2.2963395487093576,14.845724971620028,12.549385422910673,4.83,5.6184876705351,1.1354558243559294,4.948222158904424
2022-01-02 07:36:20.186916,2022-01-02 07:09:30,2022-01-02 08:05:30,3360.0,G,G24,S1C,3,-1,130.04707865054098,147.27042451415596,138.99128246551354,12.924042163258122,2.0286474068583558,10.895394756399767,4.73,4.843880641387889,1.1843714630702042,4.089832280179453
2022-01-02 08:19:45.000000,2022-01-02 07:57:30,2022-01-02 08:42:00,2670.0,G,G03,S1C,1,1,266.28492353117394,252.3776132944211,259.3196728987952,2.0656065753810564,14.960616240183525,12.895009664802467,4.73,6.51926072880624,1.582840076199715,4.1187109341194565
2022-01-02 08:38:45.000000,2022-01-02 08:10:30,2022-01-02 09:07:00,3390.0,R,R11,S1C,3,-1,140.54364364110808,164.87279135891706,153.3142973582793,10.002534503171768,2.117106998876958,7.885427504294809,4.609999999999999,21.7704690241728,4.015460345975564,5.421662063228175
2022-01-02 08:38:45.000000,2022-01-02 08:10:30,2022-01-02 09:07:00,3390.0,R,R11,S1P,3,-1,140.54364364110808,164.87279135891706,153.3142973582793,10.002534503171768,2.117106998876958,7.885427504294809,4.619999999999999,18.011235022577015,2.9363293293069908,6.133928794297704
2022-01-02 09:23:55.609756,2022-01-02 08:52:30,2022-01-02 09:54:30,3720.0,G,G17,S1C,1,1,209.43925993966275,233.22641379899423,220.89639211900484,2.168181818598037,9.557122322155063,7.388940503557026,4.21,8.005185828567067,1.8566392890837324,4.311653790606626
2022-01-02 09:24:00.000000,2022-01-02 08:51:30,2022-01-02 09:56:30,3900.0,C,C24,S1X,3,-1,130.02387902587864,148.82162218446385,140.2672645540542,13.48284730281741,2.096999239761028,11.385848063056384,4.6400000000000015,8.296654629660464,1.5685214972394168,5.289474606667807
2022-01-02 09:24:00.000000,2022-01-02 08:51:30,2022-01-02 09:56:30,3900.0,C,C24,S2I,3,-1,130.02387902587864,148.82162218446385,140.2672645540542,13.48284730281741,2.096999239761028,11.385848063056384,4.65,8.276769413840602,1.6797512305395563,4.927378092279774
2022-01-02 09:49:00.000000,2022-01-02 09:24:30,2022-01-02 10:13:30,2940.0,C,C20,S1X,1,1,267.3166769425551,252.6598212007163,259.963866015701,2.3442820777058992,14.96226379504526,12.617981717339362,4.630000000000001,8.061580673964766,1.7105233912516782,4.71293214415834
2022-01-02 09:49:00.000000,2022-01-02 09:24:30,2022-01-02 10:13:30,2940.0,C,C20,S2I,1,1,267.3166769425551,252.6598212007163,259.963866015701,2.3442820777058992,14.96226379504526,12.617981717339362,4.56,9.539404462993655,2.1449442741089486,4.447390348617104
2022-01-02 09:52:22.941176,2022-01-02 09:38:30,2022-01-02 10:05:00,1590.0,R,R20,S1P,2,1,200.17443375344965,206.93772360020836,203.42289430760584,4.8772807048384745,14.925887044939708,10.048606340101232,4.590000000000001,3.176150726849284,0.7788971820587683,4.077753521272389
2022-01-02 09:58:45.000000,2022-01-02 09:15:30,2022-01-02 10:42:00,5190.0,C,C29,S2I,1,1,209.8702956825289,237.16279760560823,222.1938348976659,2.170213088795484,14.284842874983008,12.114629786187525,4.48,8.75454768378639,1.6237155099151936,5.391675838733374
2022-01-02 09:59:00.000000,2022-01-02 09:16:00,2022-01-02 10:42:00,5160.0,C,C29,S1X,1,1,209.97616518048244,237.16279760560823,222.26521444637496,2.296324591367447,14.284842874983008,11.988518283615562,4.4300000000000015,6.689499689356014,1.2576720949740536,5.31895373689914
2022-01-02 10:16:00.000000,2022-01-02 09:53:30,2022-01-02 10:38:30,2700.0,R,R05,S1C,3,1,268.0168603342746,249.12248231368972,258.6280809642472,2.1312921372341704,14.962174009323542,12.830881872089371,4.410000000000001,11.71438486703722,2.683129395799425,4.365941085575926
2022-01-02 10:16:00.000000,2022-01-02 09:53:30,2022-01-02 10:38:30,2700.0,R,R05,S1P,3,1,268.0168603342746,249.12248231368972,258.6280809642472,2.1312921372341704,14.962174009323542,12.830881872089371,4.460000000000001,10.39342309724753,2.388097279910925,4.352177436270602
2022-01-02 10:32:00.000000,2022-01-02 10:13:30,2022-01-02 10:50:30,2220.0,R,R12,S1C,4,-1,149.72320997083327,160.38368443958382,155.57264149159622,14.863987971866733,2.133347055535945,12.730640916330788,4.54,20.412052015216748,3.6546862816835466,5.585172143917603
2022-01-02 10:32:00.000000,2022-01-02 10:13:30,2022-01-02 10:50:30,2220.0,R,R12,S1P,4,-1,149.72320997083327,160.38368443958382,155.57264149159622,14.863987971866733,2.133347055535945,12.730640916330788,4.550000000000001,15.244710756143997,2.7567676228257154,5.529922301001928
2022-01-02 11:20:40.609756,2022-01-02 10:59:30,2022-01-02 11:41:00,2490.0,G,G06,S1C,2,1,210.70092282636907,220.77209024762303,215.30110550748773,2.568814687292573,14.923320688389335,12.354506001096764,4.129999999999999,6.542471985649292,1.464991052865213,4.465878459021028
2022-01-02 11:51:00.000000,2022-01-02 11:20:30,2022-01-02 12:21:30,3660.0,R,R21,S1C,2,1,193.41670311085588,219.76849288664235,205.8223845213896,2.087306187611008,11.330204373503586,9.242898185892578,4.04,16.750098404350968,3.2999048031667564,5.075933823386881
2022-01-02 11:51:00.000000,2022-01-02 11:20:30,2022-01-02 12:21:30,3660.0,R,R21,S1P,2,1,193.41670311085588,219.76849288664235,205.8223845213896,2.087306187611008,11.330204373503586,9.242898185892578,4.04,13.631786750060158,2.171438852674024,6.277766805762576
2022-01-02 12:00:00.000000,2022-01-02 11:40:30,2022-01-02 12:19:30,2340.0,C,C25,S1X,4,-1,138.86468933487225,141.0747819791928,140.356037321111,14.884495702186632,2.0597930603314563,12.824702641855176,4.23,7.675731009801,1.6242595873159675,4.725679977351945
2022-01-02 12:00:00.000000,2022-01-02 11:40:30,2022-01-02 12:19:30,2340.0,C,C25,S2I,4,-1,138.86468933487225,141.0747819791928,140.356037321111,14.884495702186632,2.0597930603314563,12.824702641855176,4.22,8.768237907747599,1.8171041524010496,4.825390936541307
2022-01-02 12:22:14.250000,2022-01-02 12:01:30,2022-01-02 12:42:00,2430.0,C,C19,S1X,2,1,237.3049125783733,230.08136559153664,233.3796404193712,2.132608464294373,14.850627070670551,12.718018606376178,4.02,7.672586198728395,1.3542127258981222,5.665717100420754
2022-01-02 12:22:14.250000,2022-01-02 12:01:30,2022-01-02 12:42:00,2430.0,C,C19,S2I,2,1,237.3049125783733,230.08136559153664,233.3796404193712,2.132608464294373,14.850627070670551,12.718018606376178,4.02,7.335080810428657,1.6982555687974072,4.319185489627381
2022-01-02 12:29:00.000000,2022-01-02 12:12:00,2022-01-02 12:46:00,2040.0,G,G31,S1C,4,-1,133.64914095775993,130.04603955064195,132.0753780002031,14.845514826297771,2.221599562095426,12.623915264202346,4.05,10.165914894887692,1.8830568471866345,5.398623472295057
2022-01-02 12:53:30.000000,2022-01-02 12:22:00,2022-01-02 13:25:00,3780.0,R,R21,S1C,3,-1,220.01342546804327,249.26629914169777,235.0692675360345,11.329629985245688,2.047937026961315,9.281692958284374,3.8800000000000017,13.492001991687282,2.8097010620010385,4.80193504360867
2022-01-02 12:53:30.000000,2022-01-02 12:22:00,2022-01-02 13:25:00,3780.0,R,R21,S1P,3,-1,220.01342546804327,249.26629914169777,235.0692675360345,11.329629985245688,2.047937026961315,9.281692958284374,3.8800000000000017,12.115788577358524,2.2638870115090235,5.351763809662297
2022-01-02 13:09:50.666666,2022-01-02 12:33:30,2022-01-02 13:43:30,4200.0,G,G11,S1C,2,1,210.58024948020687,235.9420490301389,222.9277131780442,2.103583973630092,10.899340806123616,8.795756832493524,3.72,6.833127164045648,1.464310393172938,4.666447220414314
2022-01-02 13:09:50.666666,2022-01-02 12:33:30,2022-01-02 13:43:30,4200.0,G,G11,S1X,2,1,210.58024948020687,235.9420490301389,222.9277131780442,2.103583973630092,10.899340806123616,8.795756832493524,3.77,9.439644504482263,1.6309374385638298,5.787864256028497
2022-01-02 13:41:30.000000,2022-01-02 13:03:30,2022-01-02 14:19:30,4560.0,E,E26,S1X,2,-1,244.63922412697565,268.9961115181709,257.27983891530727,14.988025421075829,2.064215962367061,12.923809458708766,3.929999999999999,7.046313594012612,1.652868591460816,4.263081548294794
2022-01-02 13:57:00.000000,2022-01-02 13:39:30,2022-01-02 14:14:30,2100.0,G,G26,S1C,4,-1,138.01105377508483,142.03151641902372,140.37987501347467,14.960854455940112,2.6991545060544357,12.261699949885676,3.96,6.609806859999206,1.1565320423438998,5.715195617583893
2022-01-02 13:58:52.602739,2022-01-02 13:38:00,2022-01-02 14:17:00,2340.0,G,G20,S1C,3,1,215.56998050112375,222.26227019412724,218.67380881933408,2.1062082780348126,14.900404900905876,12.794196622871064,3.91,5.275890092678036,1.1355243932367107,4.646214668836469
2022-01-02 14:00:46.034482,2022-01-02 13:46:30,2022-01-02 14:16:00,1770.0,R,R14,S1C,4,-1,146.23349397724857,142.82988337629058,144.8112893870837,14.849993901136122,2.026376903258983,12.82361699787714,3.91,20.103039638711817,3.921438065949527,5.126445783568462
2022-01-02 14:00:46.034482,2022-01-02 13:46:30,2022-01-02 14:16:00,1770.0,R,R14,S1P,4,-1,146.23349397724857,142.82988337629058,144.8112893870837,14.849993901136122,2.026376903258983,12.82361699787714,3.93,16.507480012298217,3.479527276936612,4.744173187465701
2022-01-02 14:14:30.000000,2022-01-02 13:53:00,2022-01-02 14:36:00,2580.0,E,E25,S1X,4,-1,140.60059787484326,141.16603312795812,141.29035544002454,14.9067474386699,2.008587070090716,12.898160368579186,3.9499999999999993,9.187383170276297,1.6339077511612388,5.622950967548019
2022-01-02 14:20:32.448979,2022-01-02 13:44:00,2022-01-02 14:58:00,4440.0,G,G11,S1X,3,-1,236.1498805566829,265.8708186119367,251.1495586102453,10.898563077349472,2.100385517934287,8.798177559415185,3.88,10.115302061761264,2.155260052210274,4.693309306868915
2022-01-02 14:33:30.000000,2022-01-02 14:19:00,2022-01-02 14:48:00,1740.0,R,R07,S1C,3,1,216.48982114601435,213.1687316543012,214.61631410514812,2.187167868190614,14.89994515878176,12.712777290591143,3.810000000000001,16.869491919173843,3.3725985016368463,5.001927122658229
2022-01-02 14:33:30.000000,2022-01-02 14:19:00,2022-01-02 14:48:00,1740.0,R,R07,S1P,3,1,216.48982114601435,213.1687316543012,214.61631410514812,2.187167868190614,14.89994515878176,12.712777290591143,3.830000000000001,13.466943362785951,2.726171107676367,4.939874582657582
2022-01-02 14:42:00.000000,2022-01-02 14:23:00,2022-01-02 15:01:00,2280.0,C,C22,S1X,3,1,219.91246142066677,220.52407534469887,219.86439256523076,2.0576321963457285,14.93098817962257,12.87335598327684,3.87,8.91434986516028,1.7290069902613674,5.155762767513584
2022-01-02 14:42:00.000000,2022-01-02 14:23:00,2022-01-02 15:01:00,2280.0,C,C22,S2I,3,1,219.91246142066677,220.52407534469887,219.86439256523076,2.0576321963457285,14.93098817962257,12.87335598327684,3.81,9.958325117773889,2.0501742492938457,4.857306700249452
2022-01-02 15:10:43.666666,2022-01-02 14:47:30,2022-01-02 15:33:00,2730.0,G,G05,S1C,3,1,212.21451670229,223.1762098867184,217.19651277948992,2.103712671261585,14.898549724594425,12.79483705333284,3.94,7.474425743294714,1.7686707303481437,4.226013138026802
2022-01-02 15:28:01.791044,2022-01-02 15:11:30,2022-01-02 15:45:30,2040.0,G,G16,S1C,4,-1,139.03149693228085,139.17710028971723,139.40960469501343,14.865570098563936,2.118886038274459,12.746684060289477,3.88,5.64901147583515,1.3460195161522637,4.196827317915446
2022-01-02 16:00:45.000000,2022-01-02 15:43:00,2022-01-02 16:18:30,2130.0,G,G13,S1C,3,1,231.06541772951323,226.480173578383,228.5435884219988,2.035897476427836,14.82359247562752,12.787694999199685,3.96,8.691145282969343,2.027510822402997,4.286608577836657
2022-01-02 16:11:30.000000,2022-01-02 15:57:00,2022-01-02 16:26:00,1740.0,R,R08,S1P,3,1,206.7172831257569,208.9285752921644,207.518348561665,2.175854078346005,14.938213490085756,12.762359411739752,3.94,7.7414912482192575,1.6509599485418656,4.689084829136269
2022-01-02 16:32:00.631579,2022-01-02 16:08:30,2022-01-02 16:56:00,2850.0,G,G27,S1C,4,-1,136.9578657369987,149.27033383034882,143.69229041210312,14.92328952464073,2.120125711418074,12.803163813222657,3.86,6.079415208919607,1.4450233556171954,4.207139756798588
2022-01-02 16:41:15.000000,2022-01-02 16:12:30,2022-01-02 17:10:00,3450.0,R,R17,S1C,4,-1,141.5351281496229,166.441662830848,154.64180462333312,10.433222648813263,2.108590073776906,8.32463257503636,3.69,18.36320853220473,3.399881883838416,5.401131321501365
2022-01-02 16:41:15.000000,2022-01-02 16:12:30,2022-01-02 17:10:00,3450.0,R,R17,S1P,4,-1,141.5351281496229,166.441662830848,154.64180462333312,10.433222648813263,2.108590073776906,8.32463257503636,3.7,16.400352370902993,3.02396707995873,5.4234559891858405
2022-01-02 16:57:15.000000,2022-01-02 16:24:30,2022-01-02 17:30:00,3930.0,C,C28,S1X,4,-1,130.14420399836288,150.61281535954114,141.1056587567912,11.314599703421914,2.0576935990461074,9.256906104375808,3.71,9.490082826489328,1.5684317579004985,6.050682650798111
2022-01-02 16:57:15.000000,2022-01-02 16:24:30,2022-01-02 17:30:00,3930.0,C,C28,S2I,4,-1,130.14420399836288,150.61281535954114,141.1056587567912,11.314599703421914,2.0576935990461074,9.256906104375808,3.6799999999999993,11.533536435441016,1.8941383532419744,6.0890675782476045
2022-01-02 16:58:30.000000,2022-01-02 16:33:00,2022-01-02 17:24:00,3060.0,C,C21,S1X,3,1,211.0362377524162,222.62310201774707,216.15945537808088,2.092672245196586,14.94061880158788,12.847946556391296,3.98,7.383693769259961,1.5184869970004242,4.862533419018733
2022-01-02 16:58:30.000000,2022-01-02 16:33:00,2022-01-02 17:24:00,3060.0,C,C21,S2I,3,1,211.0362377524162,222.62310201774707,216.15945537808088,2.092672245196586,14.94061880158788,12.847946556391296,4.01,9.063236389957089,1.9669177056442568,4.607837106732667
2022-01-02 17:12:15.000000,2022-01-02 16:53:30,2022-01-02 17:31:00,2250.0,G,G15,S1C,3,1,219.571409180512,222.72116819056544,220.7589798156622,2.149256804816665,14.993284295615258,12.844027490798592,3.9,8.927904414850357,1.8732673286269024,4.765953197611403
2022-01-02 17:45:30.000000,2022-01-02 17:27:30,2022-01-02 18:03:30,2160.0,R,R01,S1C,3,1,200.3052544576596,209.98963092544804,204.65090256783185,2.0785409985188164,14.894417480370862,12.815876481852046,4.17,9.67482361365681,2.174115719276028,4.4500039845526205
2022-01-02 17:45:30.000000,2022-01-02 17:27:30,2022-01-02 18:03:30,2160.0,R,R01,S1P,3,1,200.3052544576596,209.98963092544804,204.65090256783185,2.0785409985188164,14.894417480370862,12.815876481852046,4.15,8.41903540082192,1.5420068656364343,5.459791125733491
2022-01-02 17:47:47.571428,2022-01-02 17:30:30,2022-01-02 18:05:30,2100.0,G,G08,S1C,4,-1,139.9056020279585,144.6280066439779,142.61427062893063,14.867167240565452,2.5906294849652407,12.276537755600213,3.9,4.444307373653544,1.0117887867751605,4.3925248349694925
2022-01-02 18:17:45.000000,2022-01-02 17:55:30,2022-01-02 18:40:00,2670.0,R,R11,S1C,4,1,265.85703576651736,247.42037878803,256.6795728385752,2.138802257199836,14.934722688792103,12.795920431592268,4.050000000000001,14.350859788400152,2.9233127804097507,4.909108558129945
2022-01-02 18:17:45.000000,2022-01-02 17:55:30,2022-01-02 18:40:00,2670.0,R,R11,S1P,4,1,265.85703576651736,247.42037878803,256.6795728385752,2.138802257199836,14.934722688792103,12.795920431592268,4.0600000000000005,11.597024099663122,2.470777905614685,4.693673224659175
2022-01-02 18:24:30.400000,2022-01-02 18:06:00,2022-01-02 18:43:30,2250.0,R,R18,S1C,4,-1,151.3414491332558,162.61108252380686,157.44700815273822,14.89222955168162,2.0858986804531408,12.80633087122848,3.9700000000000006,15.024490600857858,2.725881165285198,5.511792220511529
2022-01-02 18:24:30.400000,2022-01-02 18:06:00,2022-01-02 18:43:30,2250.0,R,R18,S1P,4,-1,151.3414491332558,162.61108252380686,157.44700815273822,14.89222955168162,2.0858986804531408,12.80633087122848,4.040000000000001,12.697912064509136,2.0873120776423733,6.083379768899471
2022-01-02 18:51:28.800000,2022-01-02 18:32:30,2022-01-02 19:10:00,2250.0,G,G24,S1C,4,1,235.6751378690212,230.30492973664877,232.73067622064104,2.0405597709883714,14.926913588505572,12.8863538175172,3.8399999999999994,5.827194545219085,1.3038085551815497,4.469363636295264
2022-01-02 19:04:35.940594,2022-01-02 18:39:30,2022-01-02 19:30:30,3060.0,G,G21,S1C,4,-1,130.1202731901626,148.6445558203662,139.7441483885493,11.018941516784691,2.307898906341041,8.71104261044365,4.030000000000001,8.28914613377013,1.870997698534676,4.430334756831612
2022-01-02 19:20:15.000000,2022-01-02 19:00:00,2022-01-02 19:40:30,2430.0,C,C27,S1X,4,-1,140.27469428343244,145.35938716578357,143.26210269122478,14.911402400995968,2.291708300860469,12.6196941001355,4.01,8.423110820029825,1.5535500815633676,5.4218469813045775
2022-01-02 19:20:15.000000,2022-01-02 19:00:00,2022-01-02 19:40:30,2430.0,C,C27,S2I,4,-1,140.27469428343244,145.35938716578357,143.26210269122478,14.911402400995968,2.291708300860469,12.6196941001355,4.050000000000001,10.3249147536544,1.9179030472680647,5.383439360170791
2022-01-02 19:40:00.000000,2022-01-02 19:18:30,2022-01-02 20:01:30,2580.0,C,C26,S1X,4,1,244.3327036018032,235.30373111717245,239.62626590235288,2.1298420367627244,14.903235142962082,12.773393106199356,4.270000000000001,8.029034757164226,1.6429469757397976,4.886971323921672
2022-01-02 19:40:00.000000,2022-01-02 19:18:30,2022-01-02 20:01:30,2580.0,C,C26,S2I,4,1,244.3327036018032,235.30373111717245,239.62626590235288,2.1298420367627244,14.903235142962082,12.773393106199356,4.21,9.122589852779026,2.1010127864457844,4.341996351298469
2022-01-02 19:48:45.000000,2022-01-02 19:19:00,2022-01-02 20:18:30,3570.0,R,R02,S1C,3,1,195.129228352675,220.7609663453393,207.24690964827084,2.099465387161957,10.743595596574222,8.644130209412264,4.3500000000000005,17.99573588010763,3.689578199922786,4.877450728780932
2022-01-02 19:48:45.000000,2022-01-02 19:19:00,2022-01-02 20:18:30,3570.0,R,R02,S1P,3,1,195.129228352675,220.7609663453393,207.24690964827084,2.099465387161957,10.743595596574222,8.644130209412264,4.3500000000000005,15.053658548311102,2.656151711361456,5.667469400908238
2022-01-02 19:53:06.923077,2022-01-02 19:40:00,2022-01-02 20:09:00,1740.0,R,R19,S1P,4,-1,153.42744781394072,157.48955017822703,155.60494862325518,14.853792660703732,2.424141368101137,12.429651292602594,4.35,3.463426390112862,0.778701437799243,4.447694869937775
2022-01-02 20:09:30.000000,2022-01-02 19:42:30,2022-01-02 20:36:30,3240.0,G,G01,S1C,4,-1,134.9201154687373,150.7980349352806,143.61831957141254,14.940713433487238,2.309996419087274,12.630717014399965,4.3,5.557964871352542,1.1672080607110151,4.761760185212274
2022-01-02 20:34:15.000000,2022-01-02 20:17:00,2022-01-02 20:51:30,2070.0,R,R12,S1C,5,1,234.4557797928192,224.19113764203271,229.19145943105812,2.3053027641004955,14.946592125675922,12.641289361575426,4.010000000000001,15.282998674071932,3.441556673647143,4.440722650624254
2022-01-02 20:34:15.000000,2022-01-02 20:17:00,2022-01-02 20:51:30,2070.0,R,R12,S1P,5,1,234.4557797928192,224.19113764203271,229.19145943105812,2.3053027641004955,14.946592125675922,12.641289361575426,4.48,11.892277246357049,2.8433091528410745,4.182548082917441
2022-01-02 20:49:45.000000,2022-01-02 20:19:00,2022-01-02 21:20:30,3690.0,R,R02,S1C,4,-1,221.0032101844627,249.38728076334516,235.57666526683005,10.743039050870188,2.083815245392362,8.659223805477826,4.199999999999999,16.27333609580402,3.1650354467697115,5.141596790776186
2022-01-02 20:49:45.000000,2022-01-02 20:19:00,2022-01-02 21:20:30,3690.0,R,R02,S1P,4,-1,221.0032101844627,249.38728076334516,235.57666526683005,10.743039050870188,2.083815245392362,8.659223805477826,4.22,14.785550306372064,2.7277676543350147,5.420384790792066
2022-01-02 21:31:00.000000,2022-01-02 20:44:30,2022-01-02 22:17:30,5580.0,E,E04,S1X,4,-1,234.03428744211996,263.9857917505637,249.4153522997931,12.928748116394145,2.0824432926314875,10.846304823762654,4.419999999999999,8.710413422421462,1.5936807913691122,5.465594785100252
2022-01-02 21:31:27.407407,2022-01-02 21:11:00,2022-01-02 21:51:30,2430.0,G,G25,S1C,5,1,250.76668546728575,240.3702786559631,245.3958221449196,2.3927886483668552,14.876444017896285,12.48365536952943,4.340000000000001,6.322328519349859,1.301803369396792,4.856592530006582
2022-01-02 21:34:00.000000,2022-01-02 21:15:00,2022-01-02 21:53:00,2280.0,C,C30,S1X,4,-1,135.4727202555897,132.02468438765558,134.02602006619136,14.995885264878895,2.241352931366809,12.754532333512088,4.53,6.503797458337667,1.457862119539144,4.461188318956824
2022-01-02 21:34:00.000000,2022-01-02 21:15:00,2022-01-02 21:53:00,2280.0,C,C30,S2I,4,-1,135.4727202555897,132.02468438765558,134.02602006619136,14.995885264878895,2.241352931366809,12.754532333512088,4.48,8.72759252409322,1.9344833308198168,4.511588383857795
2022-01-02 21:51:45.000000,2022-01-02 21:33:00,2022-01-02 22:10:30,2250.0,C,C24,S1X,4,1,226.1070527983034,224.09901169530175,224.81030918876647,2.2695420577847303,14.853647583016809,12.584105525232076,4.560000000000001,7.93940836103436,1.7039642897908445,4.659374852279853
2022-01-02 22:26:45.000000,2022-01-02 22:06:00,2022-01-02 22:47:30,2490.0,E,E15,S1X,4,-1,141.38866883029016,140.77957112124528,141.4550201396996,14.906710604335826,2.186639468608296,12.72007113572753,4.45,10.081788630782077,2.069540019448779,4.8715118026407405
2022-01-02 23:39:02.195122,2022-01-02 23:17:30,2022-01-02 23:59:30,2520.0,G,G31,S1C,5,1,212.09117085810647,223.0320056337804,217.1997054955889,2.3256371421001965,13.411231474089112,11.085594331988917,4.53,8.446465228146055,1.8433101241457512,4.582226895791839
2022-01-03 00:11:48.750000,2022-01-03 00:00:00,2022-01-03 00:24:00,1440.0,G,G06,S1C,1,-1,136.03774006076765,133.44614712420693,134.8792423749197,11.20289469339016,2.200805877793284,9.002088815596876,4.510000000000001,8.98005583209653,2.087803178242032,4.301198468170693
2022-01-03 00:13:30.000000,2022-01-03 00:00:00,2022-01-03 00:27:00,1620.0,R,R14,S1C,1,1,206.89398514174133,209.3726402636204,207.8657453864154,3.217798610056894,14.94575506219338,11.727956452136487,4.65,16.235194855558767,3.944062146098568,4.116363853855214
2022-01-03 00:13:30.000000,2022-01-03 00:00:00,2022-01-03 00:27:00,1620.0,R,R14,S1P,1,1,206.89398514174133,209.3726402636204,207.8657453864154,3.217798610056894,14.94575506219338,11.727956452136487,4.67,14.783150522866244,3.1226238324929865,4.734207934057792
2022-01-03 00:21:15.000000,2022-01-03 00:00:00,2022-01-03 00:42:30,2550.0,C,C25,S2I,1,1,214.0940691364173,221.9453877654179,217.53836628173988,3.079733359782454,14.907726742773187,11.827993382990735,4.72,7.376207842584238,1.4214564439983493,5.189190195540599
2022-01-03 00:21:58.915662,2022-01-03 00:00:00,2022-01-03 00:42:30,2550.0,C,C25,S1X,1,1,214.0940691364173,221.9453877654179,217.6585613985372,3.079733359782454,14.907726742773187,11.827993382990735,4.549999999999999,6.16696923250524,1.1989347494165132,5.143707141282313
2022-01-03 00:26:45.000000,2022-01-03 00:00:00,2022-01-03 00:53:30,3210.0,C,C20,S1X,1,-1,133.38040851440908,150.6982015946316,142.4331917586523,8.032740127777956,2.008361435374657,6.024378692403299,4.5,14.28098580850849,2.906784989800156,4.912983195736924
2022-01-03 00:26:45.000000,2022-01-03 00:00:00,2022-01-03 00:53:30,3210.0,C,C20,S2I,1,-1,133.38040851440908,150.6982015946316,142.4331917586523,8.032740127777956,2.008361435374657,6.024378692403299,4.49,16.538661226783642,3.4719971105185983,4.763443257679822
2022-01-03 01:29:43.750000,2022-01-03 01:10:30,2022-01-03 01:47:30,2220.0,C,C11,S2I,1,1,269.9404301809939,258.088701822913,263.79702465017795,5.568825006704416,14.962379288791784,9.393554282087369,4.64,4.826887149777423,1.1926830444589596,4.047082896166314
2022-01-03 01:54:30.000000,2022-01-03 01:36:00,2022-01-03 02:13:00,2220.0,R,R15,S1P,1,1,199.8605656969072,210.22431071479207,204.52046117497852,2.0026500425316884,14.923372244997005,12.920722202465312,4.6000000000000005,11.721635339237494,2.8191066607821047,4.157925452875756
2022-01-03 02:17:30.000000,2022-01-03 01:55:00,2022-01-03 02:40:00,2700.0,R,R17,S1C,1,1,266.641781362667,247.56885645976527,257.15513732221,2.1255575884304223,14.871571342982936,12.746013754552514,4.700000000000001,13.90686321996441,3.108612089134081,4.4736566741713455
2022-01-03 02:17:30.000000,2022-01-03 01:55:00,2022-01-03 02:40:00,2700.0,R,R17,S1P,1,1,266.641781362667,247.56885645976527,257.15513732221,2.1255575884304223,14.871571342982936,12.746013754552514,4.590000000000002,11.77509284497608,2.782867351124505,4.231280675386121
2022-01-03 02:35:55.890411,2022-01-03 02:17:00,2022-01-03 02:54:00,2220.0,G,G16,S1C,1,1,214.62121031579687,219.60956336570567,216.75385868663045,2.304032885881523,14.85383128175257,12.549798395871049,4.64,6.517937026348951,1.1424263266975705,5.705345608754004
2022-01-03 02:38:49.090909,2022-01-03 02:17:00,2022-01-03 03:01:30,2670.0,C,C19,S1X,2,-1,139.57555310773134,147.58309577324738,144.04588061393744,14.901461279502447,2.169217643072406,12.732243636430042,4.68,6.877899066399408,1.4340837626628,4.796023248759583
2022-01-03 02:38:49.090909,2022-01-03 02:17:00,2022-01-03 03:01:30,2670.0,C,C19,S2I,2,-1,139.57555310773134,147.58309577324738,144.04588061393744,14.901461279502447,2.169217643072406,12.732243636430042,4.67,7.881322961184417,1.7971392252584817,4.385482688493903
2022-01-03 02:39:15.000000,2022-01-03 02:08:00,2022-01-03 03:10:30,3750.0,C,C23,S1X,1,1,211.4835785601361,231.8801513272385,221.19081795444345,2.2715414519146844,8.35713845839096,6.085597006476275,4.55,9.736462962558893,2.0982044101402426,4.640378656866951
2022-01-03 02:39:15.000000,2022-01-03 02:08:00,2022-01-03 03:10:30,3750.0,C,C23,S2I,1,1,211.4835785601361,231.8801513272385,221.19081795444345,2.2715414519146844,8.35713845839096,6.085597006476275,4.54,12.347172144989235,2.810972644663821,4.392491036306723
2022-01-03 02:41:45.000000,2022-01-03 02:24:30,2022-01-03 02:59:00,2070.0,G,G20,S1C,2,-1,136.61053954028858,136.51502963227782,136.86327317390894,14.937162506414989,2.178991596640813,12.758170909774176,4.57,7.413450150371279,1.825277361972844,4.061547195412801
2022-01-03 02:49:42.065217,2022-01-03 02:26:00,2022-01-03 03:12:30,2790.0,C,C43,S1X,1,1,253.4044998418009,241.4504801741353,247.1719828831835,2.0780059083936813,14.960049465622086,12.882043557228403,4.54,6.756301441181548,1.3031923840432098,5.184423669067061
2022-01-03 02:49:42.065217,2022-01-03 02:26:00,2022-01-03 03:12:30,2790.0,C,C43,S2I,1,1,253.4044998418009,241.4504801741353,247.1719828831835,2.0780059083936813,14.960049465622086,12.882043557228403,4.64,8.691335894839584,1.617111485573441,5.374605259053964
2022-01-03 03:40:45.000000,2022-01-03 03:23:30,2022-01-03 03:58:00,2070.0,G,G27,S1C,1,1,229.020335632275,225.13112784355025,226.8456941433473,2.396422776552858,14.862571122945209,12.466148346392352,4.750000000000001,6.190592450151734,1.4265529905231151,4.339546088562509
2022-01-03 03:44:15.000000,2022-01-03 03:11:00,2022-01-03 04:17:30,3990.0,C,C23,S2I,2,-1,232.062041566246,255.923931592928,244.14358201443497,8.356718524276062,2.0221173427285524,6.334601181547509,4.49,10.25354689812648,2.3198708321976587,4.41987836383679
2022-01-03 03:55:47.205882,2022-01-03 03:39:00,2022-01-03 04:13:00,2040.0,G,G05,S1C,2,-1,135.079865286187,132.19747872906402,133.90141278506914,14.811896242924876,2.232385188743729,12.579511054181149,4.750000000000001,7.957471707845129,1.8241821710684092,4.36221328881013
2022-01-03 04:11:45.000000,2022-01-03 03:57:00,2022-01-03 04:26:30,1770.0,R,R08,S1C,2,-1,151.26521238913597,154.03110226231226,152.9690808952038,14.913908676305748,2.052287036987281,12.861621639318468,4.750000000000001,18.333262515895697,4.420490483856524,4.147336722666439
2022-01-03 04:11:45.000000,2022-01-03 03:57:00,2022-01-03 04:26:30,1770.0,R,R08,S1P,2,-1,151.26521238913597,154.03110226231226,152.9690808952038,14.913908676305748,2.052287036987281,12.861621639318468,4.680000000000001,16.82923784568412,3.425892638218544,4.912365804444848
2022-01-03 04:15:15.000000,2022-01-03 03:47:30,2022-01-03 04:43:00,3330.0,E,E07,S1X,2,-1,137.93040681301017,147.94127539975014,143.624409432427,14.931912747668154,2.1257717496392137,12.80614099802894,4.58,9.950784011667697,1.867586988335484,5.328150214055886
2022-01-03 04:15:30.000000,2022-01-03 03:36:30,2022-01-03 04:54:30,4680.0,E,E25,S1X,1,1,208.37542922759903,230.3903865413553,218.5491950273169,2.645231551582544,11.259940423119712,8.614708871537168,4.91,8.037304272142372,1.7508761251737708,4.590447123347853
2022-01-03 04:23:15.000000,2022-01-03 04:05:00,2022-01-03 04:41:30,2190.0,R,R18,S1C,1,1,236.32653422882504,224.45115502318475,230.26299675779455,2.088258274440083,14.989820807690268,12.901562533250186,4.490000000000001,14.09566194499734,3.164823347673799,4.453854258676998
2022-01-03 04:23:15.000000,2022-01-03 04:05:00,2022-01-03 04:41:30,2190.0,R,R18,S1P,1,1,236.32653422882504,224.45115502318475,230.26299675779455,2.088258274440083,14.989820807690268,12.901562533250186,4.830000000000001,11.377993656863206,2.559859270723062,4.444773111941172
2022-01-03 04:46:15.000000,2022-01-03 04:20:00,2022-01-03 05:12:30,3150.0,G,G13,S1C,2,-1,134.47340423675354,149.3450381616121,142.65101379823673,14.922595491152418,2.0230095504313685,12.89958594072105,4.800000000000002,7.998547672878805,1.5029960156442637,5.321735779485885
2022-01-03 04:55:45.000000,2022-01-03 04:37:00,2022-01-03 05:14:30,2250.0,C,C22,S1X,2,-1,138.19381212839875,137.0087159097326,137.91663844463383,14.85000077808334,2.0608183780688747,12.789182400014466,4.81,8.5276073202411,1.642057638099174,5.193244818198071
2022-01-03 04:55:45.000000,2022-01-03 04:37:00,2022-01-03 05:14:30,2250.0,C,C22,S2I,2,-1,138.19381212839875,137.0087159097326,137.91663844463383,14.85000077808334,2.0608183780688747,12.789182400014466,4.83,10.00159641953491,2.2974709817541834,4.353306961856994
2022-01-03 05:21:45.000000,2022-01-03 05:02:30,2022-01-03 05:41:00,2310.0,C,C28,S2I,1,1,228.98596225006457,225.02923446225813,226.73314434755747,2.1398837267912514,14.990896585912129,12.851012859120878,4.890000000000001,8.892294387376516,2.0914156442440888,4.251806383800148
2022-01-03 05:22:00.000000,2022-01-03 05:03:00,2022-01-03 05:41:00,2280.0,C,C28,S1X,1,1,228.9143351959224,225.02923446225813,226.70388863434397,2.2996746519560576,14.990896585912129,12.691221933956072,4.409999999999998,6.351742815582565,1.5528194843446774,4.090457957038796
2022-01-03 05:36:45.000000,2022-01-03 04:55:00,2022-01-03 06:18:30,5010.0,E,E25,S1X,2,-1,230.5570023565917,257.5836212905198,244.367432786876,11.25960443540368,2.094631267607844,9.164973167795836,4.65,7.988421732217411,1.7780877034351883,4.492703996987396
2022-01-03 05:46:30.000000,2022-01-03 05:32:00,2022-01-03 06:01:00,1740.0,R,R01,S1C,2,-1,146.93678058140694,144.03135606878993,145.70334579056112,14.817454794938588,2.120245479917353,12.697209315021237,4.82,12.035133466506602,2.742501481662176,4.388378109175111
2022-01-03 05:46:30.000000,2022-01-03 05:32:00,2022-01-03 06:01:00,1740.0,R,R01,S1P,2,-1,146.93678058140694,144.03135606878993,145.70334579056112,14.817454794938588,2.120245479917353,12.697209315021237,4.82,9.408715150575537,2.2704176330246923,4.144046017666393
2022-01-03 05:57:18.333333,2022-01-03 05:39:30,2022-01-03 06:16:00,2190.0,G,G15,S1C,2,-1,137.28240318817424,140.15079207967358,139.0512974414609,14.878114551385735,2.1617415231214627,12.716373028264275,4.81,6.999153689977081,1.4127305640560703,4.954344351326209
2022-01-03 06:20:45.000000,2022-01-03 06:03:00,2022-01-03 06:38:30,2130.0,G,G21,S1C,1,1,238.541486816136,231.7622882285985,234.9809753773153,2.37662241354128,14.96760963977939,12.59098722623811,5.01,6.687771961230965,1.500613319207719,4.456692390789867
2022-01-03 07:37:00.000000,2022-01-03 07:17:00,2022-01-03 07:57:00,2400.0,C,C27,S2I,1,1,215.65423699130548,219.696600249362,217.2459496863721,2.161022485373884,14.972845944069734,12.81182345869585,4.820000000000001,8.928196023074884,1.875280898057648,4.760991290596735
2022-01-03 08:16:36.627907,2022-01-03 07:54:00,2022-01-03 08:38:00,2640.0,G,G03,S1C,1,1,266.10799262351225,252.35789589764508,259.02991502640936,2.2135575441746367,14.969117813374297,12.75556026919966,4.730000000000001,4.561844094257396,1.133665918981679,4.023975686201361
2022-01-03 08:38:30.000000,2022-01-03 08:10:00,2022-01-03 09:07:00,3420.0,R,R12,S1C,3,-1,140.04541940390885,164.5434690824781,152.910890398598,10.02094253098164,2.0323074079844115,7.988635122997227,4.87,20.58106513653157,3.8097143362569463,5.402259413694654
2022-01-03 08:38:30.000000,2022-01-03 08:10:00,2022-01-03 09:07:00,3420.0,R,R12,S1P,3,-1,140.04541940390885,164.5434690824781,152.910890398598,10.02094253098164,2.0323074079844115,7.988635122997227,4.87,17.22136391329828,2.9675987960115418,5.803130779148389
2022-01-03 09:19:53.414634,2022-01-03 08:48:00,2022-01-03 09:50:30,3750.0,G,G17,S1C,1,1,209.28549469250504,233.23379770682328,220.89089258021647,2.0581858364656096,9.548699899925682,7.490514063460072,4.59,6.513997206987988,1.516960928351376,4.294110075773252
2022-01-03 09:56:30.000000,2022-01-03 09:29:30,2022-01-03 10:23:30,3240.0,C,C26,S1X,3,-1,134.98717766103354,147.84119572214522,142.13034220137186,14.922514038734738,2.158199975905936,12.764314062828802,4.669999999999999,7.720673226033241,1.584711092538515,4.871975253019564
2022-01-03 09:56:30.000000,2022-01-03 09:29:30,2022-01-03 10:23:30,3240.0,C,C26,S2I,3,-1,134.98717766103354,147.84119572214522,142.13034220137186,14.922514038734738,2.158199975905936,12.764314062828802,4.8,10.249932596096384,2.0411503068720727,5.021645178009319
2022-01-03 09:56:45.000000,2022-01-03 09:39:00,2022-01-03 10:14:30,2130.0,R,R21,S1C,2,1,198.2454701878425,208.0547622904257,202.6586371882941,2.171507416531581,14.917977205916864,12.746469789385284,4.669999999999999,14.521700837956608,3.1471508652140283,4.6142372767913145
2022-01-03 09:56:45.000000,2022-01-03 09:39:00,2022-01-03 10:14:30,2130.0,R,R21,S1P,2,1,198.2454701878425,208.0547622904257,202.6586371882941,2.171507416531581,14.917977205916864,12.746469789385284,4.69,11.556116673099645,2.156014820115912,5.359943060353529
2022-01-03 10:04:15.000000,2022-01-03 09:41:00,2022-01-03 10:27:30,2790.0,C,C32,S2I,1,1,262.468195258947,248.99507950688545,255.67434251785693,2.7294705264825088,14.930120463048016,12.200649936565508,4.550000000000001,8.573716884436077,1.881631871569367,4.5565325577129
2022-01-03 10:06:30.000000,2022-01-03 09:26:30,2022-01-03 10:46:30,4800.0,C,C30,S1X,1,1,209.61160525470527,235.17252847392743,221.3518212796409,2.12024130837238,12.41722121063748,10.2969799022651,4.599999999999998,5.478235866252487,1.011307321368734,5.416984284102756
2022-01-03 10:06:30.000000,2022-01-03 09:26:30,2022-01-03 10:46:30,4800.0,C,C30,S2I,1,1,209.61160525470527,235.17252847392743,221.3518212796409,2.12024130837238,12.41722121063748,10.2969799022651,4.5,7.573708215777353,1.3802039222723317,5.4873834899035785
2022-01-03 11:29:15.000000,2022-01-03 10:47:00,2022-01-03 12:11:30,5070.0,C,C30,S1X,2,-1,235.36292235470293,266.2495369626764,251.20984898224637,12.416761366742689,2.0983822946423825,10.318379072100305,4.57,5.722151771612263,1.419468077440743,4.031194404828832
2022-01-03 11:29:15.000000,2022-01-03 10:47:00,2022-01-03 12:11:30,5070.0,C,C30,S2I,2,-1,235.36292235470293,266.2495369626764,251.20984898224637,12.416761366742689,2.0983822946423825,10.318379072100305,4.539999999999999,7.654451746127376,1.5900704248742572,4.813907375663999
2022-01-03 12:04:30.000000,2022-01-03 11:45:00,2022-01-03 12:24:00,2340.0,C,C24,S1X,4,-1,138.72955859247418,140.77240543591333,140.13450264256332,14.850242088751491,2.0082008614711118,12.84204122728038,4.31,8.101755261124529,1.8620638800147105,4.350954523139413
2022-01-03 12:12:15.000000,2022-01-03 11:57:30,2022-01-03 12:27:00,1770.0,R,R14,S1C,4,-1,150.67627637023153,153.25394993319065,152.28070073219885,14.853869277399037,2.05452753572944,12.799341741669595,4.140000000000001,18.734438854629676,4.322468200801271,4.334199347298102
2022-01-03 12:12:15.000000,2022-01-03 11:57:30,2022-01-03 12:27:00,1770.0,R,R14,S1P,4,-1,150.67627637023153,153.25394993319065,152.28070073219885,14.853869277399037,2.05452753572944,12.799341741669595,4.199999999999999,16.5237215803592,3.4548872456851893,4.782709363669013
2022-01-03 12:24:30.000000,2022-01-03 12:07:30,2022-01-03 12:41:30,2040.0,G,G31,S1C,4,-1,133.67263263875242,130.10260847875855,132.11628904935023,14.991451061193096,2.357790251895784,12.63366080929731,4.26,7.931509032046635,1.787695534155297,4.436722518185597
2022-01-03 12:32:30.000000,2022-01-03 12:07:00,2022-01-03 12:58:00,3060.0,E,E01,S1X,4,-1,140.61836304910693,148.45425933104767,145.1476283245373,14.949431229860892,2.0147105260676166,12.934720703793277,4.220000000000001,9.678203388698474,1.9643194595826217,4.927000718485423
2022-01-03 12:37:00.000000,2022-01-03 12:19:30,2022-01-03 12:54:30,2100.0,R,R07,S1C,3,1,233.77165847945355,223.47170928753945,228.4801973009748,2.0230836990636014,14.98946262557364,12.96637892651004,4.19,17.444972092350564,3.708093807040149,4.704566011579782
2022-01-03 12:37:00.000000,2022-01-03 12:19:30,2022-01-03 12:54:30,2100.0,R,R07,S1P,3,1,233.77165847945355,223.47170928753945,228.4801973009748,2.0230836990636014,14.98946262557364,12.96637892651004,4.19,13.297990132308232,2.73348189584164,4.864853925880412
2022-01-03 12:44:15.000000,2022-01-03 12:24:30,2022-01-03 13:04:00,2370.0,C,C20,S1X,2,1,233.27455336289603,227.4982180467976,230.1402132390384,2.1094642989628083,14.906626108368677,12.797161809405868,4.119999999999999,7.518718364901399,1.4629333846426698,5.139481020687686
2022-01-03 12:44:15.000000,2022-01-03 12:24:30,2022-01-03 13:04:00,2370.0,C,C20,S2I,2,1,233.27455336289603,227.4982180467976,230.1402132390384,2.1094642989628083,14.906626108368677,12.797161809405868,4.07,9.021600870816895,2.0290305045499277,4.446261823361812
2022-01-03 13:05:52.000000,2022-01-03 12:29:30,2022-01-03 13:39:30,4200.0,G,G11,S1C,2,1,210.57943205055065,235.94441506525877,222.9358882512595,2.100482248664411,10.88549502288599,8.78501277422158,3.87,7.19149269306188,1.4382876934267224,5.00003770172582
2022-01-03 13:05:52.000000,2022-01-03 12:29:30,2022-01-03 13:39:30,4200.0,G,G11,S1X,2,1,210.57943205055065,235.94441506525877,222.9358882512595,2.100482248664411,10.88549502288599,8.78501277422158,3.93,9.213393840465717,1.6577920151298882,5.557629519493038
2022-01-03 13:37:16.153846,2022-01-03 12:58:30,2022-01-03 14:17:30,4740.0,E,E15,S1X,2,-1,227.8825198211265,253.63157045576287,240.79001687893924,10.59847458201487,2.066340690558384,8.532133891456485,4.03,10.706894717170174,1.9571616361146031,5.470623641706833
2022-01-03 13:53:45.000000,2022-01-03 13:35:30,2022-01-03 14:12:00,2190.0,G,G26,S1C,4,-1,138.02300853794537,142.11213151826408,140.45525330448362,14.931830633461594,2.1293615691893937,12.8024690642722,3.9700000000000006,5.461930854042265,1.2982691585702328,4.207086656866608
2022-01-03 13:54:42.162162,2022-01-03 13:36:00,2022-01-03 14:13:00,2220.0,G,G20,S1C,3,1,215.78414748312403,222.270764094716,218.64847148523504,2.811650277393737,14.908293862294087,12.096643584900352,3.93,5.65211696559771,1.3655982343882829,4.138931073039623
2022-01-03 13:55:30.000000,2022-01-03 13:41:00,2022-01-03 14:10:00,1740.0,R,R15,S1C,4,-1,146.6318999308232,143.39433684779658,145.22640072360687,14.83371306985479,2.166726830277342,12.666986239577447,3.87,21.60537534999529,4.308620246468225,5.014453378133107
2022-01-03 13:55:30.000000,2022-01-03 13:41:00,2022-01-03 14:10:00,1740.0,R,R15,S1P,4,-1,146.6318999308232,143.39433684779658,145.22640072360687,14.83371306985479,2.166726830277342,12.666986239577447,3.8400000000000007,18.26174348072813,3.842430282477338,4.752654475998508
2022-01-03 14:17:00.000000,2022-01-03 13:40:00,2022-01-03 14:54:00,4440.0,G,G11,S1C,3,-1,236.15223138699756,265.8686200901385,251.33156134124545,10.884643719982463,2.080209679542982,8.804434040439483,3.87,8.370851969278599,1.8108431691273483,4.622626692355993
2022-01-03 14:17:00.000000,2022-01-03 13:40:00,2022-01-03 14:54:00,4440.0,G,G11,S1X,3,-1,236.15223138699756,265.8686200901385,251.33156134124545,10.884643719982463,2.080209679542982,8.804434040439483,3.9,10.367613199076708,1.9761286583453348,5.246426215870876
2022-01-03 14:22:58.983050,2022-01-03 14:08:00,2022-01-03 14:37:30,1770.0,R,R08,S1P,3,1,217.3286266258488,213.58663623237888,215.2119907651929,2.109272131486485,14.97883161661191,12.869559485125423,3.9100000000000006,6.2086580099620265,1.4843895107229743,4.182633981924387
2022-01-03 14:56:28.441558,2022-01-03 14:37:00,2022-01-03 15:15:30,2310.0,C,C19,S1X,3,1,218.2121617912281,219.9655115336764,218.71573581698257,2.066411479814337,14.989588710428457,12.92317723061412,3.920000000000001,7.071778109475296,1.6950706665622794,4.171966543328456
2022-01-03 14:56:28.441558,2022-01-03 14:37:00,2022-01-03 15:15:30,2310.0,C,C19,S2I,3,1,218.2121617912281,219.9655115336764,218.71573581698257,2.066411479814337,14.989588710428457,12.92317723061412,3.93,8.354493590375654,1.921312760975016,4.3483256656953495
2022-01-03 15:12:00.000000,2022-01-03 14:50:30,2022-01-03 15:33:30,2580.0,E,E31,S1X,4,-1,137.69313276159787,134.61181374666893,136.49542657606094,14.951807532866102,2.074143719615829,12.877663813250273,3.86,12.640138391765758,2.10703057818433,5.9990294031034015
2022-01-03 15:23:38.059701,2022-01-03 15:07:00,2022-01-03 15:41:30,2070.0,G,G16,S1C,4,-1,139.01340539525037,139.17615727049144,139.4080370850812,14.9842640073857,2.051573560531995,12.932690446853703,3.89,7.689218534609723,1.4542029787697472,5.287582714976135
2022-01-03 15:57:13.285714,2022-01-03 15:39:00,2022-01-03 16:14:30,2130.0,G,G13,S1C,3,1,231.0480014075587,226.4690757476054,228.46304787069948,2.069471086990409,14.860539575729977,12.791068488739567,3.95,7.443995989554567,1.7703757759881118,4.204754770438383
2022-01-03 15:58:13.965517,2022-01-03 15:43:00,2022-01-03 16:12:30,1770.0,R,R01,S1P,3,1,207.3706287840102,209.39431104398776,208.09669580953204,2.084457625512628,14.997539449946498,12.91308182443387,3.87,6.44554285148495,1.4318459308684846,4.501561734072473
2022-01-03 16:27:19.891304,2022-01-03 16:04:30,2022-01-03 16:52:00,2850.0,G,G27,S1C,4,-1,136.99505918768045,149.2913143707128,143.55890029270597,14.901142866160162,2.0871476005031235,12.813995265657038,3.75,6.151234704485075,1.3672069608610498,4.499124770847499
2022-01-03 16:34:00.000000,2022-01-03 16:06:00,2022-01-03 17:02:00,3360.0,R,R18,S1C,4,-1,142.87040683639796,167.19877095371405,155.63236152066625,9.962935493932068,2.0271887600068075,7.935746733925259,3.8,16.427912364561557,3.717962952446288,4.418525029614018
2022-01-03 16:34:00.000000,2022-01-03 16:06:00,2022-01-03 17:02:00,3360.0,R,R18,S1P,4,-1,142.87040683639796,167.19877095371405,155.63236152066625,9.962935493932068,2.0271887600068075,7.935746733925259,3.8,14.69154332880375,2.818108266864285,5.213264338190619
2022-01-03 17:07:30.902255,2022-01-03 16:34:30,2022-01-03 17:41:30,4020.0,C,C43,S1X,4,-1,130.00386516552572,149.78767903314335,140.65401523440605,13.55347299820524,2.0974797582853424,11.455993239919898,3.84,8.341805236240328,1.6964169834183411,4.917308254855649
2022-01-03 17:08:00.000000,2022-01-03 16:34:30,2022-01-03 17:41:30,4020.0,C,C43,S2I,4,-1,130.00386516552572,149.78767903314335,140.78555797127012,13.55347299820524,2.0974797582853424,11.455993239919898,3.81,10.822888752693164,2.013300067259542,5.375695818370995
2022-01-03 17:08:43.750000,2022-01-03 16:49:30,2022-01-03 17:26:30,2220.0,G,G15,S1C,3,1,219.56588708865308,222.64930398395435,220.7786985607938,2.167323709768928,14.844365314701374,12.677041604932446,3.93,7.066369919512449,1.6988137328126744,4.159590767972469
2022-01-03 17:17:57.948718,2022-01-03 16:48:00,2022-01-03 17:47:00,3540.0,C,C22,S1X,3,1,210.2265394519624,225.5756042798453,217.17949525923143,2.006881470340613,14.991226814393253,12.98434534405264,3.9700000000000006,6.63429071273386,1.571847956252954,4.220694938299884
2022-01-03 17:17:57.948718,2022-01-03 16:48:00,2022-01-03 17:47:00,3540.0,C,C22,S2I,3,1,210.2265394519624,225.5756042798453,217.17949525923143,2.006881470340613,14.991226814393253,12.98434534405264,3.5900000000000003,8.65369374286558,1.7644133821625068,4.904572721081614
2022-01-03 17:54:00.000000,2022-01-03 17:36:00,2022-01-03 18:12:00,2160.0,R,R02,S1P,3,1,199.50410727779928,209.56533531514603,204.03613715661749,2.1806987503857265,14.901391319448976,12.72069256906325,4.05,11.004955628102383,2.6698938139265,4.121870154797603
2022-01-03 18:06:05.316455,2022-01-03 17:46:30,2022-01-03 18:26:00,2370.0,R,R19,S1P,4,-1,150.1225157000896,163.45865766293693,157.3091479629827,14.98064267013981,2.747259823108066,12.233382847031743,3.9099999999999993,4.422493866475442,0.99306642067178,4.453371672242986
2022-01-03 18:18:45.000000,2022-01-03 17:56:30,2022-01-03 18:41:00,2670.0,R,R12,S1C,4,1,265.2873100874616,246.9992507743104,256.17943206866715,2.105751805432334,14.952605600008445,12.846853794576113,3.88,15.149294961852112,3.376993164807919,4.4860306854407845
2022-01-03 18:18:45.000000,2022-01-03 17:56:30,2022-01-03 18:41:00,2670.0,R,R12,S1P,4,1,265.2873100874616,246.9992507743104,256.17943206866715,2.105751805432334,14.952605600008445,12.846853794576113,4.04,11.562454127630696,2.758274005735221,4.191916431648607
2022-01-03 18:47:36.486486,2022-01-03 18:28:30,2022-01-03 19:06:00,2250.0,G,G24,S1C,4,1,235.6588120883737,230.2958963437029,232.69981963663065,2.0703598347610352,14.95970905529802,12.889349220536984,3.8899999999999992,5.904243241221716,1.268816589277734,4.653346505015882
2022-01-03 19:00:24.600000,2022-01-03 18:35:30,2022-01-03 19:27:30,3120.0,G,G21,S1C,4,-1,130.18749080022306,148.98983712573008,139.73569733841225,10.999241116882017,2.0097481740399834,8.989492942842034,3.9700000000000006,7.14980467334402,1.601946309627668,4.463198691725075
2022-01-03 19:36:15.000000,2022-01-03 19:16:30,2022-01-03 19:56:00,2370.0,C,C28,S1X,4,-1,140.33204007050043,144.03664679752586,142.6013365693472,14.873493474920728,2.107641294590937,12.765852180329787,3.96,7.340581116581154,1.8118911713720605,4.051336654520191
2022-01-03 19:36:15.000000,2022-01-03 19:16:30,2022-01-03 19:56:00,2370.0,C,C28,S2I,4,-1,140.33204007050043,144.03664679752586,142.6013365693472,14.873493474920728,2.107641294590937,12.765852180329787,4.09,11.700113078689922,2.3995389516345704,4.875983809606335
2022-01-03 19:44:00.000000,2022-01-03 19:14:30,2022-01-03 20:13:30,3540.0,R,R03,S1C,3,1,195.3683006399508,220.7842526438727,207.4008569834613,2.0884310862676783,10.520716810904558,8.43228572463688,4.179999999999999,18.891589653875787,3.72089554445634,5.077162050953526
2022-01-03 19:44:00.000000,2022-01-03 19:14:30,2022-01-03 20:13:30,3540.0,R,R03,S1P,3,1,195.3683006399508,220.7842526438727,207.4008569834613,2.0884310862676783,10.520716810904558,8.43228572463688,4.199999999999998,15.481739625818529,2.729980641860481,5.671007108412214
2022-01-03 19:50:58.941176,2022-01-03 19:29:30,2022-01-03 20:12:00,2550.0,C,C45,S2I,4,1,242.5573212601112,233.96004900401948,238.0081639643431,2.068388258355806,14.871284742814476,12.80289648445867,4.19,10.335111624548343,2.0498185444729105,5.041964154542232
2022-01-03 19:51:13.571428,2022-01-03 19:29:30,2022-01-03 20:12:00,2550.0,C,C45,S1X,4,1,242.5573212601112,233.96004900401948,237.9567300805512,2.068388258355806,14.871284742814476,12.80289648445867,4.159999999999999,8.745062840035702,1.8776969874967817,4.6573344358900135
2022-01-03 20:05:08.971962,2022-01-03 19:38:30,2022-01-03 20:32:30,3240.0,G,G01,S1C,4,-1,134.95220560312623,150.81496674371496,143.5428304314641,14.927652238257052,2.2837803553053573,12.643871882951697,4.22,6.716151856944453,1.5353028635892594,4.374480121298875
2022-01-03 20:44:30.000000,2022-01-03 20:14:00,2022-01-03 21:15:00,3660.0,R,R03,S1C,4,-1,221.02580765671215,249.13319439628316,235.44792094837567,10.519858309832818,2.0043420330002086,8.51551627683261,4.12,21.882333489105918,4.665590511746716,4.69015303293592
2022-01-03 20:44:30.000000,2022-01-03 20:14:00,2022-01-03 21:15:00,3660.0,R,R03,S1P,4,-1,221.02580765671215,249.13319439628316,235.44792094837567,10.519858309832818,2.0043420330002086,8.51551627683261,4.12,16.298950550164847,3.505239521300936,4.649882112511286
2022-01-03 20:58:02.022472,2022-01-03 20:36:00,2022-01-03 21:20:30,2670.0,E,E11,S1X,4,-1,142.7839228583108,147.6650134936129,145.68474080922817,14.897046714975316,2.4378877111197528,12.459159003855564,4.25,7.175156430966086,1.4836078700555864,4.836289005865987
2022-01-03 21:51:30.000000,2022-01-03 21:32:30,2022-01-03 22:10:30,2280.0,C,C27,S1X,4,-1,134.6158447428478,130.47293574509268,132.806001168283,14.911262235914776,2.282181771433821,12.629080464480955,4.37,6.890110880733119,1.6658695780698454,4.136044604834146
2022-01-03 21:51:30.000000,2022-01-03 21:32:30,2022-01-03 22:10:30,2280.0,C,C27,S2I,4,-1,134.6158447428478,130.47293574509268,132.806001168283,14.911262235914776,2.282181771433821,12.629080464480955,4.300000000000001,10.691010030857193,2.5215618901276304,4.239836457203142
2022-01-03 22:00:00.000000,2022-01-03 21:45:30,2022-01-03 22:14:30,1740.0,R,R21,S1C,5,-1,147.93950302538235,144.27246006272787,146.31526518863302,14.894687898741097,2.176281670890662,12.718406227850435,4.430000000000001,21.682903999447586,5.209553342196086,4.162142620524001
2022-01-03 22:00:00.000000,2022-01-03 21:45:30,2022-01-03 22:14:30,1740.0,R,R21,S1P,5,-1,147.93950302538235,144.27246006272787,146.31526518863302,14.894687898741097,2.176281670890662,12.718406227850435,4.46,17.489820162428238,4.277235547502589,4.089047696388914
2022-01-03 22:19:59.200000,2022-01-03 22:00:30,2022-01-03 22:38:30,2280.0,C,C26,S2I,4,1,222.15342437605503,222.1975855418136,221.82963355716183,2.1347479873612825,14.895286238300894,12.76053825093961,4.41,9.30024375823787,2.15591936497862,4.313817997701459
2022-01-03 22:20:15.000000,2022-01-03 22:02:00,2022-01-03 22:38:30,2190.0,C,C26,S1X,4,1,222.0808787848453,222.1975855418136,221.82525801407172,2.632063448559999,14.895286238300894,12.263222789740896,4.419999999999999,6.518288492061058,1.5723075696461732,4.145682828155506
2022-01-03 22:23:15.000000,2022-01-03 22:08:30,2022-01-03 22:38:00,1770.0,R,R14,S1C,5,1,217.2487207644728,213.8171144078674,215.3158454555776,2.1227006337575127,14.951153105185574,12.82845247142806,4.49,12.096763180838485,2.8097366210154893,4.305301461482356
2022-01-03 22:23:15.000000,2022-01-03 22:08:30,2022-01-03 22:38:00,1770.0,R,R14,S1P,5,1,217.2487207644728,213.8171144078674,215.3158454555776,2.1227006337575127,14.951153105185574,12.82845247142806,4.500000000000001,11.123118350856563,2.6034229131719133,4.272497677799329
2022-01-03 23:24:45.000000,2022-01-03 23:03:30,2022-01-03 23:46:00,2550.0,E,E36,S1X,4,-1,137.8888849623408,133.64276759843025,136.08318338898803,14.886165827750848,2.162320314457347,12.7238455132935,4.46,9.459120762356465,2.054387508212419,4.604350797765079
2022-01-03 23:36:29.354838,2022-01-03 23:12:30,2022-01-03 23:59:30,2820.0,G,G31,S1C,5,1,211.9279831904327,224.4303127823429,217.67410940861788,2.057458491607987,14.262602402989918,12.205143911381931,4.58,8.886073695833256,1.9425677038003064,4.574395877399357
2022-01-04 00:24:45.000000,2022-01-04 00:02:00,2022-01-04 00:47:30,2730.0,C,C24,S1X,1,1,213.76192804488417,222.2088514036063,217.43861192749884,2.334870830305909,14.90701377562086,12.572142945314951,4.539999999999999,8.22732671073594,1.3972666600690646,5.888157891299915
2022-01-04 00:24:45.000000,2022-01-04 00:02:00,2022-01-04 00:47:30,2730.0,C,C24,S2I,1,1,213.76192804488417,222.2088514036063,217.43861192749884,2.334870830305909,14.90701377562086,12.572142945314951,4.57,10.110329345205088,1.7871454757158574,5.657250337248177
2022-01-04 00:32:00.000000,2022-01-04 00:00:00,2022-01-04 01:04:00,3840.0,C,C32,S1X,1,-1,130.04410877988053,150.6470247047827,140.95506608213816,9.835461304645804,2.125221316273195,7.710239988372609,4.53,10.147151411801197,2.2670617324603635,4.475904324311824
2022-01-04 00:32:15.000000,2022-01-04 00:00:00,2022-01-04 01:04:30,3870.0,C,C32,S2I,1,-1,130.04410877988053,150.7748999062644,141.0306578440554,9.835461304645804,2.0198139575960927,7.815647347049712,4.420000000000001,12.22103224359079,2.912414418141941,4.196185875012784
2022-01-04 00:40:15.000000,2022-01-04 00:11:00,2022-01-04 01:09:30,3510.0,R,R07,S1C,2,-1,139.50310886091927,164.6810432925195,152.76942299831458,10.523522681888164,2.065587970971244,8.45793471091692,4.37,19.75945273399384,3.5606571339774424,5.549383720617178
2022-01-04 00:40:15.000000,2022-01-04 00:11:00,2022-01-04 01:09:30,3510.0,R,R07,S1P,2,-1,139.50310886091927,164.6810432925195,152.76942299831458,10.523522681888164,2.065587970971244,8.45793471091692,4.37,15.69211488127325,2.56651306583768,6.114176892433441
2022-01-04 02:05:15.000000,2022-01-04 01:42:00,2022-01-04 02:28:30,2790.0,R,R18,S1C,1,1,269.41496048124225,249.491299243473,259.52637234172994,2.026140081517586,14.984942493509577,12.95880241199199,4.56,14.6252036772913,2.937651195007718,4.978536492741398
2022-01-04 02:05:15.000000,2022-01-04 01:42:00,2022-01-04 02:28:30,2790.0,R,R18,S1P,1,1,269.41496048124225,249.491299243473,259.52637234172994,2.026140081517586,14.984942493509577,12.95880241199199,4.51,10.976960178736704,2.3549542101103853,4.661220218894267
2022-01-04 02:23:30.000000,2022-01-04 02:05:00,2022-01-04 02:42:00,2220.0,R,R08,S1C,2,-1,149.71704978890568,160.64138682471406,155.70060848916563,14.91849088661447,2.300552705775777,12.617938180838692,4.549999999999999,18.001550986745542,3.983672944482104,4.518832554183443
2022-01-04 02:23:30.000000,2022-01-04 02:05:00,2022-01-04 02:42:00,2220.0,R,R08,S1P,2,-1,149.71704978890568,160.64138682471406,155.70060848916563,14.91849088661447,2.300552705775777,12.617938180838692,4.549999999999999,12.551591718888575,2.9953809327031413,4.190315689684771
2022-01-04 02:30:30.000000,2022-01-04 01:53:30,2022-01-04 03:07:30,4440.0,E,E05,S1X,2,-1,130.0150919632043,150.67216621316288,141.03568400478716,9.647936056583136,2.027241470756251,7.620694585826885,4.53,12.282973459703175,2.493546061108171,4.92590598236009
2022-01-04 02:37:45.000000,2022-01-04 02:20:30,2022-01-04 02:55:00,2070.0,G,G20,S1C,2,-1,136.6089522866756,136.506839222778,136.8582344119378,14.925277607255548,2.167213823671434,12.758063783584111,4.470000000000001,8.410894413010658,1.9949774122454105,4.216034909159162
2022-01-04 03:00:02.168674,2022-01-04 02:39:30,2022-01-04 03:21:00,2490.0,C,C20,S2I,2,-1,140.30003839776384,146.17925420453795,143.6836465143612,14.93855454720569,2.2382326336279736,12.700321913577715,4.55,9.657760451873248,2.1651957816252674,4.460455970694629
2022-01-04 03:43:30.000000,2022-01-04 03:16:00,2022-01-04 04:11:00,3300.0,R,R09,S1C,1,1,196.7350345487777,220.30500780082568,207.9867810694691,2.0250396354887528,9.219401510449917,7.194361874961162,4.580000000000001,15.69763226627531,3.765323978783544,4.168999096685091
2022-01-04 03:43:30.000000,2022-01-04 03:16:00,2022-01-04 04:11:00,3300.0,R,R09,S1P,1,1,196.7350345487777,220.30500780082568,207.9867810694691,2.0250396354887528,9.219401510449917,7.194361874961162,4.610000000000001,13.512910143382353,2.783092740103362,4.855357476474353
2022-01-04 03:52:00.000000,2022-01-04 03:34:30,2022-01-04 04:09:30,2100.0,G,G05,S1C,2,-1,135.09613516859974,132.12268631602024,133.8663313338947,14.958713487816928,2.012782455526516,12.945931032290412,4.56,10.909658655006378,2.1813270911356857,5.001385944978282
2022-01-04 03:57:47.500000,2022-01-04 03:43:00,2022-01-04 04:13:00,1800.0,R,R01,S1C,2,-1,150.96926944221062,154.06080935431345,152.82851767862132,14.931981075671658,2.010524929777287,12.921456145894371,4.579999999999999,13.704205194895977,2.730991876177141,5.018032208165776
2022-01-04 03:57:47.500000,2022-01-04 03:43:00,2022-01-04 04:13:00,1800.0,R,R01,S1P,2,-1,150.96926944221062,154.06080935431345,152.82851767862132,14.931981075671658,2.010524929777287,12.921456145894371,4.629999999999999,10.695801073361448,1.9071218899386289,5.608346865393926
2022-01-04 04:23:41.842105,2022-01-04 04:04:00,2022-01-04 04:42:30,2310.0,C,C11,S2I,1,1,235.93326459558864,228.7979036048604,232.07625999922487,2.7360183179542608,14.967135253490712,12.231116935536452,4.7200000000000015,6.703232849113087,1.4004454974808291,4.786500339478473
2022-01-04 04:39:45.000000,2022-01-04 04:11:30,2022-01-04 05:08:00,3390.0,R,R09,S1C,2,-1,220.54156775082757,246.3385813295758,233.70716262854933,9.21910078370994,2.1015015015487752,7.117599282161166,4.64,16.01731981988549,3.732134777235562,4.291731348391902
2022-01-04 04:39:45.000000,2022-01-04 04:11:30,2022-01-04 05:08:00,3390.0,R,R09,S1P,2,-1,220.54156775082757,246.3385813295758,233.70716262854933,9.21910078370994,2.1015015015487752,7.117599282161166,4.64,13.284798044096323,2.825205105256931,4.702241978600761
2022-01-04 04:41:45.000000,2022-01-04 04:15:30,2022-01-04 05:08:00,3150.0,G,G13,S1C,2,-1,134.32639143885663,149.26778980779562,142.53847047881396,14.993571605782725,2.148013153752402,12.84555845203032,4.6,7.775990919839392,1.8462438265250585,4.211789801607687
2022-01-04 05:09:35.200000,2022-01-04 04:51:00,2022-01-04 05:28:30,2250.0,C,C19,S1X,2,-1,137.21754081926454,135.00963142224813,136.42068682593197,14.937629545424954,2.1686201060744046,12.76900943935055,4.7700000000000005,8.159594237727479,1.7603299015041451,4.635264236979312
2022-01-04 05:09:45.000000,2022-01-04 04:51:00,2022-01-04 05:28:30,2250.0,C,C19,S2I,2,-1,137.21754081926454,135.00963142224813,136.41043693443638,14.937629545424954,2.1686201060744046,12.76900943935055,4.78,11.369205789566552,2.234163861217528,5.088796747151214
2022-01-04 05:15:00.000000,2022-01-04 04:52:00,2022-01-04 05:38:00,2760.0,E,E03,S1X,2,-1,140.0770652182042,144.2944596830805,142.6766487803328,14.872610222894828,2.1018786452185125,12.770731577676315,4.73,10.603291828762387,2.37040383013312,4.4732005972868
2022-01-04 05:30:45.000000,2022-01-04 05:11:30,2022-01-04 05:50:00,2310.0,E,E33,S1X,1,1,241.74600268888884,233.25974141560263,237.3587141620788,5.0338181763165375,14.987750150540505,9.953931974223966,4.729999999999999,6.228929866627244,1.316582600368457,4.731134882751771
2022-01-04 05:34:57.600000,2022-01-04 05:16:00,2022-01-04 05:53:30,2250.0,C,C43,S1X,1,1,226.17816531543272,223.7178416034176,224.6441147877195,2.205085618573779,14.85019839630364,12.64511277772986,4.89,5.437448309892552,1.2525954969137747,4.340945120184199
2022-01-04 05:55:30.000000,2022-01-04 05:41:00,2022-01-04 06:10:00,1740.0,R,R02,S1C,2,-1,147.0376161517262,143.70194132373035,145.58248453467044,14.812615865656804,2.124196355847411,12.688419509809393,4.730000000000001,17.846538193267413,4.313913371647375,4.136971852648091
2022-01-04 05:55:30.000000,2022-01-04 05:41:00,2022-01-04 06:10:00,1740.0,R,R02,S1P,2,-1,147.0376161517262,143.70194132373035,145.58248453467044,14.812615865656804,2.124196355847411,12.688419509809393,4.770000000000001,15.34919437820087,3.5929495767292767,4.272031669359943
2022-01-04 07:46:00.000000,2022-01-04 07:29:30,2022-01-04 08:02:30,1980.0,E,E08,S1X,2,-1,133.73792525071192,130.022259309171,132.0553307512219,14.894697536210169,5.294037679166397,9.600659857043771,4.84,9.576802024027206,2.2753546778029365,4.208927125714961
2022-01-04 07:53:00.000000,2022-01-04 07:32:30,2022-01-04 08:13:30,2460.0,C,C28,S2I,1,1,214.36287344329853,219.82068091850132,216.6337031073137,2.2851861586290583,14.955226175310957,12.6700400166819,5.05,9.062675195719349,1.9110230161664603,4.742316088845023
2022-01-04 08:10:15.000000,2022-01-04 07:56:00,2022-01-04 08:24:30,1710.0,R,R21,S1P,1,1,205.25337150953447,207.4332863482183,206.0465524766365,2.189008594330633,14.813702843389535,12.6246942490589,4.99,11.326642869920844,2.688310377819428,4.213294329172004
2022-01-04 09:15:54.146341,2022-01-04 08:44:00,2022-01-04 09:46:30,3750.0,G,G17,S1C,1,1,209.28823556332236,233.24031373122077,220.9002058837162,2.0607420213439585,9.54031120917444,7.47956918783048,4.71,8.190062383107097,1.5597397496909442,5.250915984368497
2022-01-04 10:07:31.747572,2022-01-04 09:42:00,2022-01-04 10:33:30,3090.0,C,C45,S1X,3,-1,136.2864855886953,147.80631096822503,142.67519046328718,14.997415712877322,2.1027518378199352,12.894663875057386,4.87,6.923854014973975,1.665261034516628,4.157819027443796
2022-01-04 10:07:45.000000,2022-01-04 09:42:00,2022-01-04 10:33:30,3090.0,C,C45,S2I,3,-1,136.2864855886953,147.80631096822503,142.72023119564267,14.997415712877322,2.1027518378199352,12.894663875057386,4.8,10.259458088800388,2.1548077187219032,4.761194235412177
2022-01-04 10:20:00.000000,2022-01-04 09:56:00,2022-01-04 10:44:00,2880.0,C,C41,S1X,1,1,258.9006871981859,245.52228289244945,252.11605712190732,2.007086323195883,14.873566280388529,12.866479957192643,4.72,9.612539407611685,2.061174011564382,4.663623427075909
2022-01-04 10:20:00.000000,2022-01-04 09:56:00,2022-01-04 10:44:00,2880.0,C,C41,S2I,1,1,258.9006871981859,245.52228289244945,252.11605712190732,2.007086323195883,14.873566280388529,12.866479957192643,4.680000000000001,11.345548123006312,2.3776688678829587,4.771710761014514
2022-01-04 10:20:30.000000,2022-01-04 09:43:00,2022-01-04 10:58:00,4500.0,C,C27,S2I,1,1,209.3221404748825,233.48119903472644,220.55036856816903,2.0333499938953867,11.00771028833111,8.974360294435723,4.64,10.795760583253957,2.2653859764334285,4.765528124373116
2022-01-04 10:20:45.000000,2022-01-04 09:43:30,2022-01-04 10:58:00,4470.0,C,C27,S1X,1,1,209.4438394998858,233.48119903472644,220.62531152256423,2.144720517968914,11.00771028833111,8.862989770362196,4.6800000000000015,6.845640029942508,1.2755279716227237,5.366907023789922
2022-01-04 10:22:45.000000,2022-01-04 10:00:30,2022-01-04 10:45:00,2670.0,R,R07,S1P,3,1,263.95659331204155,245.6641201529544,254.8377084473672,2.02237516557759,14.96894521207366,12.94657004649607,4.6,11.956122984592742,2.5327354796306545,4.720636276764397
2022-01-04 10:43:30.000000,2022-01-04 10:04:00,2022-01-04 11:23:00,4740.0,E,E30,S1X,3,-1,130.06049785925788,151.80704925303488,141.8455749138741,11.802440563015466,2.193001436280196,9.60943912673527,4.8,9.235074233438624,2.007653055371173,4.599935336801135
2022-01-04 11:12:10.714285,2022-01-04 10:50:30,2022-01-04 11:33:00,2550.0,G,G06,S1C,2,1,210.57672695142108,220.84729009199947,215.25078444956145,2.311779543622152,14.98209125692561,12.67031171330346,4.470000000000001,7.149881040556129,1.754879704638265,4.074285560234421
2022-01-04 11:37:45.000000,2022-01-04 10:58:30,2022-01-04 12:17:00,4710.0,C,C27,S1X,2,-1,233.66900642449184,262.2354067042784,248.26020594326397,11.006968708638668,2.003639379869796,9.003329328768872,4.539999999999999,8.441831584919958,1.7039752584054066,4.95419845052204
2022-01-04 12:06:45.000000,2022-01-04 11:52:00,2022-01-04 12:21:30,1770.0,R,R15,S1P,4,-1,150.94350257648955,153.6528873635827,152.61667661269723,14.940916897273905,2.126725376531471,12.814191520742432,4.4,18.287366588245884,4.228288284682931,4.325004672574545
2022-01-04 12:20:30.000000,2022-01-04 12:03:30,2022-01-04 12:37:30,2040.0,G,G31,S1C,4,-1,133.66637686778725,130.08796088600965,132.1055921467853,14.94481857052778,2.314373038484751,12.630445532043028,4.489999999999999,11.82204822751534,2.447883710180345,4.829497487298678
2022-01-04 12:55:44.615384,2022-01-04 12:36:00,2022-01-04 13:15:00,2340.0,C,C32,S1X,2,1,230.97254913276225,226.13208766627068,228.2571097786409,2.073841603913261,14.931151118856729,12.857309514943466,4.2,8.318714265732783,1.97334395555099,4.215541969929952
2022-01-04 12:55:44.615384,2022-01-04 12:36:00,2022-01-04 13:15:00,2340.0,C,C32,S2I,2,1,230.97254913276225,226.13208766627068,228.2571097786409,2.073841603913261,14.931151118856729,12.857309514943466,4.13,11.242794778697148,2.2991861677655208,4.889901886293763
2022-01-04 13:01:54.000000,2022-01-04 12:27:00,2022-01-04 13:35:30,4110.0,G,G11,S1X,2,1,211.0045753986312,235.9470376244978,222.94743388651045,2.4483753205676333,10.872077452538548,8.423702131970915,3.96,7.560711456300517,1.7583697723925562,4.2998415776977925
2022-01-04 14:13:00.000000,2022-01-04 13:36:00,2022-01-04 14:50:00,4440.0,G,G11,S1C,3,-1,236.1548410936963,265.8669097630627,251.3321492927969,10.871149211440446,2.0599053892106123,8.811243822229834,4.12,7.485732139192323,1.65886238196661,4.512569710766398
2022-01-04 14:13:00.000000,2022-01-04 13:36:00,2022-01-04 14:50:00,4440.0,G,G11,S1X,3,-1,236.1548410936963,265.8669097630627,251.3321492927969,10.871149211440446,2.0599053892106123,8.811243822229834,4.12,10.048729136065568,1.9619801626912452,5.121728204571518
2022-01-04 15:02:28.681318,2022-01-04 14:39:00,2022-01-04 15:25:00,2760.0,G,G05,S1C,3,1,212.17328521319217,223.24928310875012,217.19897310246049,2.016816711792694,14.95341650319571,12.936599791403015,3.88,6.479020170611842,1.3982810343295669,4.633560787526761
2022-01-04 15:17:13.461538,2022-01-04 14:57:00,2022-01-04 15:36:30,2370.0,C,C20,S1X,3,1,216.26642844984835,219.57899983045465,217.53817170701663,2.090445648282183,14.996256450491911,12.905810802209729,3.88,6.88261123870161,1.5094580664373691,4.559657132407782
2022-01-04 15:17:13.461538,2022-01-04 14:57:00,2022-01-04 15:36:30,2370.0,C,C20,S2I,3,1,216.26642844984835,219.57899983045465,217.53817170701663,2.090445648282183,14.996256450491911,12.905810802209729,3.870000000000001,8.770283746815732,1.968522655889428,4.455261777443499
2022-01-04 15:18:50.625000,2022-01-04 15:03:00,2022-01-04 15:35:30,1950.0,G,G16,S1C,4,-1,139.02596640169978,139.2640994029784,139.42257325732825,14.913177192637129,2.72424954069523,12.188927651941896,3.99,5.5265011279506,1.2401182986037722,4.456430595510761
2022-01-04 16:06:30.000000,2022-01-04 15:52:00,2022-01-04 16:21:00,1740.0,R,R02,S1P,3,1,206.40338378067955,208.68763521623623,207.2400497821025,2.1446076578274083,14.904155866056607,12.759548208229202,3.88,14.998931592788114,3.2184825580363987,4.660249456793386
2022-01-04 16:22:02.125984,2022-01-04 15:50:30,2022-01-04 16:55:00,3870.0,C,C12,S2I,4,-1,131.15389090368964,152.55491077444026,142.20352567722816,9.09896948614077,2.0930199751286827,7.005949511012088,3.7,9.864058850593564,2.148015319803099,4.5921734168533614
2022-01-04 16:23:31.894736,2022-01-04 16:00:00,2022-01-04 16:48:00,2880.0,G,G27,S1C,4,-1,136.86132489312416,149.3117021229288,143.62346562345968,14.98269194985005,2.054389862394887,12.928302087455164,3.8300000000000014,7.51766997859878,1.6167881276379863,4.64975580293354
2022-01-04 17:31:15.000000,2022-01-04 17:06:30,2022-01-04 17:56:00,2970.0,C,C46,S1X,1,1,269.87109267513046,255.26405533853733,262.56057394706943,2.122474927371772,14.877410600065977,12.754935672694204,4.1,7.054429169184852,1.5484246989706103,4.5558748668079385
2022-01-04 17:31:15.000000,2022-01-04 17:06:30,2022-01-04 17:56:00,2970.0,C,C46,S2I,1,1,269.87109267513046,255.26405533853733,262.56057394706943,2.122474927371772,14.877410600065977,12.754935672694204,4.050000000000001,7.867914487202543,1.7379664677059063,4.527080719565372
2022-01-04 17:34:30.769230,2022-01-04 17:05:30,2022-01-04 18:04:00,3510.0,C,C34,S1X,4,-1,134.11518414595622,149.29278368760194,142.46053212799418,14.955726224929908,2.127561270066422,12.828164954863484,3.84,7.744320875275402,1.552129344377991,4.989481645538312
2022-01-04 17:34:45.000000,2022-01-04 17:05:30,2022-01-04 18:04:00,3510.0,C,C34,S2I,4,-1,134.11518414595622,149.29278368760194,142.51623090237047,14.955726224929908,2.127561270066422,12.828164954863484,3.82,9.345963598908025,2.1999200599876376,4.2483196407421016
2022-01-04 17:39:29.194630,2022-01-04 17:02:00,2022-01-04 18:16:30,4470.0,C,C19,S1X,3,1,209.6797139227183,231.89668235772385,219.710633923979,2.0783693616370664,14.99816225371474,12.919792892077671,4.01,5.033077248839354,1.2055312558668052,4.174986939862006
2022-01-04 17:39:29.194630,2022-01-04 17:02:00,2022-01-04 18:16:30,4470.0,C,C19,S2I,3,1,209.6797139227183,231.89668235772385,219.710633923979,2.0783693616370664,14.99816225371474,12.919792892077671,4.010000000000001,6.8288843363710745,1.4474752573645064,4.717790028967252
2022-01-04 17:49:15.000000,2022-01-04 17:31:00,2022-01-04 18:07:30,2190.0,R,R03,S1C,3,1,199.5987922549044,209.8675779128476,204.22310738923517,2.0781607971192075,14.888816719198193,12.810655922078984,3.86,15.069763559650749,3.3998514068815564,4.432477116249377
2022-01-04 17:49:15.000000,2022-01-04 17:31:00,2022-01-04 18:07:30,2190.0,R,R03,S1P,3,1,199.5987922549044,209.8675779128476,204.22310738923517,2.0781607971192075,14.888816719198193,12.810655922078984,3.83,10.988367128586011,2.423213158477102,4.534626716657392
2022-01-04 18:41:15.000000,2022-01-04 18:19:30,2022-01-04 19:03:00,2610.0,C,C11,S2I,4,-1,141.39593468880298,148.97214117748166,145.71256648982182,14.909496645357816,2.018734650365269,12.890761994992548,4.020000000000001,9.536954641143105,1.700675260219452,5.607745854968499
2022-01-04 18:43:43.378378,2022-01-04 18:24:30,2022-01-04 19:02:00,2250.0,G,G24,S1C,4,1,235.64142831637872,230.2854517730895,232.66642706535796,2.0995022857161576,14.991967721780249,12.892465436064091,3.81,5.310347371989645,1.1152381811004883,4.761626226560438
2022-01-04 19:15:59.379310,2022-01-04 18:39:30,2022-01-04 19:52:00,4350.0,E,E03,S1X,3,1,210.5523231519518,227.6937511024392,218.15822600569064,2.1000854507168363,14.967390887927264,12.867305437210428,4.15,7.806870079908461,1.401188198741645,5.57160707385312
2022-01-04 19:18:30.000000,2022-01-04 18:44:00,2022-01-04 19:53:00,4140.0,E,E26,S1X,4,-1,135.3042344918043,152.0196298695437,144.61690193751662,14.969020464353092,2.348712482612458,12.620307981740634,3.9700000000000006,9.861505744436451,1.7724948933989435,5.563629989097452
2022-01-04 19:23:15.000000,2022-01-04 18:49:00,2022-01-04 19:57:30,4110.0,C,C19,S1X,4,-1,244.6277838152312,269.9370427830227,257.6637879455443,14.984255224410546,4.719427340800927,10.26482788360962,4.07,4.1143250742074144,0.9946286726609436,4.136543805036612
2022-01-04 19:23:15.000000,2022-01-04 18:49:00,2022-01-04 19:57:30,4110.0,C,C19,S2I,4,-1,244.6277838152312,269.9370427830227,257.6637879455443,14.984255224410546,4.719427340800927,10.26482788360962,4.11,5.724276983505789,1.2497475991236688,4.580346453571657
2022-01-04 19:37:00.000000,2022-01-04 19:06:30,2022-01-04 20:07:30,3660.0,R,R04,S1C,3,1,194.9111953338309,221.12407883790615,207.25411316429847,2.0631459369802823,11.224510448438128,9.161364511457846,4.17,15.490262912274034,3.522117723219438,4.397996923883326
2022-01-04 19:37:00.000000,2022-01-04 19:06:30,2022-01-04 20:07:30,3660.0,R,R04,S1P,3,1,194.9111953338309,221.12407883790615,207.25411316429847,2.0631459369802823,11.224510448438128,9.161364511457846,4.180000000000001,13.158689133209116,2.4180163921849456,5.441935454092924
2022-01-04 19:48:15.000000,2022-01-04 19:29:00,2022-01-04 20:07:30,2310.0,C,C43,S1X,4,-1,139.6181826841292,141.83210490053276,141.10595152329407,14.859356988187384,2.1149312298401783,12.744425758347203,4.129999999999999,9.739823632330117,1.7162229036562036,5.675150711239553
2022-01-04 19:48:15.000000,2022-01-04 19:29:00,2022-01-04 20:07:30,2310.0,C,C43,S2I,4,-1,139.6181826841292,141.83210490053276,141.10595152329407,14.859356988187384,2.1149312298401783,12.744425758347203,3.880000000000001,10.68225202400678,2.438202268070324,4.381200101360368
2022-01-04 20:00:55.000000,2022-01-04 19:34:00,2022-01-04 20:28:30,3270.0,G,G01,S1C,4,-1,134.79730192486812,150.83269826281966,143.4916690634777,14.99045932842836,2.2576806472366098,12.73277868119175,4.02,6.158238965204292,1.439410125437951,4.278307381873254
2022-01-04 20:07:00.000000,2022-01-04 19:46:30,2022-01-04 20:27:30,2460.0,C,C36,S2I,4,1,239.21452845049456,231.89209018215828,235.3361993746219,2.1154238281856936,14.838316370467918,12.722892542282224,4.17,11.47665112956742,2.506824945593578,4.5781621687388805
2022-01-04 20:07:14.268292,2022-01-04 19:46:30,2022-01-04 20:27:30,2460.0,C,C36,S1X,4,1,239.21452845049456,231.89209018215828,235.29144056522807,2.1154238281856936,14.838316370467918,12.722892542282224,4.189999999999999,8.835780124616743,1.83565860340102,4.813411441673433
2022-01-04 20:12:30.000000,2022-01-04 19:58:00,2022-01-04 20:27:00,1740.0,R,R21,S1C,4,-1,152.55083428311062,154.72958877366128,153.94685981627342,14.847263323579211,2.0103163241649145,12.836946999414296,4.15,22.34471395169989,4.336754450173288,5.152404686137359
2022-01-04 20:12:30.000000,2022-01-04 19:58:00,2022-01-04 20:27:00,1740.0,R,R21,S1P,4,-1,152.55083428311062,154.72958877366128,153.94685981627342,14.847263323579211,2.0103163241649145,12.836946999414296,4.14,19.068076315076286,3.4142389167711333,5.584868774534701
2022-01-04 20:26:00.000000,2022-01-04 20:08:30,2022-01-04 20:43:30,2100.0,R,R14,S1P,5,1,234.7365026391477,224.4256844721074,229.44360833074347,2.0624104478872503,14.904385846547084,12.841975398659832,4.210000000000001,12.850510118717256,2.7788535852358374,4.624392658538233
2022-01-04 20:39:45.000000,2022-01-04 20:08:00,2022-01-04 21:11:30,3810.0,R,R04,S1C,4,-1,221.36771422020723,250.75626051894997,236.48201055480175,11.224366546549362,2.017728968304316,9.206637578245047,4.0200000000000005,16.348499176398168,3.1153765928092576,5.247679915851228
2022-01-04 20:39:45.000000,2022-01-04 20:08:00,2022-01-04 21:11:30,3810.0,R,R04,S1P,4,-1,221.36771422020723,250.75626051894997,236.48201055480175,11.224366546549362,2.017728968304316,9.206637578245047,4.0200000000000005,13.854309369043309,2.5473456074168044,5.438723873472589
2022-01-04 21:25:15.000000,2022-01-04 20:50:30,2022-01-04 22:00:00,4170.0,E,E03,S1X,4,-1,247.6556304785991,269.86368465544416,259.1158435907643,14.97843177936934,3.892997888254748,11.085433891114594,4.31,7.317818129556231,1.584002548774723,4.619827244101848
2022-01-04 21:48:32.823529,2022-01-04 21:27:30,2022-01-04 22:10:00,2550.0,E,E33,S1X,4,-1,142.42232086274075,143.61937658300474,143.43224460785478,14.922671834655024,2.0568464402451454,12.865825394409878,4.01,9.778755463427268,2.211755927313876,4.421263369373368
2022-01-04 22:18:00.000000,2022-01-04 22:03:30,2022-01-04 22:32:30,1740.0,R,R15,S1C,5,1,217.2796318889502,213.7509425339716,215.30781863867375,2.331573373671238,14.943786801602522,12.612213427931284,4.339999999999999,15.82691241433289,3.583926287017289,4.416082013646767
2022-01-04 22:18:00.000000,2022-01-04 22:03:30,2022-01-04 22:32:30,1740.0,R,R15,S1P,5,1,217.2796318889502,213.7509425339716,215.30781863867375,2.331573373671238,14.943786801602522,12.612213427931284,4.39,10.790924300356869,2.551301247204501,4.22957669627632
2022-01-04 22:29:30.000000,2022-01-04 22:11:00,2022-01-04 22:48:00,2220.0,C,C45,S2I,4,1,221.12501891810413,221.6353756319495,221.0503746253121,2.444650380278797,14.88149867076043,12.436848290481636,4.51,7.79357382160502,1.9433339119797977,4.010414151454399
2022-01-04 23:34:12.300000,2022-01-04 23:08:30,2022-01-04 23:59:00,3030.0,G,G31,S1C,5,1,211.951466036704,225.70360563522735,218.22192956862048,2.093987684033594,14.967359450026178,12.873371765992584,4.419999999999999,6.775282010334665,1.6524525913836676,4.100136999792193
2022-01-05 00:07:25.000000,2022-01-05 00:00:00,2022-01-05 00:15:30,930.0,G,G06,S1C,1,-1,135.31449713943832,133.4869390161849,134.48645979803618,8.055454825675016,2.296372967049492,5.759081858625524,4.4,11.423855414509353,2.573689204605284,4.438708214677918
2022-01-05 00:30:50.625000,2022-01-05 00:03:00,2022-01-05 00:59:00,3360.0,R,R08,S1C,2,-1,140.60219125771297,164.82049364974904,153.23413159631167,9.823189458113433,2.07732079684568,7.745868661267751,4.41,15.588818228888435,3.154154349127058,4.942313058713435
2022-01-05 00:30:50.625000,2022-01-05 00:03:00,2022-01-05 00:59:00,3360.0,R,R08,S1P,2,-1,140.60219125771297,164.82049364974904,153.23413159631167,9.823189458113433,2.07732079684568,7.745868661267751,4.4,13.817903051760425,2.65076420844163,5.212799768367136
2022-01-05 00:44:30.000000,2022-01-05 00:12:00,2022-01-05 01:17:00,3900.0,C,C41,S1X,1,-1,130.1338434947474,150.4876989658326,141.0378219136995,11.506164240388904,2.1757576202472597,9.330406620141646,4.390000000000001,8.047618494141101,1.5715899642189914,5.120685851503513
2022-01-05 00:44:30.000000,2022-01-05 00:12:00,2022-01-05 01:17:00,3900.0,C,C41,S2I,1,-1,130.1338434947474,150.4876989658326,141.0378219136995,11.506164240388904,2.1757576202472597,9.330406620141646,4.35,10.583191081243722,2.000555171803385,5.290127075927422
2022-01-05 00:55:44.464285,2022-01-05 00:27:30,2022-01-05 01:23:30,3360.0,C,C26,S2I,1,1,211.9860707246198,225.66079978933183,218.1141161552172,2.0749524119579235,14.980408850553044,12.90545643859512,4.41,9.92868672049227,2.2156882708822367,4.481084659322988
2022-01-05 00:56:25.045871,2022-01-05 00:27:30,2022-01-05 01:23:30,3360.0,C,C26,S1X,1,1,211.9860707246198,225.66079978933183,218.26582283196544,2.0749524119579235,14.980408850553044,12.90545643859512,4.419999999999999,5.61094678154357,1.254200741051494,4.473723063534053
2022-01-05 01:50:30.000000,2022-01-05 01:31:30,2022-01-05 02:09:30,2280.0,R,R09,S1P,1,1,200.501107780896,211.7879290898047,205.60845237094804,2.269384879067866,14.921270487950782,12.651885608882916,4.44,9.689470486278411,2.317367667176324,4.181240043831664
2022-01-05 03:10:30.000000,2022-01-05 02:50:30,2022-01-05 03:30:30,2400.0,C,C32,S1X,2,-1,140.3937308692334,145.09267818328968,143.1778945527618,14.93023061986665,2.2989088631314827,12.631321756735169,4.359999999999999,9.10357412793366,1.6573696360741312,5.492784427677589
2022-01-05 03:10:30.000000,2022-01-05 02:50:30,2022-01-05 03:30:30,2400.0,C,C32,S2I,2,-1,140.3937308692334,145.09267818328968,143.1778945527618,14.93023061986665,2.2989088631314827,12.631321756735169,4.380000000000001,9.174670044325826,2.235971744385274,4.103213767063133
2022-01-05 03:28:15.000000,2022-01-05 02:53:00,2022-01-05 04:03:30,4230.0,E,E04,S1X,2,-1,133.06212228490983,149.38755435228373,142.20438861429625,14.976862213705273,2.0469592105679366,12.929903003137335,4.44,8.370190818000445,1.618301052856755,5.172208720512609
2022-01-05 03:30:30.000000,2022-01-05 03:05:00,2022-01-05 03:56:00,3060.0,E,E15,S1X,1,1,267.03258802087635,251.820749527492,259.38823211763497,3.961067803492456,14.940271847703334,10.979204044210878,4.489999999999999,7.977238954701337,1.8191634675527544,4.385113870735755
2022-01-05 03:31:00.000000,2022-01-05 03:09:30,2022-01-05 03:52:30,2580.0,C,C44,S2I,1,1,243.8145404176745,234.6218422567142,239.02530001414863,2.1162304467134287,14.908857547943173,12.792627101229744,4.44,9.870893141309532,2.1676868275898205,4.553652776625788
2022-01-05 03:31:11.511628,2022-01-05 03:09:30,2022-01-05 03:52:30,2580.0,C,C44,S1X,1,1,243.8145404176745,234.6218422567142,238.9833455307284,2.1162304467134287,14.908857547943173,12.792627101229744,4.39,7.575484512523049,1.6027958600719077,4.726418816793789
2022-01-05 03:32:57.391304,2022-01-05 03:15:30,2022-01-05 03:50:00,2070.0,G,G27,S1C,1,1,228.9912171361454,225.1171447033084,226.7987099070069,2.471133950975132,14.943437746326085,12.472303795350951,4.42,6.076802370436307,1.417256350525356,4.287722802006656
2022-01-05 03:43:44.680851,2022-01-05 02:56:00,2022-01-05 04:30:30,5670.0,E,E27,S1X,1,1,208.48120463006225,234.10111371889676,219.9564882656084,2.015665330244916,14.653714743744166,12.63804941349925,4.279999999999999,6.0171832542667,1.1480774043887685,5.241095444666664
2022-01-05 03:47:45.000000,2022-01-05 03:30:30,2022-01-05 04:05:00,2070.0,G,G05,S1C,2,-1,135.09245280524797,132.17353427750317,133.88288650570905,14.913918424488743,2.149206214857204,12.76471220963154,4.44,10.179230977347885,2.1176991768342117,4.806740772579895
2022-01-05 04:07:00.000000,2022-01-05 03:52:30,2022-01-05 04:21:30,1740.0,R,R02,S1C,2,-1,151.43058623323745,154.00354952697813,153.02596504393966,14.870259662221557,2.197334473939209,12.672925188282347,4.44,17.38422490985457,4.229822507977413,4.10991829493272
2022-01-05 04:07:00.000000,2022-01-05 03:52:30,2022-01-05 04:21:30,1740.0,R,R02,S1P,2,-1,151.43058623323745,154.00354952697813,153.02596504393966,14.870259662221557,2.197334473939209,12.672925188282347,4.489999999999999,13.399146375582925,2.9523358846652044,4.538489826032241
2022-01-05 04:37:45.000000,2022-01-05 04:11:30,2022-01-05 05:04:00,3150.0,G,G13,S1C,2,-1,134.36052481008278,149.2879316445907,142.565785281351,14.98121065711718,2.123521253256552,12.857689403860627,4.5200000000000005,8.081116433747836,1.876790283065493,4.305817494189272
2022-01-05 04:43:10.945946,2022-01-05 04:24:00,2022-01-05 05:01:30,2250.0,C,C12,S2I,1,1,232.02229728912133,226.30698222208784,228.87073220536627,2.555072993207925,14.837289230358436,12.28221623715051,4.49,6.837085814049843,1.5736774451564588,4.344655148418984
2022-01-05 05:20:30.000000,2022-01-05 04:31:00,2022-01-05 06:10:00,5940.0,E,E27,S1X,2,-1,234.27344340293385,266.6133765146722,250.9958659788956,14.653705361747694,2.035048092210749,12.618657269536945,4.53,6.548383962758638,1.4963661698746198,4.376190864637983
2022-01-05 05:31:00.000000,2022-01-05 05:12:00,2022-01-05 05:50:00,2280.0,C,C20,S2I,2,-1,135.58986310430382,131.98408327086923,134.0623136423261,14.939753900138872,2.172789156263551,12.76696474387532,4.53,10.979206395051404,2.6286586475211235,4.176733409415866
2022-01-05 05:49:30.000000,2022-01-05 05:31:30,2022-01-05 06:07:30,2160.0,G,G15,S1C,2,-1,137.29901270029052,140.14009474402863,139.07299093214564,14.85367525853782,2.3105702090105016,12.543105049527318,4.67,9.125863948641555,2.011072332138318,4.537809905095893
2022-01-05 05:50:30.000000,2022-01-05 05:36:00,2022-01-05 06:05:00,1740.0,R,R03,S1P,2,-1,146.81608392627663,143.4833686505679,145.3619914689716,14.8482863790591,2.171937502550592,12.676348876508508,4.579999999999999,14.733803539173122,3.658144906669937,4.027670831822111
2022-01-05 05:57:45.000000,2022-01-05 05:39:00,2022-01-05 06:16:30,2250.0,C,C34,S2I,1,1,223.03778172632488,222.04431724178448,222.22387583720783,2.199895233642099,14.939417358187036,12.739522124544935,4.75,8.793139447139382,1.9961819778160823,4.404978877105931
2022-01-05 06:12:00.000000,2022-01-05 05:54:00,2022-01-05 06:30:00,2160.0,G,G21,S1C,1,1,238.70612426080208,231.80235952437997,235.0793963824774,2.164890216869712,14.910829004170392,12.745938787300682,4.65,6.925771016674176,1.46942138624258,4.713264065377386
2022-01-05 06:14:30.000000,2022-01-05 05:53:00,2022-01-05 06:36:00,2580.0,E,E09,S1X,2,-1,139.3013922572342,139.27499032649294,139.6810516045457,14.9004107179883,2.0779817416653894,12.822428976322913,4.669999999999999,11.346503218187848,2.4906284862939048,4.555678729536908
2022-01-05 06:56:13.285714,2022-01-05 06:38:00,2022-01-05 07:13:30,2130.0,C,C11,S2I,1,1,217.0976466017548,218.5296100703524,217.4954818566456,2.7290543525249555,14.916400843819476,12.18734649129452,4.689999999999999,6.6199437551013,1.646289867759296,4.021128893972639
2022-01-05 07:09:30.000000,2022-01-05 06:51:30,2022-01-05 07:27:30,2160.0,G,G01,S1C,1,1,232.00096125901547,226.47571240149077,229.0208753441872,2.1569938942330764,14.82597507751364,12.668981183280565,4.75,5.409174051337126,1.29779651664361,4.167967768419082
2022-01-05 08:06:15.000000,2022-01-05 07:44:00,2022-01-05 08:28:30,2670.0,C,C43,S2I,1,1,213.26901895532765,220.95265655107772,216.57770758576933,2.1516038216948727,14.934260900455213,12.78265707876034,4.85,8.949870549629832,2.210961130268638,4.047954722995242
2022-01-05 08:07:57.640449,2022-01-05 07:45:30,2022-01-05 08:30:00,2670.0,G,G03,S1C,1,1,266.2216111044751,252.31788185963376,259.191757899558,2.089811245964045,14.987829394783647,12.898018148819604,4.86,6.468836546988618,1.548830738028606,4.176593599389905
2022-01-05 08:29:45.000000,2022-01-05 08:01:30,2022-01-05 08:58:00,3390.0,R,R14,S1C,3,-1,139.64788189213908,163.90472980211302,152.37194319569429,9.859468175958286,2.1236802611548184,7.735787914803467,4.73,18.659269969229847,4.317180370009751,4.322096454169623
2022-01-05 08:29:45.000000,2022-01-05 08:01:30,2022-01-05 08:58:00,3390.0,R,R14,S1P,3,-1,139.64788189213908,163.90472980211302,152.37194319569429,9.859468175958286,2.1236802611548184,7.735787914803467,4.700000000000001,16.190857152326004,3.315002279077305,4.884116446771358
2022-01-05 09:11:40.645161,2022-01-05 08:40:00,2022-01-05 09:42:30,3750.0,G,G17,S1C,1,1,209.290968133996,233.24650936820157,220.8218633105033,2.062625198453719,9.531708088264024,7.469082889810305,4.87,7.214844536076447,1.595124663891131,4.523059983585626
2022-01-05 10:10:45.000000,2022-01-05 09:49:30,2022-01-05 10:32:00,2550.0,R,R08,S1P,3,1,265.433495696173,247.79411912751164,256.6538100203833,2.5961239759331955,14.867022884297862,12.270898908364666,4.729999999999999,7.871238991727491,1.7949313744768485,4.38525901527664
2022-01-05 10:22:16.914893,2022-01-05 09:59:00,2022-01-05 10:46:00,2820.0,C,C36,S1X,3,-1,137.42115901128344,146.67334049423937,142.5888430235979,14.980307000283869,2.2673952505327297,12.712911749751138,4.85,6.20097359386385,1.530753929920223,4.050927763541343
2022-01-05 10:22:30.000000,2022-01-05 09:59:00,2022-01-05 10:46:00,2820.0,C,C36,S2I,3,-1,137.42115901128344,146.67334049423937,142.62780391614254,14.980307000283869,2.2673952505327297,12.712911749751138,4.78,7.854643263947298,1.7420199187249727,4.508928502778719
2022-01-05 10:32:52.913385,2022-01-05 10:00:00,2022-01-05 11:04:30,3870.0,C,C28,S1X,1,1,209.54528118139768,230.69259254614457,219.7735506502061,2.085679177398571,8.715436554020528,6.629757376621956,4.569999999999999,6.447393886811209,1.550273218544003,4.158875874064651
2022-01-05 10:32:52.913385,2022-01-05 10:00:00,2022-01-05 11:04:30,3870.0,C,C28,S2I,1,1,209.54528118139768,230.69259254614457,219.7735506502061,2.085679177398571,8.715436554020528,6.629757376621956,4.65,8.434618299003812,2.037848567330552,4.138981882276273
2022-01-05 10:42:15.000000,2022-01-05 10:20:00,2022-01-05 11:04:30,2670.0,C,C33,S1X,1,1,252.83270986241223,241.2348330692472,246.90835234894712,2.574065602500291,14.902424234920948,12.328358632420656,4.569999999999999,8.624043445869123,1.8821925281537768,4.581913548625315
2022-01-05 10:42:15.000000,2022-01-05 10:20:00,2022-01-05 11:04:30,2670.0,C,C33,S2I,1,1,252.83270986241223,241.2348330692472,246.90835234894712,2.574065602500291,14.902424234920948,12.328358632420656,4.58,9.060427685183493,2.086747589668096,4.341889613311874
2022-01-05 11:35:00.000000,2022-01-05 11:04:00,2022-01-05 12:06:00,3720.0,R,R24,S1P,2,1,195.050602415784,221.64531341843252,207.54356946236976,2.0552257431936587,11.53614583070104,9.480920087507382,4.560000000000001,11.816197551379664,2.4609342395662828,4.8015088584659456
2022-01-05 11:38:15.000000,2022-01-05 11:05:00,2022-01-05 12:11:30,3990.0,C,C28,S1X,2,-1,230.87663234597184,254.94954398913703,243.08053459374804,8.714918543968071,2.1668187481269507,6.548099795841121,4.699999999999998,9.198760161801028,2.233032790653012,4.119402187153288
2022-01-05 11:38:30.000000,2022-01-05 11:05:00,2022-01-05 12:12:00,4020.0,C,C28,S2I,2,-1,230.87663234597184,255.11994673048088,243.1697400540229,8.714918543968071,2.0784602940245644,6.636458249943507,4.59,11.443867103835732,2.5753908435131625,4.443545775842254
2022-01-05 11:59:00.000000,2022-01-05 11:31:00,2022-01-05 12:27:00,3360.0,E,E25,S1X,3,-1,139.12618672877238,149.63984684742405,145.09222278847906,14.941492593963131,2.036104729534546,12.905387864428585,4.470000000000001,9.988220724573702,1.9621692374199349,5.090397165591719
2022-01-05 12:10:15.000000,2022-01-05 11:52:30,2022-01-05 12:28:00,2130.0,R,R01,S1C,3,1,236.49956757464335,225.5681269011354,230.90608391722176,2.10067555983749,14.840976902629157,12.740301342791664,4.5200000000000005,8.710505963790423,2.1618559049669623,4.029179717194674
2022-01-05 12:10:15.000000,2022-01-05 11:52:30,2022-01-05 12:28:00,2130.0,R,R01,S1P,3,1,236.49956757464335,225.5681269011354,230.90608391722176,2.10067555983749,14.840976902629157,12.740301342791664,4.48,6.834595623841912,1.7085518064556346,4.000227325866214
2022-01-05 12:38:45.000000,2022-01-05 12:06:30,2022-01-05 13:11:00,3870.0,R,R24,S1C,3,-1,221.88963846715035,251.76734326818016,237.27026346051312,11.536103720257856,2.056973176024592,9.479130544233264,4.209999999999999,12.610011048673549,3.0352481171617844,4.1545239670439145
2022-01-05 12:38:45.000000,2022-01-05 12:06:30,2022-01-05 13:11:00,3870.0,R,R24,S1P,3,-1,221.88963846715035,251.76734326818016,237.27026346051312,11.536103720257856,2.056973176024592,9.479130544233264,4.209999999999999,12.051078389634522,2.585032238887449,4.661867735475937
2022-01-05 12:41:30.000000,2022-01-05 12:22:30,2022-01-05 13:00:30,2280.0,C,C45,S1X,4,-1,137.54084455092843,136.87579885215993,137.53687672775476,14.976397357885844,2.123304839359288,12.853092518526555,4.39,9.425540418661122,2.189532805949856,4.304818084044266
2022-01-05 12:41:30.000000,2022-01-05 12:22:30,2022-01-05 13:00:30,2280.0,C,C45,S2I,4,-1,137.54084455092843,136.87579885215993,137.53687672775476,14.976397357885844,2.123304839359288,12.853092518526555,4.460000000000001,10.648597936106713,2.4001696066820117,4.436602274464807
2022-01-05 12:57:08.382353,2022-01-05 12:22:00,2022-01-05 13:31:00,4140.0,G,G11,S1C,2,1,210.7187061434153,235.74185711776957,222.67782754063683,2.2137896383177464,10.859361725638792,8.645572087321046,4.28,5.609545774492863,1.3337971008972405,4.205696481660772
2022-01-05 12:57:08.382353,2022-01-05 12:22:00,2022-01-05 13:31:00,4140.0,G,G11,S1X,2,1,210.7187061434153,235.74185711776957,222.67782754063683,2.2137896383177464,10.859361725638792,8.645572087321046,4.26,6.870601381971316,1.4775064326796217,4.650132974047849
2022-01-05 13:09:44.210526,2022-01-05 12:50:00,2022-01-05 13:28:30,2310.0,C,C41,S1X,2,1,228.77504834821752,224.89098634684404,226.5005911504808,2.011724775585672,14.913947975630103,12.902223200044432,4.340000000000001,7.1948469110792885,1.7081071512067227,4.212175393093086
2022-01-05 13:21:30.000000,2022-01-05 12:34:30,2022-01-05 14:08:30,5640.0,E,E33,S1X,2,-1,231.80701255483507,262.7427362166095,247.77973487313065,13.951024352325392,2.0482865091328355,11.902737843192558,4.25,7.569243383341949,1.613516815445283,4.691146265651444
2022-01-05 13:46:40.945946,2022-01-05 13:27:30,2022-01-05 14:05:00,2250.0,G,G20,S1C,3,1,215.73231298777537,222.2904848776844,218.65761396219844,2.6610962844628383,14.923996939358071,12.262900654895237,4.159999999999999,5.352632254080183,1.2453226963834128,4.298188951044543
2022-01-05 13:49:45.000000,2022-01-05 13:35:00,2022-01-05 14:04:30,1770.0,R,R09,S1C,4,-1,145.51829542939657,142.060729465654,144.00401226128022,14.92845057767442,2.178396181608938,12.750054396065485,4.180000000000001,20.27621059910364,3.748617433184677,5.408983701459707
2022-01-05 13:49:45.000000,2022-01-05 13:35:00,2022-01-05 14:04:30,1770.0,R,R09,S1P,4,-1,145.51829542939657,142.060729465654,144.00401226128022,14.92845057767442,2.178396181608938,12.750054396065485,4.13,15.95323214414357,3.0215502287388216,5.279816960316547
2022-01-05 14:08:21.486486,2022-01-05 13:31:30,2022-01-05 14:46:00,4470.0,G,G11,S1C,3,-1,235.94952396220864,265.86525380850696,251.0733225133849,10.859294804246463,2.039862884450788,8.819431919795678,4.159999999999999,7.567223236686817,1.837447895392492,4.118333507938958
2022-01-05 14:08:21.486486,2022-01-05 13:31:30,2022-01-05 14:46:00,4470.0,G,G11,S1X,3,-1,235.94952396220864,265.86525380850696,251.0733225133849,10.859294804246463,2.039862884450788,8.819431919795678,4.15,9.871327819365982,2.0646898294269054,4.781022155810183
2022-01-05 14:18:15.000000,2022-01-05 14:04:00,2022-01-05 14:32:30,1710.0,R,R02,S1C,3,1,216.816502989172,213.29774161360103,214.85581174252007,2.392765686869778,14.867903001450731,12.475137314580952,4.030000000000001,16.73705792042899,3.860089389143463,4.33592495746397
2022-01-05 14:18:15.000000,2022-01-05 14:04:00,2022-01-05 14:32:30,1710.0,R,R02,S1P,3,1,216.816502989172,213.29774161360103,214.85581174252007,2.392765686869778,14.867903001450731,12.475137314580952,4.080000000000001,13.394319864021712,2.635442090389285,5.082380642271375
2022-01-05 14:27:00.352941,2022-01-05 14:06:00,2022-01-05 14:48:30,2550.0,E,E02,S1X,4,-1,139.68273036435275,138.80067813152905,139.6268828997334,14.952449845011891,2.1144622922019973,12.837987552809896,4.119999999999999,10.76887186098517,2.0830919176773097,5.169657550682009
2022-01-05 15:27:00.000000,2022-01-05 15:07:00,2022-01-05 15:47:00,2400.0,C,C32,S1X,3,1,215.208996133082,219.55435142409448,216.94945037631837,2.1222334234561444,14.87423061765037,12.751997194194226,3.8899999999999992,7.867545876073215,1.771771031396185,4.440498087314058
2022-01-05 15:48:55.774648,2022-01-05 15:31:00,2022-01-05 16:06:30,2130.0,G,G13,S1C,3,1,231.01457836699524,226.4476200573876,228.477241463272,2.129575467899114,14.92665365995427,12.797078192055157,3.99,9.006306512898268,2.205604276795936,4.083373707445681
2022-01-05 16:19:45.937500,2022-01-05 15:56:00,2022-01-05 16:44:00,2880.0,G,G27,S1C,4,-1,136.89703672912867,149.33150684272962,143.7067173902425,14.96002060349816,2.021340737479401,12.93867986601876,3.99,9.07709449849482,1.857635361150157,4.8863704300260125
2022-01-05 17:28:13.723404,2022-01-05 17:04:30,2022-01-05 17:51:30,2820.0,E,E04,S1X,3,1,215.50030220390792,220.0067642085791,217.2574285096691,2.014349963903097,14.99963638370409,12.985286419800993,4.02,8.913624154066214,1.9781892192878872,4.505951234167053
2022-01-05 17:35:35.915493,2022-01-05 17:18:00,2022-01-05 17:54:00,2160.0,G,G08,S1C,4,-1,139.83555261726693,144.66885530357806,142.59718613210606,14.988371765530143,2.35703467368974,12.631337091840406,3.96,7.229403906941195,1.7402731367099802,4.154177729025067
2022-01-05 17:41:30.000000,2022-01-05 17:23:30,2022-01-05 17:59:30,2160.0,R,R04,S1P,3,1,199.4252439361564,209.19445393263308,203.80810863822,2.020960141216529,14.93866680095642,12.917706659739892,4.089999999999999,12.754536644116392,2.7932098325746098,4.56626512457893
2022-01-05 17:44:30.000000,2022-01-05 17:22:00,2022-01-05 18:07:00,2700.0,C,C37,S1X,1,1,265.29300372599727,252.3545695646526,258.7899296868925,3.199560675767602,14.973607774882025,11.774047099114425,4.13,7.071221899466065,1.7008901460796848,4.157365433484489
2022-01-05 17:44:30.000000,2022-01-05 17:22:00,2022-01-05 18:07:00,2700.0,C,C37,S2I,1,1,265.29300372599727,252.3545695646526,258.7899296868925,3.199560675767602,14.973607774882025,11.774047099114425,4.13,9.239658766572465,1.927027549323468,4.794772534422916
2022-01-05 17:48:45.283018,2022-01-05 17:22:30,2022-01-05 18:15:30,3180.0,C,C44,S1X,4,-1,136.17773409382164,148.56882630913094,143.02852448214483,14.99466121649326,2.08915563592546,12.9055055805678,3.92,7.63711983509946,1.5211299277655277,5.020688697064853
2022-01-05 17:48:45.283018,2022-01-05 17:22:30,2022-01-05 18:15:30,3180.0,C,C44,S2I,4,-1,136.17773409382164,148.56882630913094,143.02852448214483,14.99466121649326,2.08915563592546,12.9055055805678,3.99,10.464564457547333,2.059634892489399,5.080786160550635
2022-01-05 18:02:58.867924,2022-01-05 17:22:30,2022-01-05 18:42:30,4800.0,C,C20,S1X,3,1,209.23249889964384,234.86935772448317,221.1509982159582,2.0760730346932847,12.400753376733125,10.32468034203984,4.07,7.732398240242339,1.4700552851860669,5.259937036492909
2022-01-05 18:02:58.867924,2022-01-05 17:22:30,2022-01-05 18:42:30,4800.0,C,C20,S2I,3,1,209.23249889964384,234.86935772448317,221.1509982159582,2.0760730346932847,12.400753376733125,10.32468034203984,4.1,7.16256935718135,1.7291766731224063,4.142184814607616
2022-01-05 18:11:00.000000,2022-01-05 17:49:00,2022-01-05 18:33:00,2640.0,R,R14,S1C,4,1,265.0744778074145,247.1177826403786,256.1290244433408,2.093640891266479,14.885012357700722,12.791371466434242,4.029999999999999,14.794204581533675,3.1979095567010627,4.626211066705481
2022-01-05 18:11:00.000000,2022-01-05 17:49:00,2022-01-05 18:33:00,2640.0,R,R14,S1P,4,1,265.0744778074145,247.1177826403786,256.1290244433408,2.093640891266479,14.885012357700722,12.791371466434242,4.059999999999999,12.322521979010068,2.4594137481287137,5.010349311247799
2022-01-05 18:25:48.333333,2022-01-05 18:08:00,2022-01-05 18:44:00,2160.0,R,R21,S1P,4,-1,151.9251653383774,161.82540656861025,157.3305899698204,14.949456330591728,2.0059860372256613,12.943470293366069,4.009999999999999,14.842519463830673,3.2941592107957285,4.505707986179985
2022-01-05 18:39:28.356164,2022-01-05 18:20:30,2022-01-05 18:57:30,2220.0,G,G24,S1C,4,1,235.6234534141236,230.32620903842,232.6841662314996,2.1269139607447487,14.842249675438024,12.715335714693277,3.81,5.086899734806716,1.2468371015691788,4.079843091294534
2022-01-05 18:52:30.000000,2022-01-05 18:27:00,2022-01-05 19:18:00,3060.0,G,G21,S1C,4,-1,130.11710196687812,148.64679314093365,139.88454808101835,10.999041070080285,2.3046144283637777,8.694426641716506,4.069999999999999,9.13346545697629,1.7609822244076485,5.186574475530874
2022-01-05 18:58:47.625000,2022-01-05 18:39:00,2022-01-05 19:19:00,2400.0,C,C12,S2I,4,-1,141.84240288923752,147.31345361497986,145.00076645366548,14.972832674187748,2.409416146218531,12.563416527969215,4.2,5.75799679104427,1.388956549732702,4.145555735456497
2022-01-05 19:25:00.000000,2022-01-05 18:43:00,2022-01-05 20:07:00,5040.0,C,C20,S1X,4,-1,235.0602614398399,265.8236887094281,250.8470401271063,12.400073181697836,2.094439843888437,10.3056333378094,4.129999999999999,8.151028447701089,1.461895853902353,5.575656040027003
2022-01-05 19:25:00.000000,2022-01-05 18:43:00,2022-01-05 20:07:00,5040.0,C,C20,S2I,4,-1,235.0602614398399,265.8236887094281,250.8470401271063,12.400073181697836,2.094439843888437,10.3056333378094,4.050000000000001,7.650504114975632,1.3051092408611955,5.861964558558587
2022-01-05 19:30:30.000000,2022-01-05 18:59:00,2022-01-05 20:02:00,3780.0,R,R05,S1C,3,1,194.98521441556173,221.98199026419448,207.65140175842785,2.0511766804268907,11.6905658735593,9.63938919313241,4.16,12.435474442608273,2.7950381517756484,4.4491251164883705
2022-01-05 19:30:30.000000,2022-01-05 18:59:00,2022-01-05 20:02:00,3780.0,R,R05,S1P,3,1,194.98521441556173,221.98199026419448,207.65140175842785,2.0511766804268907,11.6905658735593,9.63938919313241,4.18,12.023486847310132,2.0845750596850623,5.767835891275913
2022-01-05 20:10:45.394736,2022-01-05 19:52:00,2022-01-05 20:30:00,2280.0,C,C34,S1X,4,-1,139.10505643527245,139.66665983508673,139.7376666826171,14.873229232695731,2.0269853340485464,12.846243898647186,4.17,9.330832512053462,1.6235527213994134,5.747169395281969
2022-01-05 20:10:45.394736,2022-01-05 19:52:00,2022-01-05 20:30:00,2280.0,C,C34,S2I,4,-1,139.10505643527245,139.66665983508673,139.7376666826171,14.873229232695731,2.0269853340485464,12.846243898647186,4.19,10.37523808890765,2.146604541511876,4.833325322977403
2022-01-05 20:13:30.000000,2022-01-05 19:37:30,2022-01-05 20:49:30,4320.0,E,E09,S1X,3,1,208.8406190751775,229.1322192830374,218.34834042724805,2.0743322810999665,9.233404469424752,7.159072188324787,4.239999999999999,11.862286869007892,2.21206847300116,5.362531501076943
2022-01-05 20:14:45.000000,2022-01-05 19:50:00,2022-01-05 20:39:30,2970.0,E,E15,S1X,4,-1,142.22990705505617,150.05768978046973,146.73215181760028,14.891744200245125,2.18303603501258,12.708708165232544,4.15,10.33494871213149,1.942176543679147,5.321323000098416
2022-01-05 20:20:30.000000,2022-01-05 20:03:00,2022-01-05 20:38:00,2100.0,R,R15,S1P,5,1,235.0075334997829,224.52270152159008,229.6316072801222,2.154403881926529,14.926028922942718,12.77162504101619,4.379999999999998,10.2968897100394,2.441200456914418,4.217961569224948
2022-01-05 20:25:45.000000,2022-01-05 19:59:30,2022-01-05 20:52:00,3150.0,E,E31,S1X,1,1,256.09586361341644,242.42107405169088,249.1106988477844,2.7629564320922664,14.953387413762249,12.190430981669982,4.359999999999999,8.033987315925572,1.8758852778697972,4.2827711324909705
2022-01-05 20:29:14.250000,2022-01-05 20:08:30,2022-01-05 20:49:00,2430.0,C,C46,S2I,4,1,235.173922026302,229.08566489211583,231.804072781982,2.010127288261009,14.941323771809046,12.931196483548035,4.320000000000001,6.41707695164007,1.4673183276312312,4.373336603788963
2022-01-05 20:29:28.860759,2022-01-05 20:08:30,2022-01-05 20:49:00,2430.0,C,C46,S1X,4,1,235.173922026302,229.08566489211583,231.76491213343124,2.010127288261009,14.941323771809046,12.931196483548035,4.000000000000002,6.462402316548848,1.52032437298736,4.2506733637707566
2022-01-05 20:34:45.000000,2022-01-05 20:02:30,2022-01-05 21:07:00,3870.0,R,R05,S1C,4,-1,222.22646773411745,252.06694395732,237.59568038990943,11.689280488672214,2.075662991622941,9.613617497049272,4.199999999999999,15.181271571991262,3.293225723849903,4.609848472288681
2022-01-05 20:34:45.000000,2022-01-05 20:02:30,2022-01-05 21:07:00,3870.0,R,R05,S1P,4,-1,222.22646773411745,252.06694395732,237.59568038990943,11.689280488672214,2.075662991622941,9.613617497049272,4.220000000000001,13.892828061587757,2.9061820456195213,4.780439712139978
2022-01-05 21:09:30.000000,2022-01-05 20:51:00,2022-01-05 21:28:00,2220.0,C,C11,S2I,4,-1,138.60432584215525,136.18701317827285,137.68781260177118,14.835432923407977,2.0673399471135654,12.76809297629441,4.24,8.56221388620611,1.9046594026447188,4.495404204193689
2022-01-05 21:27:00.000000,2022-01-05 20:50:00,2022-01-05 22:04:00,4440.0,E,E09,S1X,4,-1,229.29437853237587,252.9400953215671,241.2912672677482,9.233078139473442,2.118926529204761,7.11415161026868,4.26,11.619640389869536,2.409336826060218,4.822754653557567
2022-01-05 22:44:00.000000,2022-01-05 22:25:30,2022-01-05 23:02:30,2220.0,C,C36,S1X,4,1,219.7022264816988,221.34467538308056,220.17921336549563,2.585855265638213,14.870234179931886,12.284378914293672,4.46,5.654136512524397,1.4007974756706951,4.03636971848284
2022-01-05 22:46:00.000000,2022-01-05 22:25:00,2022-01-05 23:07:00,2520.0,E,E13,S1X,4,-1,139.8532668983941,137.3816388321059,138.96399080244095,14.91063714115938,2.09479210305699,12.815845038102388,4.44,9.75394489765312,2.1771727711933515,4.480096860804845
2022-01-05 23:29:59.702970,2022-01-05 23:04:30,2022-01-05 23:55:00,3030.0,G,G31,S1C,5,1,211.97310302972843,225.74368258087307,218.1993245919855,2.1297533901014623,14.991167188631165,12.8614137985297,4.54,8.297181770828198,1.855559052291181,4.471526659624829
2022-01-05 23:32:45.000000,2022-01-05 23:19:00,2022-01-05 23:46:30,1650.0,R,R24,S1P,5,-1,137.73020215615725,130.0130231598856,133.96676204655972,14.92026923740466,4.466421309040091,10.45384792836457,4.53,9.618803579544473,2.335025423988422,4.119357108803868
2022-01-05 23:53:15.000000,2022-01-05 23:47:00,2022-01-05 23:59:30,750.0,R,R09,S1C,5,1,207.05120307270897,207.8116680018389,207.38056422307355,2.4213052835136137,7.830388727207898,5.409083443694284,4.580000000000001,19.08990296565662,4.635797144171013,4.117933199398079
2022-01-05 23:53:15.000000,2022-01-05 23:47:00,2022-01-05 23:59:30,750.0,R,R09,S1P,5,1,207.05120307270897,207.8116680018389,207.38056422307355,2.4213052835136137,7.830388727207898,5.409083443694284,4.500000000000001,16.424630645819494,3.738603221006049,4.3932532218275
2022-01-06 00:22:15.000000,2022-01-06 00:00:00,2022-01-06 00:44:30,2670.0,R,R01,S1C,1,-1,145.62138591075112,164.39935792488797,155.40078180671853,8.87014922167111,2.075432163782214,6.794717057888896,4.260000000000001,20.4539238043467,4.070030001829737,5.025497059026926
2022-01-06 00:22:15.000000,2022-01-06 00:00:00,2022-01-06 00:44:30,2670.0,R,R01,S1P,1,-1,145.62138591075112,164.39935792488797,155.40078180671853,8.87014922167111,2.075432163782214,6.794717057888896,4.2700000000000005,16.080793063337804,3.078640039357184,5.223343053348795
2022-01-06 01:00:30.000000,2022-01-06 00:26:30,2022-01-06 01:34:30,4080.0,C,C33,S1X,2,-1,130.1592710315028,150.35680387048572,141.18635845764888,13.82082125754994,2.1256877856394816,11.695133471910458,4.410000000000002,6.935846261321507,1.5743530040875515,4.40552166084335
2022-01-06 01:00:30.000000,2022-01-06 00:26:30,2022-01-06 01:34:30,4080.0,C,C33,S2I,2,-1,130.1592710315028,150.35680387048572,141.18635845764888,13.82082125754994,2.1256877856394816,11.695133471910458,4.44,9.497762888538356,1.9995704548432949,4.749901592881201
2022-01-06 01:06:24.871794,2022-01-06 00:36:30,2022-01-06 01:35:30,3540.0,C,C45,S2I,1,1,211.43769939057367,226.60125777798845,218.29524358632895,2.0711218581798576,14.99909321530037,12.927971357120512,4.44,8.479346127339145,1.6453159842196177,5.153627758233289
2022-01-06 01:06:40.344827,2022-01-06 00:37:00,2022-01-06 01:35:30,3510.0,C,C45,S1X,1,1,211.5239677626702,226.60125777798845,218.35439206422384,2.209596010389372,14.99909321530037,12.789497204910996,4.469999999999998,7.208489421779321,1.4307231796180686,5.038353697256534
2022-01-06 01:11:45.000000,2022-01-06 00:50:30,2022-01-06 01:33:00,2550.0,C,C29,S1X,1,1,269.952539351072,257.0131753400221,263.48990181813326,4.079740353769834,14.993930624582756,10.914190270812922,4.44,5.263464444423254,1.199588365177901,4.387725487519774
2022-01-06 01:11:45.000000,2022-01-06 00:50:30,2022-01-06 01:33:00,2550.0,C,C29,S2I,1,1,269.952539351072,257.0131753400221,263.48990181813326,4.079740353769834,14.993930624582756,10.914190270812922,4.5200000000000005,7.52573979072982,1.5047872263321251,5.001198614021725
2022-01-06 02:19:00.000000,2022-01-06 02:01:00,2022-01-06 02:37:00,2160.0,R,R02,S1P,2,-1,150.17620738818718,160.62920851434367,155.89987720700773,14.875953432292764,2.4537181848062475,12.422235247486515,4.4,14.003639750623885,3.259943208332808,4.295669849348569
2022-01-06 02:19:15.000000,2022-01-06 02:01:00,2022-01-06 02:37:30,2190.0,R,R02,S1C,2,-1,150.17620738818718,160.73315455251554,155.9652095198978,14.875953432292764,2.2618129515006244,12.61414048079214,4.4,19.1898093715468,4.131012598454989,4.64530400578392
2022-01-06 02:24:09.857142,2022-01-06 02:05:30,2022-01-06 02:41:30,2160.0,G,G16,S1C,1,1,214.7256585650859,219.63240924277665,216.86686983135496,2.673635701542003,14.87601495813008,12.202379256588078,4.35,5.106216114098219,1.229548149926729,4.152920822500939
2022-01-06 02:29:45.000000,2022-01-06 02:12:30,2022-01-06 02:47:00,2070.0,G,G20,S1C,2,-1,136.6047365581483,136.4887431269683,136.8467562214999,14.898841289253523,2.1409483859815603,12.757892903271966,4.38,9.336983696288272,2.184024255867252,4.275128204828778
2022-01-06 03:23:30.000000,2022-01-06 03:04:00,2022-01-06 03:43:00,2340.0,C,C41,S1X,2,-1,140.33160014790874,143.93324931722603,142.5402840343212,14.875347028728823,2.2050429910867484,12.670304037642076,4.249999999999999,8.775867583263468,1.863643085971417,4.708985132037275
2022-01-06 03:23:30.000000,2022-01-06 03:04:00,2022-01-06 03:43:00,2340.0,C,C41,S2I,2,-1,140.33160014790874,143.93324931722603,142.5402840343212,14.875347028728823,2.2050429910867484,12.670304037642076,4.34,10.763611651668365,2.1645054676873188,4.972780994251227
2022-01-06 03:29:15.000000,2022-01-06 02:59:30,2022-01-06 03:59:00,3570.0,R,R11,S1C,1,1,195.3359810423338,220.89625214607693,207.41524563504055,2.133877512311681,10.753819518187765,8.619942005876084,4.3100000000000005,16.523827553650293,3.536895338647501,4.671845212125773
2022-01-06 03:29:15.000000,2022-01-06 02:59:30,2022-01-06 03:59:00,3570.0,R,R11,S1P,1,1,195.3359810423338,220.89625214607693,207.41524563504055,2.133877512311681,10.753819518187765,8.619942005876084,4.330000000000001,13.642555570697414,2.6386390632894687,5.170300008251176
2022-01-06 03:47:15.000000,2022-01-06 03:27:30,2022-01-06 04:07:00,2370.0,C,C35,S1X,1,1,239.8278107030347,232.19655409547065,235.82216682880568,2.8082202940844945,14.933652821257011,12.12543252717252,4.43,6.445085964933166,1.5596623939759378,4.132359663108348
2022-01-06 04:02:00.000000,2022-01-06 03:47:30,2022-01-06 04:16:30,1740.0,R,R03,S1C,2,-1,151.23085985254093,153.7899081958393,152.81841855070073,14.837267913198865,2.179446062951777,12.657821850247084,4.390000000000001,19.97456233635222,4.715798979656613,4.235668742989272
2022-01-06 04:02:00.000000,2022-01-06 03:47:30,2022-01-06 04:16:30,1740.0,R,R03,S1P,2,-1,151.23085985254093,153.7899081958393,152.81841855070073,14.837267913198865,2.179446062951777,12.657821850247084,4.44,16.579502176153895,3.486702860545639,4.755065986196296
2022-01-06 04:22:45.000000,2022-01-06 03:50:00,2022-01-06 04:55:30,3930.0,E,E02,S1X,1,1,208.27547980177653,227.1396208807254,217.2034723671913,2.578016274271159,8.656028303957852,6.078012029686693,4.46,11.488480781234037,2.563238214390772,4.482018376885274
2022-01-06 04:26:30.000000,2022-01-06 04:09:00,2022-01-06 04:44:00,2100.0,R,R21,S1P,1,1,233.16032454166717,222.48422446327345,227.6846737530417,2.0664887062893658,14.911266031510277,12.844777325220909,4.09,10.372310249937964,2.46029968274172,4.215872693353853
2022-01-06 04:30:30.000000,2022-01-06 03:59:30,2022-01-06 05:01:30,3720.0,R,R11,S1C,2,-1,221.1381144325731,249.7349702409544,235.81787823235544,10.753399239066834,2.001212907662373,8.75218633140446,4.249999999999999,14.970942218388512,3.220202908467147,4.649067976127893
2022-01-06 04:30:30.000000,2022-01-06 03:59:30,2022-01-06 05:01:30,3720.0,R,R11,S1P,2,-1,221.1381144325731,249.7349702409544,235.81787823235544,10.753399239066834,2.001212907662373,8.75218633140446,4.22,13.31273132957446,2.522057221553292,5.278520731331931
2022-01-06 04:33:17.019230,2022-01-06 04:07:30,2022-01-06 04:59:30,3120.0,G,G13,S1C,2,-1,134.3924927095245,149.20659445851578,142.46971249970574,14.969375059882193,2.25152232730756,12.717852732574633,4.36,8.167242099346627,1.8767376805744345,4.351829338688818
2022-01-06 05:30:45.000000,2022-01-06 04:56:00,2022-01-06 06:05:30,4170.0,E,E02,S1X,2,-1,227.3021464952879,249.62572705490803,238.60901351814712,8.655853814431373,2.219177429863783,6.43667638456759,4.38,13.054752932091668,2.8420315346481577,4.593458155877866
2022-01-06 05:40:47.500000,2022-01-06 05:23:00,2022-01-06 05:59:30,2190.0,C,C32,S1X,2,-1,134.2580077131839,130.04111153829004,132.44407172805353,14.83503426782423,2.7190733034757555,12.115960964348474,4.48,8.432903054458484,1.5341082768539835,5.49694124051788
2022-01-06 05:40:47.500000,2022-01-06 05:23:00,2022-01-06 05:59:30,2190.0,C,C32,S2I,2,-1,134.2580077131839,130.04111153829004,132.44407172805353,14.83503426782423,2.7190733034757555,12.115960964348474,4.44,8.783106431485628,1.6916854365629996,5.1919264903824445
2022-01-06 05:43:30.000000,2022-01-06 05:29:00,2022-01-06 05:58:00,1740.0,R,R04,S1C,2,-1,147.40729305911586,144.208294567656,146.02377267967196,14.808937492158805,2.075416803671361,12.733520688487443,4.510000000000001,18.54884628431376,4.473980815784887,4.14593782317318
2022-01-06 05:43:30.000000,2022-01-06 05:29:00,2022-01-06 05:58:00,1740.0,R,R04,S1P,2,-1,147.40729305911586,144.208294567656,146.02377267967196,14.808937492158805,2.075416803671361,12.733520688487443,4.530000000000001,15.375472204741984,3.650809374487244,4.211524247798194
2022-01-06 06:08:15.000000,2022-01-06 05:50:30,2022-01-06 06:26:00,2130.0,G,G21,S1C,1,1,238.56897162547887,231.7816818431068,235.00468787612604,2.3912591771841334,14.977605486527075,12.58634630934294,4.579999999999998,7.011011493806967,1.483253277558969,4.726779707741609
2022-01-06 06:09:45.000000,2022-01-06 05:51:00,2022-01-06 06:28:30,2250.0,C,C44,S2I,1,1,221.5597670319328,221.48537374249923,221.19105124123465,2.148088095677464,14.838779580698649,12.690691485021183,4.410000000000001,10.72745721158753,2.1459113153127705,4.999021690709518
2022-01-06 06:49:54.642857,2022-01-06 06:29:00,2022-01-06 07:12:00,2580.0,E,E19,S1X,2,-1,137.47516759317625,135.16632155115337,136.71044971421622,14.925940515601337,2.106601911993937,12.819338603607395,4.56,4.90900007815171,1.1799431960028042,4.16036983371871
2022-01-06 07:13:58.767123,2022-01-06 06:55:30,2022-01-06 07:32:00,2190.0,C,C12,S2I,1,1,215.2147100290321,218.1333989647076,216.3261299342042,2.729145720913672,14.91689142944658,12.18774570853291,4.51,7.213182910447975,1.6056760654876805,4.492302691363322
2022-01-06 07:20:12.336448,2022-01-06 06:53:30,2022-01-06 07:49:00,3330.0,G,G24,S1C,3,-1,130.18046671110446,147.2351081844225,139.06899538646573,12.88983918482272,2.069203953331101,10.820635231491618,4.569999999999999,6.679220752065389,1.5449890894105016,4.323150757403652
2022-01-06 08:13:15.000000,2022-01-06 07:44:30,2022-01-06 08:42:00,3450.0,C,C37,S2I,2,-1,130.08997923272187,148.77464340201925,139.84831720927005,7.814741768139095,2.07650155780055,5.738240210338545,4.630000000000001,12.322885553307144,3.058606917971188,4.028920970819312
2022-01-06 08:13:30.000000,2022-01-06 07:45:00,2022-01-06 08:42:00,3420.0,C,C37,S1X,2,-1,130.27004774254394,148.77464340201925,139.93314123106126,7.809097731690896,2.07650155780055,5.732596173890346,4.620000000000001,10.47136137106681,2.5289758666526567,4.140554091141512
2022-01-06 08:30:00.000000,2022-01-06 08:05:30,2022-01-06 08:54:30,2940.0,C,C34,S2I,1,1,211.79672106313828,222.29442838143532,216.4191796878697,2.190748325991474,14.947683314675958,12.756934988684485,4.92,10.071932598167963,2.181543009677646,4.616884724934319
2022-01-06 08:30:12.857142,2022-01-06 08:05:30,2022-01-06 08:54:30,2940.0,C,C34,S1X,1,1,211.79672106313828,222.29442838143532,216.461248290078,2.190748325991474,14.947683314675958,12.756934988684485,4.88,7.750571939977375,1.5563780675066246,4.979877384416037
2022-01-06 09:07:54.146341,2022-01-06 08:36:00,2022-01-06 09:38:30,3750.0,G,G17,S1C,1,1,209.294070019636,233.2528653022448,220.9108548902285,2.0639129746207976,9.522723046556004,7.458810071935207,4.59,7.32341646747895,1.6659804002608842,4.395859919079563
2022-01-06 09:31:27.560975,2022-01-06 09:00:00,2022-01-06 10:02:00,3720.0,C,C11,S2I,1,1,208.42395062815757,226.1309836252306,216.5147565926617,2.4418538343694607,14.962632591362642,12.52077875699318,4.839999999999998,6.865286377609091,1.640629269553794,4.184544616515503
2022-01-06 09:38:45.000000,2022-01-06 09:21:00,2022-01-06 09:56:30,2130.0,R,R24,S1P,1,1,199.63606424375084,209.06240813715092,203.86010749275903,2.0200006210980765,14.893640539114664,12.873639918016586,4.800000000000001,12.71244208191687,2.343358188852076,5.424882180792099
2022-01-06 09:53:30.000000,2022-01-06 09:31:00,2022-01-06 10:16:00,2700.0,R,R01,S1C,2,1,268.1627638758742,249.55439406984493,258.9150447149202,2.0074150546567893,14.933208000030923,12.925792945374136,4.49,9.193506182332332,2.181755096026249,4.213812173088066
2022-01-06 09:53:30.000000,2022-01-06 09:31:00,2022-01-06 10:16:00,2700.0,R,R01,S1P,2,1,268.1627638758742,249.55439406984493,258.9150447149202,2.0074150546567893,14.933208000030923,12.925792945374136,4.68,7.1019437213115975,1.7434722664679336,4.073448059887575
2022-01-06 10:23:00.000000,2022-01-06 09:58:30,2022-01-06 10:47:30,2940.0,E,E01,S1X,2,-1,139.21590202827815,152.4616593267167,146.1806559289767,8.254280296415576,2.0026783259350527,6.251601970480524,4.71,16.747490732097834,3.60983489181585,4.639406298074029
2022-01-06 10:44:15.000000,2022-01-06 10:22:30,2022-01-06 11:06:00,2610.0,C,C46,S1X,3,-1,138.91525889723022,145.74318468624182,142.83703153973082,14.931255749438224,2.1188088939472176,12.812446855491007,4.789999999999999,8.276066565543136,1.855523915129141,4.460231688777311
2022-01-06 10:44:15.000000,2022-01-06 10:22:30,2022-01-06 11:06:00,2610.0,C,C46,S2I,3,-1,138.91525889723022,145.74318468624182,142.83703153973082,14.931255749438224,2.1188088939472176,12.812446855491007,4.82,9.312393650421184,2.300615416806016,4.047783728820589
2022-01-06 10:59:00.000000,2022-01-06 10:36:30,2022-01-06 11:21:30,2700.0,C,C42,S1X,1,1,249.23604412402656,238.23836176565533,243.5765232538141,2.1123624304995454,14.96050014980826,12.848137719308712,4.569999999999999,8.889602650741109,1.8132125714681613,4.90268090494386
2022-01-06 10:59:00.000000,2022-01-06 10:36:30,2022-01-06 11:21:30,2700.0,C,C42,S2I,1,1,249.23604412402656,238.23836176565533,243.5765232538141,2.1123624304995454,14.96050014980826,12.848137719308712,4.590000000000001,9.486065774510417,2.369582477899659,4.003264652310663
2022-01-06 11:28:30.000000,2022-01-06 10:57:00,2022-01-06 12:00:00,3780.0,R,R17,S1C,2,1,193.8954417868139,220.99277242827887,206.59277486738853,2.026514384978253,11.905277444001348,9.878763059023097,4.490000000000001,13.522179482391405,2.693157527059431,5.020938933771104
2022-01-06 11:28:30.000000,2022-01-06 10:57:00,2022-01-06 12:00:00,3780.0,R,R17,S1P,2,1,193.8954417868139,220.99277242827887,206.59277486738853,2.026514384978253,11.905277444001348,9.878763059023097,4.5200000000000005,10.396438988841068,1.8333933400942717,5.6705992988424905
2022-01-06 11:28:45.000000,2022-01-06 11:01:00,2022-01-06 11:56:30,3330.0,C,C11,S2I,2,-1,249.51233853560475,269.9296126201352,260.02630649673233,14.982054199061444,5.289546535537718,9.692507663523728,4.850000000000001,5.526281623441113,1.2820833233432145,4.310391940073401
2022-01-06 12:12:00.000000,2022-01-06 11:52:00,2022-01-06 12:32:00,2400.0,C,C14,S2I,2,1,236.3726831681538,229.58583723787385,232.7545029200916,2.2256587338800973,14.867499315510996,12.641840581630898,4.539999999999999,7.731843930225589,1.443254569051673,5.357228098232174
2022-01-06 12:12:17.647058,2022-01-06 11:55:30,2022-01-06 12:29:30,2040.0,G,G31,S1C,4,-1,133.6570366746671,130.06138418133438,132.1107147685735,14.855882664866703,2.2312740432296483,12.624608621637057,4.630000000000001,9.235455864172012,1.99413463597426,4.63131009188851
2022-01-06 12:21:00.000000,2022-01-06 12:03:30,2022-01-06 12:38:30,2100.0,R,R02,S1P,3,1,234.5918219215313,224.00855451917465,229.1658196223436,2.0399761825291134,14.873483764268135,12.833507581739024,4.6400000000000015,12.578377345867162,2.940999052940626,4.276906289136809
2022-01-06 12:31:45.000000,2022-01-06 12:01:30,2022-01-06 13:02:00,3630.0,E,E13,S1X,1,1,205.8595177889236,223.6014306185106,214.3271370282728,2.163347496444329,7.423658220869095,5.260310724424766,4.38,13.669679257820176,2.894242697762824,4.723059081529856
2022-01-06 12:33:00.000000,2022-01-06 12:00:30,2022-01-06 13:05:30,3900.0,R,R17,S1C,3,-1,221.2388458327769,251.445884279005,236.81460010857816,11.904945646765174,2.101264261106847,9.803681385658328,4.610000000000001,14.434753673962962,3.600501748162339,4.009095032749344
2022-01-06 12:53:41.729323,2022-01-06 12:18:00,2022-01-06 13:27:00,4140.0,G,G11,S1X,2,1,210.71710849925532,235.74392016236095,222.8787568102341,2.212532434924725,10.847294700486694,8.63476226556197,4.359999999999999,7.630855985146506,1.6422692894637605,4.646531500103835
2022-01-06 12:55:30.000000,2022-01-06 12:36:30,2022-01-06 13:14:30,2280.0,C,C36,S1X,4,-1,136.3741771981982,134.72749552932638,135.86044106883946,14.986025265514629,2.158412068771657,12.82761319674297,4.590000000000002,8.529475319077191,1.6637192979599202,5.126751447516521
2022-01-06 12:55:30.000000,2022-01-06 12:36:30,2022-01-06 13:14:30,2280.0,C,C36,S2I,4,-1,136.3741771981982,134.72749552932638,135.86044106883946,14.986025265514629,2.158412068771657,12.82761319674297,4.529999999999999,9.998965775567498,2.225279509789284,4.4933527368498165
2022-01-06 12:57:47.666666,2022-01-06 12:35:30,2022-01-06 13:20:30,2700.0,E,E31,S1X,4,-1,141.4685032317628,145.97755863612875,144.1866395720644,14.873882872615964,2.2991352142607395,12.574747658355223,4.68,7.359366678814434,1.824972226362984,4.032591056731331
2022-01-06 13:11:14.411764,2022-01-06 12:45:00,2022-01-06 13:36:30,3090.0,E,E08,S1X,1,1,247.07433613225496,235.82454849659223,241.10433472193597,2.00744840305555,14.968688552884124,12.961240149828573,4.279999999999999,9.142642072687368,2.10937689078954,4.3342856900576345
2022-01-06 13:26:45.000000,2022-01-06 13:08:00,2022-01-06 13:45:30,2250.0,C,C33,S2I,3,1,225.9161490160745,223.312708973422,224.3265428622571,2.201956369615792,14.900847570686782,12.698891201070987,4.28,10.112877294841676,1.8333467571467823,5.516074498956345
2022-01-06 13:27:00.000000,2022-01-06 13:08:30,2022-01-06 13:45:30,2220.0,C,C33,S1X,3,1,225.85959745821367,223.312708973422,224.30534895902423,2.3655277966205777,14.900847570686782,12.535319774066204,4.279999999999999,8.00840882695663,1.8158980042572652,4.410164452068007
2022-01-06 13:41:17.916666,2022-01-06 13:23:30,2022-01-06 13:59:30,2160.0,G,G26,S1C,4,-1,138.0636051684042,142.0920711651397,140.43470540747404,14.834587865590658,2.207786383844548,12.62680148174611,4.45,6.928299106368515,1.6774534204685725,4.130248281012294
2022-01-06 13:42:28.000000,2022-01-06 13:23:30,2022-01-06 14:01:00,2250.0,G,G20,S1C,3,1,215.7341290428301,222.3012911305533,218.62943114189352,2.673864494284729,14.933017602662025,12.259153108377296,4.35,5.313894801409538,1.1014814579264038,4.8243161636267775
2022-01-06 14:03:40.758620,2022-01-06 13:27:30,2022-01-06 14:41:30,4440.0,G,G11,S1C,3,-1,235.95157711358527,265.67846454000164,250.80421332806853,10.847149515515875,2.122025486632313,8.725124028883563,4.43,7.769900920969584,1.9160559166104127,4.055153533679164
2022-01-06 14:03:40.758620,2022-01-06 13:27:30,2022-01-06 14:41:30,4440.0,G,G11,S1X,3,-1,235.95157711358527,265.67846454000164,250.80421332806853,10.847149515515875,2.122025486632313,8.725124028883563,4.43,9.40393179846546,2.1713862054890165,4.330842562549856
2022-01-06 14:13:00.000000,2022-01-06 13:58:30,2022-01-06 14:27:30,1740.0,R,R03,S1P,3,1,216.97444060108444,213.4375781701806,214.9973238874759,2.1556691870062865,14.832097468224385,12.676428281218096,4.21,11.382327260784823,2.6606148269374845,4.278081571802152
2022-01-06 14:54:30.000000,2022-01-06 14:32:30,2022-01-06 15:16:30,2640.0,G,G05,S1C,3,1,212.4626649921816,223.16548574228588,217.2493192002009,2.569605573208784,14.894145629861454,12.324540056652667,3.9,6.691291075635377,1.5285837973668817,4.377444721814864
2022-01-06 15:10:52.272727,2022-01-06 14:54:30,2022-01-06 15:29:00,2070.0,G,G16,S1C,4,-1,139.0211491472176,139.19526550628092,139.42434571838552,14.9537325101818,2.025021565347601,12.9287109448342,4.18,6.597441059039121,1.2793335564801935,5.156935832427109
2022-01-06 15:21:30.000000,2022-01-06 14:59:30,2022-01-06 15:43:30,2640.0,E,E24,S1X,4,-1,136.19966746850884,131.89428649993812,134.37854423404727,14.979061571474375,2.0072870087371144,12.971774562737265,3.99,11.5328877310624,2.725866402226309,4.230907179325844
2022-01-06 15:40:29.277108,2022-01-06 15:19:30,2022-01-06 16:01:00,2490.0,C,C41,S1X,3,1,214.2064762037368,219.81851392187437,216.5692440362766,2.093315691564765,14.927699772779592,12.834384081214829,4.06,8.821109687725794,1.4892253094931966,5.923287518345854
2022-01-06 15:40:29.277108,2022-01-06 15:19:30,2022-01-06 16:01:00,2490.0,C,C41,S2I,3,1,214.2064762037368,219.81851392187437,216.5692440362766,2.093315691564765,14.927699772779592,12.834384081214829,4.08,9.645421426878675,1.8141919517085912,5.316648780077927
2022-01-06 15:45:29.565217,2022-01-06 15:28:00,2022-01-06 16:02:30,2070.0,G,G13,S1C,3,1,230.83428453800397,226.43824082441208,228.3843066550427,2.501792454788961,14.957186021345406,12.455393566556443,4.119999999999999,10.835929471874948,2.07583940311535,5.220023020862186
2022-01-06 15:54:13.953488,2022-01-06 15:32:30,2022-01-06 16:15:30,2580.0,E,E07,S1X,3,1,223.3477911833779,222.0327996801135,222.3106384488742,2.048630042995716,14.857446207391568,12.808816164395854,4.03,10.40130628485689,2.2298674507128533,4.664540164273781
2022-01-06 15:54:44.482758,2022-01-06 15:40:00,2022-01-06 16:09:00,1740.0,R,R04,S1C,3,1,206.52227805449064,208.59878239508447,207.26967704415384,2.1791119236844745,14.968302810208629,12.789190886524151,4.08,16.886864107346867,3.7052016401408,4.5576100162541096
2022-01-06 15:54:44.482758,2022-01-06 15:40:00,2022-01-06 16:09:00,1740.0,R,R04,S1P,3,1,206.52227805449064,208.59878239508447,207.26967704415384,2.1791119236844745,14.968302810208629,12.789190886524151,4.08,13.132363323542537,2.501946033115692,5.248859547617303
2022-01-06 16:14:51.521739,2022-01-06 15:52:00,2022-01-06 16:39:30,2850.0,G,G27,S1C,4,-1,136.93246859927189,149.26148372685097,143.5171369246749,14.936524273822643,2.145974619268686,12.790549654553956,4.04,8.066266009549015,1.6882169584272535,4.777979494450503
2022-01-06 16:31:45.000000,2022-01-06 16:01:30,2022-01-06 17:02:00,3630.0,R,R21,S1C,4,-1,140.4301453617604,166.5534497282026,154.25864318996227,11.3604144849143,2.112614660346738,9.247799824567563,3.8,15.422070813827354,3.167763356100856,4.868441572229722
2022-01-06 16:31:45.000000,2022-01-06 16:01:30,2022-01-06 17:02:00,3630.0,R,R21,S1P,4,-1,140.4301453617604,166.5534497282026,154.25864318996227,11.3604144849143,2.112614660346738,9.247799824567563,3.82,13.621897209050612,2.5411411340822108,5.360543350525259
2022-01-06 16:56:13.378378,2022-01-06 16:37:00,2022-01-06 17:14:30,2250.0,G,G15,S1C,3,1,219.53833249722112,222.65681950065917,220.74202357633857,2.0360724428269736,14.883263020100216,12.847190577273242,4.0600000000000005,8.021049130080591,1.7816304974723849,4.502083423841322
2022-01-06 17:34:00.000000,2022-01-06 17:16:30,2022-01-06 17:51:30,2100.0,R,R05,S1C,3,1,199.70769599684607,208.9422126745324,203.84913584940736,2.177520125335936,14.902337978837885,12.72481785350195,4.1,16.67310191158489,3.730194315784949,4.46976765822355
2022-01-06 17:34:00.000000,2022-01-06 17:16:30,2022-01-06 17:51:30,2100.0,R,R05,S1P,3,1,199.70769599684607,208.9422126745324,203.84913584940736,2.177520125335936,14.902337978837885,12.72481785350195,4.11,13.417190480702276,2.6837114322592805,4.999490749796085
2022-01-06 18:03:45.312500,2022-01-06 17:40:00,2022-01-06 18:28:00,2880.0,C,C35,S1X,4,-1,138.1693501178526,148.00894952511172,143.65104036990155,14.922361254775756,2.091627689951893,12.830733564823865,4.08,7.9312466187830415,1.6800058547048038,4.720963677937094
2022-01-06 18:04:00.000000,2022-01-06 17:40:00,2022-01-06 18:28:00,2880.0,C,C35,S2I,4,-1,138.1693501178526,148.00894952511172,143.6953068410039,14.922361254775756,2.091627689951893,12.830733564823865,4.08,9.528695930511937,1.997953411037072,4.769228290246219
2022-01-06 18:04:45.000000,2022-01-06 17:42:30,2022-01-06 18:27:00,2670.0,R,R15,S1C,4,1,265.93693265011746,247.63707434384796,256.8271406185478,2.041168554456361,14.89143422378076,12.8502656693244,4.0,13.182070717861356,3.1330995829728523,4.207357719971832
2022-01-06 18:04:45.000000,2022-01-06 17:42:30,2022-01-06 18:27:00,2670.0,R,R15,S1P,4,1,265.93693265011746,247.63707434384796,256.8271406185478,2.041168554456361,14.89143422378076,12.8502656693244,4.01,10.49802481712451,2.34098676657594,4.484444323655668
2022-01-06 18:06:45.000000,2022-01-06 17:44:30,2022-01-06 18:29:00,2670.0,C,C23,S1X,1,1,259.9640731337381,247.7715952445586,253.7942008948666,2.946815178587476,14.861146428283316,11.91433124969584,4.02,7.745058135718088,1.6246412714483205,4.76724201941121
2022-01-06 18:06:45.000000,2022-01-06 17:44:30,2022-01-06 18:29:00,2670.0,C,C23,S2I,1,1,259.9640731337381,247.7715952445586,253.7942008948666,2.946815178587476,14.861146428283316,11.91433124969584,4.0200000000000005,8.219576989542352,1.7714942888022345,4.639911650576011
2022-01-06 18:11:00.000000,2022-01-06 17:36:30,2022-01-06 18:45:30,4140.0,C,C32,S1X,3,1,210.0521792014452,232.64150917474177,220.6624418862236,2.732992506328292,10.454788688695835,7.721796182367543,3.97,8.323993156952286,1.655935051082024,5.026763067496644
2022-01-06 18:11:00.000000,2022-01-06 17:36:30,2022-01-06 18:45:30,4140.0,C,C32,S2I,3,1,210.0521792014452,232.64150917474177,220.6624418862236,2.732992506328292,10.454788688695835,7.721796182367543,4.01,10.389113281496046,2.3609150492002846,4.400460442240462
2022-01-06 18:35:44.788732,2022-01-06 18:16:30,2022-01-06 18:53:30,2220.0,G,G24,S1C,4,1,235.60543660229263,230.31431697165436,232.6304268207556,2.152194926889253,14.870405269047785,12.718210342158532,3.85,4.967591324000059,1.1846989723797392,4.193125375994472
2022-01-06 18:36:15.394736,2022-01-06 17:58:30,2022-01-06 19:15:00,4590.0,E,E11,S1X,3,-1,132.7764278911077,153.52966996342423,143.97892929269642,12.62287203968554,2.027997865141117,10.594874174544424,3.93,8.421012566695866,1.4852595523768035,5.669724563104168
2022-01-06 18:47:38.181818,2022-01-06 18:23:00,2022-01-06 19:13:30,3030.0,G,G21,S1C,4,-1,130.1862743653908,148.5492331913307,139.6425271449639,10.979951498680798,2.388005399904324,8.591946098776475,4.0,8.898471611761785,2.0129199362065764,4.420678364650355
2022-01-06 19:24:00.000000,2022-01-06 18:46:00,2022-01-06 20:02:00,4560.0,C,C32,S1X,4,-1,232.8286460799445,260.4832336543603,246.9312755262652,10.45455009937107,2.0256752866844816,8.428874812686589,4.159999999999999,10.715276042402436,2.026588347496392,5.28734711005315
2022-01-06 19:24:00.000000,2022-01-06 18:46:00,2022-01-06 20:02:00,4560.0,C,C32,S2I,4,-1,232.8286460799445,260.4832336543603,246.9312755262652,10.45455009937107,2.0256752866844816,8.428874812686589,4.18,10.443679578664606,2.0650770260066698,5.05728331056978
2022-01-06 20:23:00.000000,2022-01-06 20:04:00,2022-01-06 20:42:00,2280.0,C,C44,S1X,4,-1,138.3265571555021,137.99259976595118,138.49583467476288,14.8963207042206,2.005252941675629,12.89106776254497,4.17,8.961155449750885,1.78526593968105,5.01950731852973
2022-01-06 20:23:00.000000,2022-01-06 20:04:00,2022-01-06 20:42:00,2280.0,C,C44,S2I,4,-1,138.3265571555021,137.99259976595118,138.49583467476288,14.8963207042206,2.005252941675629,12.89106776254497,4.27,10.391767746136088,2.408401793367197,4.314798209648944
2022-01-06 20:37:15.000000,2022-01-06 20:17:30,2022-01-06 20:57:00,2370.0,C,C37,S1X,3,1,233.40934863019925,228.16981499344013,230.5374387403793,2.070489516481313,14.861487368699333,12.79099785221802,4.3500000000000005,8.20084116732821,1.60751458504423,5.101565636558481
2022-01-06 20:37:15.000000,2022-01-06 20:17:30,2022-01-06 20:57:00,2370.0,C,C37,S2I,3,1,233.40934863019925,228.16981499344013,230.5374387403793,2.070489516481313,14.861487368699333,12.79099785221802,4.46,8.727123429739095,1.9838088305584771,4.399175613752186
2022-01-06 21:15:27.407407,2022-01-06 20:55:00,2022-01-06 21:35:30,2430.0,G,G25,S1C,5,1,250.6999055037673,240.3196409451681,245.3366706484356,2.41784053953842,14.908612169786185,12.490771630247764,4.3500000000000005,5.238163455883025,1.2776030636330415,4.099992873363641
2022-01-06 21:28:15.000000,2022-01-06 21:09:30,2022-01-06 21:47:00,2250.0,C,C12,S2I,4,-1,136.83231106239188,133.0212883965788,135.1968229685696,14.891625052563008,2.169517654040413,12.722107398522596,4.35,7.666500902743073,1.8663546893093377,4.10774058471176
2022-01-06 21:40:30.000000,2022-01-06 21:26:00,2022-01-06 21:55:00,1740.0,R,R24,S1C,4,-1,147.58186949512915,144.57997513790085,146.3008063541387,14.926297387156376,2.1565506146995195,12.769746772456855,4.34,18.80068346036677,3.847954468582936,4.885890312337918
2022-01-06 21:40:30.000000,2022-01-06 21:26:00,2022-01-06 21:55:00,1740.0,R,R24,S1P,4,-1,147.58186949512915,144.57997513790085,146.3008063541387,14.926297387156376,2.1565506146995195,12.769746772456855,4.36,14.081784175101484,3.0743449050581195,4.580417815819294
2022-01-06 22:12:00.000000,2022-01-06 21:57:30,2022-01-06 22:26:30,1740.0,R,R09,S1C,5,1,217.24164360350105,214.13394875615649,215.47414373868637,2.2249047431911944,14.859902266361049,12.634997523169854,4.530000000000001,14.527899745711906,2.642788432710829,5.497186065253803
2022-01-06 22:12:00.000000,2022-01-06 21:57:30,2022-01-06 22:26:30,1740.0,R,R09,S1P,5,1,217.24164360350105,214.13394875615649,215.47414373868637,2.2249047431911944,14.859902266361049,12.634997523169854,4.530000000000001,10.922779203561372,2.0944285216860004,5.215159691756209
2022-01-06 23:02:45.000000,2022-01-06 22:43:00,2022-01-06 23:22:30,2370.0,C,C46,S2I,4,1,217.61938534713263,220.6483553414786,218.72775249515396,2.0363947958697404,14.86239825473224,12.826003458862502,4.500000000000001,8.807934384596077,1.9402011284754055,4.539701712016465
2022-01-06 23:03:15.000000,2022-01-06 22:44:00,2022-01-06 23:22:30,2310.0,C,C46,S1X,4,1,217.6379058982634,220.6483553414786,218.7560595219068,2.3666437940892955,14.86239825473224,12.495754460642946,4.5,8.02648717765936,1.5391203485712586,5.214983470987323
2022-01-07 00:27:15.000000,2022-01-07 00:00:00,2022-01-07 00:54:30,3270.0,R,R02,S1C,1,-1,141.5481562696306,164.9755850085498,153.85407155778665,10.154136731273836,2.125409520266944,8.028727211006894,4.340000000000002,17.68942442438869,3.68148254926101,4.804973047594513
2022-01-07 00:27:15.000000,2022-01-07 00:00:00,2022-01-07 00:54:30,3270.0,R,R02,S1P,1,-1,141.5481562696306,164.9755850085498,153.85407155778665,10.154136731273836,2.125409520266944,8.028727211006894,4.320000000000002,15.423393467889914,2.883744280132745,5.348391524917022
2022-01-07 01:15:45.000000,2022-01-07 00:44:00,2022-01-07 01:47:30,3810.0,C,C42,S1X,2,-1,132.02547823440412,149.75051245607676,141.79689243962443,14.965301279515446,2.2627980574968998,12.702503222018546,4.47,6.57033233776148,1.530707452341762,4.292350133730529
2022-01-07 01:15:45.000000,2022-01-07 00:44:00,2022-01-07 01:47:30,3810.0,C,C42,S2I,2,-1,132.02547823440412,149.75051245607676,141.79689243962443,14.965301279515446,2.2627980574968998,12.702503222018546,4.5200000000000005,8.129765446673334,1.650782269830598,4.924795713675556
2022-01-07 01:24:00.000000,2022-01-07 01:00:30,2022-01-07 01:47:30,2820.0,C,C30,S1X,1,1,267.33284033467964,253.32680257900057,260.3094517030066,2.749628660153407,14.86628183423287,12.116653174079463,4.5200000000000005,6.166227078461819,1.3718365811968154,4.494869988874542
2022-01-07 01:24:00.000000,2022-01-07 01:00:30,2022-01-07 01:47:30,2820.0,C,C30,S2I,1,1,267.33284033467964,253.32680257900057,260.3094517030066,2.749628660153407,14.86628183423287,12.116653174079463,4.5,9.614723450876344,2.143506729949584,4.48551120299141
2022-01-07 01:29:56.423841,2022-01-07 00:51:30,2022-01-07 02:07:30,4560.0,C,C36,S2I,1,1,211.33786248448015,233.94862892580807,221.61289136397252,2.2359576841212907,14.982554240091158,12.746596555969868,4.49,8.430819692844182,1.496164188947521,5.6349562134453
2022-01-07 01:34:15.000000,2022-01-07 01:16:00,2022-01-07 01:52:30,2190.0,R,R11,S1P,1,1,199.6256875166571,209.75777196525192,204.18040904681263,2.1099832218426062,14.973920456116106,12.8639372342735,4.4,11.705497347100836,2.664296212225552,4.393466947627023
2022-01-07 02:11:45.000000,2022-01-07 01:49:00,2022-01-07 02:34:30,2730.0,R,R21,S1C,1,1,264.22970353241305,245.0513414913279,254.67235590111693,2.0193087962498653,14.953764627246192,12.934455830996328,4.16,15.275640318685724,3.3242175107090084,4.595258965297866
2022-01-07 02:11:45.000000,2022-01-07 01:49:00,2022-01-07 02:34:30,2730.0,R,R21,S1P,1,1,264.22970353241305,245.0513414913279,254.67235590111693,2.0193087962498653,14.953764627246192,12.934455830996328,4.14,12.108964382679284,2.8209181478201746,4.292561410204801
2022-01-07 02:25:30.000000,2022-01-07 02:08:30,2022-01-07 02:42:30,2040.0,G,G20,S1C,2,-1,136.60322603283967,136.506350415513,136.8466286015188,14.884209674800411,2.30759035559112,12.576619319209293,4.42,9.588816819961917,1.7936827153690056,5.345882378082266
2022-01-07 02:27:53.571428,2022-01-07 02:07:00,2022-01-07 02:50:30,2610.0,C,C14,S2I,2,-1,139.61149951323614,147.0867746595149,143.7281830737036,14.876504688317675,2.248710626627225,12.627794061690452,4.43,5.881443971964961,1.1290222964367571,5.209324909283945
2022-01-07 02:49:00.000000,2022-01-07 02:10:30,2022-01-07 03:27:30,4620.0,E,E03,S1X,2,-1,130.08005866555877,150.18192149993,141.09544916465103,12.989199173906504,2.1108651508555933,10.87833402305091,4.44,8.276610601269862,1.7684626178502214,4.680116230746837
2022-01-07 02:59:00.000000,2022-01-07 02:37:30,2022-01-07 03:20:30,2580.0,E,E31,S1X,1,1,212.5371305695235,222.71394622517195,217.2338305279388,6.669629180381726,14.958806388614631,8.289177208232907,4.65,6.03892311818598,1.4304033751132903,4.221832263019993
2022-01-07 03:24:55.522388,2022-01-07 03:07:30,2022-01-07 03:41:30,2040.0,G,G27,S1C,1,1,228.96507821487992,225.14115352381663,226.7778510812569,2.546376424497132,14.836356766661376,12.289980342164244,4.47,5.378990513369183,1.309226647130015,4.108525078648978
2022-01-07 03:29:45.000000,2022-01-07 03:00:30,2022-01-07 03:59:00,3510.0,R,R12,S1C,1,1,195.6174264760344,220.79148803560693,207.54521411824368,2.095312180879985,10.32364567697492,8.228333496094937,4.260000000000001,16.71277274127618,3.9197987008894217,4.263681381771969
2022-01-07 03:29:45.000000,2022-01-07 03:00:30,2022-01-07 03:59:00,3510.0,R,R12,S1P,1,1,195.6174264760344,220.79148803560693,207.54521411824368,2.095312180879985,10.32364567697492,8.228333496094937,4.3100000000000005,14.150024526603362,2.8864332129073054,4.902252532062232
2022-01-07 03:39:30.000000,2022-01-07 03:22:30,2022-01-07 03:56:30,2040.0,G,G05,S1C,2,-1,135.0845150463464,132.21040567421565,133.89014450760467,14.820788594653353,2.2400916747451447,12.580696919908208,4.5,8.137748455937768,1.882463886474972,4.3229240754127805
2022-01-07 03:40:30.000000,2022-01-07 03:21:30,2022-01-07 03:59:30,2280.0,C,C33,S1X,2,-1,140.14894909602552,142.31537961305722,141.60604005701038,14.86110651927258,2.211858918194598,12.64924760107798,4.38,8.178409559402876,1.6110392855903288,5.076480525678853
2022-01-07 03:40:45.000000,2022-01-07 03:21:30,2022-01-07 04:00:00,2310.0,C,C33,S2I,2,-1,140.14894909602552,142.31506752232764,141.6151305084704,14.86110651927258,2.044172617206457,12.816933902066122,4.340000000000001,12.196761803737523,2.6156472749213755,4.662999449764934
2022-01-07 03:55:15.000000,2022-01-07 03:40:30,2022-01-07 04:10:00,1770.0,R,R04,S1C,2,-1,151.64476174622828,154.40272146014982,153.344990205796,14.936695822582935,2.063179187668242,12.873516634914694,4.35,21.749877202787733,3.593075425012322,6.053275990640565
2022-01-07 03:55:15.000000,2022-01-07 03:40:30,2022-01-07 04:10:00,1770.0,R,R04,S1P,2,-1,151.64476174622828,154.40272146014982,153.344990205796,14.936695822582935,2.063179187668242,12.873516634914694,4.36,17.280773813313157,3.1463681011525493,5.492292464757388
2022-01-07 04:06:45.000000,2022-01-07 03:46:30,2022-01-07 04:27:00,2430.0,C,C29,S2I,1,1,236.1536756500982,229.40215082167776,232.54437141009373,2.07925479365294,14.912590170647231,12.833335376994292,4.34,9.867210886879104,2.021237570917992,4.881767006932136
2022-01-07 04:06:59.629629,2022-01-07 03:46:30,2022-01-07 04:27:00,2430.0,C,C29,S1X,1,1,236.1536756500982,229.40215082167776,232.5010442476289,2.07925479365294,14.912590170647231,12.833335376994292,4.31,7.4407729204463875,1.302681485233265,5.711889671260663
2022-01-07 04:29:19.615384,2022-01-07 04:03:30,2022-01-07 04:56:00,3150.0,G,G13,S1C,2,-1,134.42304615453847,149.32306097560289,142.50253258034533,14.957256720709688,2.0768380266489057,12.88041869406078,4.37,6.953480138058181,1.562274980250906,4.450868269644459
2022-01-07 04:29:30.000000,2022-01-07 03:59:30,2022-01-07 04:59:30,3600.0,R,R12,S1C,2,-1,221.03249907222403,248.7108732851812,235.2143007040788,10.322648889010612,2.07475061781711,8.247898271193502,4.220000000000001,18.052595698295104,3.7262341368946976,4.844729299093227
2022-01-07 04:29:30.000000,2022-01-07 03:59:30,2022-01-07 04:59:30,3600.0,R,R12,S1P,2,-1,221.03249907222403,248.7108732851812,235.2143007040788,10.322648889010612,2.07475061781711,8.247898271193502,4.23,15.096291888283652,2.939648229902544,5.13540760922409
2022-01-07 04:42:23.076923,2022-01-07 04:25:00,2022-01-07 04:58:30,2010.0,G,G08,S1C,1,1,220.49404918342807,221.155035832156,220.52697601725663,2.473090670401547,14.954970030021236,12.48187935961969,4.49,5.782491233196531,1.436034329699904,4.026708215537528
2022-01-07 05:35:00.000000,2022-01-07 05:13:00,2022-01-07 05:57:00,2640.0,E,E08,S1X,2,-1,140.15571502139727,142.09363044765098,141.5618663125929,14.993164457562692,2.138479302521746,12.854685155040944,4.45,9.971259291482456,1.8037437532667493,5.528090824111556
2022-01-07 05:36:00.000000,2022-01-07 05:21:30,2022-01-07 05:50:30,1740.0,R,R05,S1C,2,-1,147.67641477800467,144.68793056020812,146.40202635757095,14.79591001346741,2.0458120214689948,12.750097991998414,4.410000000000001,24.575119042475755,4.60169317698785,5.340451459339146
2022-01-07 05:36:00.000000,2022-01-07 05:21:30,2022-01-07 05:50:30,1740.0,R,R05,S1P,2,-1,147.67641477800467,144.68793056020812,146.40202635757095,14.79591001346741,2.0458120214689948,12.750097991998414,4.420000000000002,18.959092638704984,3.666897251058863,5.1703364835844
2022-01-07 05:41:45.000000,2022-01-07 05:23:30,2022-01-07 06:00:00,2190.0,G,G15,S1C,2,-1,137.30925335257064,140.1453787821756,139.08972468057678,14.832295889042136,2.1094991788901654,12.722796710151972,4.44,8.648943282072047,1.615495732278379,5.353739480248703
2022-01-07 05:47:15.000000,2022-01-07 05:36:00,2022-01-07 05:58:30,1350.0,C,C41,S1X,2,-1,132.81479452920385,130.06203961032372,131.52629655649787,14.94270611556262,7.4354871715742386,7.507218943988382,4.5200000000000005,5.18752965316986,1.154213920243388,4.494426520238094
2022-01-07 06:04:12.428571,2022-01-07 05:46:30,2022-01-07 06:21:30,2100.0,G,G21,S1C,1,1,238.54160227828373,231.8411363067526,234.9848519734801,2.4520240234051403,14.85564216677509,12.403618143369949,4.48,6.390890972131896,1.4326963780452424,4.46074344157383
2022-01-07 06:22:45.000000,2022-01-07 06:04:00,2022-01-07 06:41:30,2250.0,C,C35,S2I,1,1,219.81661975439988,220.72163670254733,219.9216834343409,2.2735353674546785,14.905951585489344,12.632416218034663,4.56,10.984288726005651,2.092559168320384,5.249212969601388
2022-01-07 06:23:00.000000,2022-01-07 06:04:30,2022-01-07 06:41:30,2220.0,C,C35,S1X,1,1,219.80224257337596,220.72163670254733,219.9230843026764,2.441045291679599,14.905951585489344,12.464906293809744,4.659999999999999,6.1623731233046986,1.527319319809147,4.034764075448705
2022-01-07 07:02:10.714285,2022-01-07 06:44:00,2022-01-07 07:19:30,2130.0,G,G01,S1C,1,1,231.8712307000313,226.45267441153376,228.88073170897863,2.3824954585218583,14.890453061201375,12.507957602679518,4.82,6.448019504120597,1.4378506763884076,4.484484800825583
2022-01-07 07:15:42.336448,2022-01-07 06:49:00,2022-01-07 07:44:30,3330.0,G,G24,S1C,3,-1,130.02323486832393,147.13771913557912,138.93879468321808,12.939189879782017,2.1830873020073014,10.756102577774714,4.67,5.391367637184978,1.2994130240071422,4.149079267005519
2022-01-07 07:51:30.000000,2022-01-07 07:37:00,2022-01-07 08:06:00,1740.0,R,R24,S1C,1,1,206.80544878952983,208.66679992714296,207.4361313282961,2.0127008811585343,14.824775947783165,12.81207506662463,4.68,15.029628334097634,3.2644612477965413,4.604014933319362
2022-01-07 07:51:30.000000,2022-01-07 07:37:00,2022-01-07 08:06:00,1740.0,R,R24,S1P,1,1,206.80544878952983,208.66679992714296,207.4361313282961,2.0127008811585343,14.824775947783165,12.81207506662463,4.75,12.96630703731583,2.397877839701809,5.407409344476144
2022-01-07 08:31:00.000000,2022-01-07 08:00:30,2022-01-07 09:01:30,3660.0,C,C23,S1X,3,-1,130.03036144934308,149.08953742220183,140.14162917140055,10.022111980424562,2.0387487654195677,7.983363215004994,4.62,9.965447286728685,1.8109550952016895,5.502868245122783
2022-01-07 08:31:00.000000,2022-01-07 08:00:30,2022-01-07 09:01:30,3660.0,C,C23,S2I,3,-1,130.03036144934308,149.08953742220183,140.14162917140055,10.022111980424562,2.0387487654195677,7.983363215004994,4.58,12.728976970125084,2.170132319443735,5.865530343969013
2022-01-07 08:44:30.000000,2022-01-07 08:17:30,2022-01-07 09:11:30,3240.0,C,C44,S1X,1,1,211.33952193944032,224.39528527385417,217.14277762819265,2.228144897428415,14.996800219094204,12.768655321665788,4.82,7.161675349075505,1.3884549094762668,5.15801795232726
2022-01-07 08:44:30.000000,2022-01-07 08:17:30,2022-01-07 09:11:30,3240.0,C,C44,S2I,1,1,211.33952193944032,224.39528527385417,217.14277762819265,2.228144897428415,14.996800219094204,12.768655321665788,4.880000000000001,7.883852644972161,1.832278016977165,4.30276004619577
2022-01-07 09:03:56.097561,2022-01-07 08:32:30,2022-01-07 09:34:30,3720.0,G,G17,S1C,1,1,209.4550238643141,233.259696536473,220.9271185454301,2.1775783504023094,9.513313818656576,7.335735468254266,4.59,7.306777818773034,1.5068928113473627,4.848903494495937
2022-01-07 09:33:00.000000,2022-01-07 09:15:30,2022-01-07 09:50:30,2100.0,R,R17,S1P,1,1,198.8571063624628,208.1663917657048,203.0312515379605,2.186478360250661,14.990710693600304,12.804232333349644,4.8900000000000015,13.51210244304096,2.6337855027849137,5.130297220010333
2022-01-07 09:59:28.490566,2022-01-07 09:19:00,2022-01-07 10:39:00,4800.0,C,C12,S2I,1,1,208.1945440196903,234.25144217405904,220.27234240905725,2.680744511193604,13.375651561360808,10.694907050167204,4.74,5.547243221728185,1.1234514121313437,4.937679691197586
2022-01-07 10:06:15.000000,2022-01-07 09:44:00,2022-01-07 10:28:30,2670.0,R,R02,S1C,2,1,265.28885025301315,246.80891694236925,256.0875082945845,2.1279462951926376,14.993429772169664,12.865483476977026,4.69,16.421353784736684,3.559327947958268,4.613610778449465
2022-01-07 10:06:15.000000,2022-01-07 09:44:00,2022-01-07 10:28:30,2670.0,R,R02,S1P,2,1,265.28885025301315,246.80891694236925,256.0875082945845,2.1279462951926376,14.993429772169664,12.865483476977026,4.660000000000001,13.030380369601383,2.902816532433216,4.488874933711013
2022-01-07 10:11:30.000000,2022-01-07 09:52:30,2022-01-07 10:30:30,2280.0,R,R09,S1C,4,-1,148.5148595898311,159.37866551462386,154.49002529733536,14.960409348200216,2.004068454212588,12.95634089398763,4.829999999999998,15.280011603010298,2.51269299618287,6.081129539590695
2022-01-07 10:11:30.000000,2022-01-07 09:52:30,2022-01-07 10:30:30,2280.0,R,R09,S1P,4,-1,148.5148595898311,159.37866551462386,154.49002529733536,14.960409348200216,2.004068454212588,12.95634089398763,4.859999999999999,12.963008547038063,2.301587076142682,5.632204265225224
2022-01-07 10:51:21.785714,2022-01-07 10:30:30,2022-01-07 11:13:00,2550.0,C,C37,S1X,3,-1,138.8828892800564,144.8064433516031,142.27931060914722,14.94398628704175,2.089661178310272,12.854325108731476,4.8,7.482144010423263,1.3420670236829502,5.575089677630619
2022-01-07 10:51:21.785714,2022-01-07 10:30:30,2022-01-07 11:13:00,2550.0,C,C37,S2I,3,-1,138.8828892800564,144.8064433516031,142.27931060914722,14.94398628704175,2.089661178310272,12.854325108731476,4.840000000000001,8.347486455480405,1.6093419584854478,5.186894190800958
2022-01-07 11:03:15.000000,2022-01-07 10:34:00,2022-01-07 11:32:30,3510.0,E,E36,S1X,1,1,208.5202002261982,222.38925225045213,214.73436273591503,3.660976695646753,14.996514896560512,11.33553820091376,4.789999999999999,8.367873136537938,1.8501335438003847,4.522848182812455
2022-01-07 11:15:15.000000,2022-01-07 10:40:30,2022-01-07 11:50:00,4170.0,E,E27,S1X,3,-1,134.53958782594225,150.88927603999983,143.6819268835974,14.992538567100745,2.104218330642816,12.888320236457927,4.9,8.005369138696912,1.687293068021781,4.744504253835749
2022-01-07 11:18:45.000000,2022-01-07 10:57:00,2022-01-07 11:40:30,2610.0,C,C21,S1X,1,1,244.8303160113061,235.08326832146824,239.7706024088145,2.050029463047084,14.877637697541187,12.827608234494104,4.67,10.77588567939642,2.294927103291899,4.695524168911173
2022-01-07 11:18:45.000000,2022-01-07 10:57:00,2022-01-07 11:40:30,2610.0,C,C21,S2I,1,1,244.8303160113061,235.08326832146824,239.7706024088145,2.050029463047084,14.877637697541187,12.827608234494104,4.66,13.388335202455137,2.591311020469347,5.16662611963507
2022-01-07 11:20:15.000000,2022-01-07 10:47:30,2022-01-07 11:53:00,3930.0,R,R18,S1C,2,1,193.82529337431023,221.9902594273154,206.9228515448826,2.0903262618446474,12.911878994886976,10.821552733042328,4.800000000000001,12.099007632768377,2.4456317401853385,4.947191122017198
2022-01-07 11:20:15.000000,2022-01-07 10:47:30,2022-01-07 11:53:00,3930.0,R,R18,S1P,2,1,193.82529337431023,221.9902594273154,206.9228515448826,2.0903262618446474,12.911878994886976,10.821552733042328,4.790000000000001,9.58355834989629,1.6421014673078635,5.836154793532957
2022-01-07 11:21:50.647058,2022-01-07 10:39:30,2022-01-07 12:06:00,5190.0,C,C12,S2I,2,-1,234.4463544305518,266.45682439641894,250.6180746989344,13.374841038326442,2.077678909008532,11.297162129317911,4.86,5.145888381286144,1.0679538512231774,4.818455755735435
2022-01-07 12:08:30.000000,2022-01-07 11:51:30,2022-01-07 12:25:30,2040.0,G,G31,S1C,4,-1,133.653026006432,130.04896482237822,132.07872015185387,14.815309090193802,2.193383002949885,12.621926087243915,4.58,10.24919191699671,2.0979099125418106,4.8854299489814
2022-01-07 12:16:00.000000,2022-01-07 11:58:30,2022-01-07 12:33:30,2100.0,R,R03,S1P,3,1,234.609617946524,224.1030539911764,229.22086751909129,2.0130315264291774,14.8660641106357,12.853032584206522,4.710000000000001,12.163300827329303,2.6271780356190595,4.629796938928497
2022-01-07 12:27:30.000000,2022-01-07 11:53:30,2022-01-07 13:01:30,4080.0,R,R18,S1C,3,-1,222.2399543134576,254.0900854824237,238.718875757931,12.91183690435662,2.124350095765076,10.787486808591543,4.69,11.06369851771284,2.507131089151988,4.41289191681438
2022-01-07 12:27:30.000000,2022-01-07 11:53:30,2022-01-07 13:01:30,4080.0,R,R18,S1P,3,-1,222.2399543134576,254.0900854824237,238.718875757931,12.91183690435662,2.124350095765076,10.787486808591543,4.710000000000001,9.749403884689851,2.403887317195131,4.055682566712615
2022-01-07 12:48:56.058394,2022-01-07 12:14:00,2022-01-07 13:23:00,4140.0,G,G11,S1X,2,1,210.71502179334635,235.74538746006013,222.6067911188353,2.211368563526415,10.83569778830966,8.624329224783244,4.409999999999999,9.78540799715433,1.9192514441054975,5.098554453199851
2022-01-07 13:16:00.000000,2022-01-07 12:57:00,2022-01-07 13:35:00,2280.0,C,C46,S1X,4,-1,135.167419109614,132.15728477702268,133.9452027718935,14.95747056482137,2.218851784524981,12.73861878029639,4.63,7.632565955602911,1.616796969391615,4.720794323652753
2022-01-07 13:16:00.000000,2022-01-07 12:57:00,2022-01-07 13:35:00,2280.0,C,C46,S2I,4,-1,135.167419109614,132.15728477702268,133.9452027718935,14.95747056482137,2.218851784524981,12.73861878029639,4.61,8.956566928154304,1.862262854668091,4.809507372014153
2022-01-07 13:21:45.000000,2022-01-07 12:49:00,2022-01-07 13:54:30,3930.0,E,E36,S1X,2,-1,249.10399667301684,269.9559854249624,259.9048235578064,14.98225841216612,2.8844969316967912,12.097761480469329,4.62,7.461256739589228,1.7177373261890243,4.343654076693314
2022-01-07 13:35:30.000000,2022-01-07 13:21:00,2022-01-07 13:50:00,1740.0,R,R11,S1C,4,-1,146.99559859652726,143.7430319606174,145.58320028180253,14.889115306205165,2.203233845869083,12.68588146033608,4.470000000000001,15.042936043799454,3.260945869761916,4.613059107570453
2022-01-07 13:35:30.000000,2022-01-07 13:21:00,2022-01-07 13:50:00,1740.0,R,R11,S1P,4,-1,146.99559859652726,143.7430319606174,145.58320028180253,14.889115306205165,2.203233845869083,12.68588146033608,4.48,14.119350564064506,2.5048467342631677,5.636812173347562
2022-01-07 13:37:15.000000,2022-01-07 13:19:00,2022-01-07 13:55:30,2190.0,G,G26,S1C,4,-1,137.9894583977188,142.09520536850607,140.43027542523106,14.968981091615428,2.17273007861856,12.796251012996867,4.470000000000001,7.4145831609150274,1.549316950299155,4.785710993146598
2022-01-07 13:37:57.662337,2022-01-07 13:18:30,2022-01-07 13:57:00,2310.0,G,G20,S1C,3,1,215.6280334499125,222.31221450988468,218.55902828645745,2.340801503559093,14.943085773140476,12.602284269581382,4.38,5.4598850046423575,1.1883541510338176,4.594493148269385
2022-01-07 13:41:30.000000,2022-01-07 13:23:00,2022-01-07 14:00:00,2220.0,C,C42,S1X,3,1,223.9520084156332,222.3770290806235,222.8642624594365,2.330128885979206,14.9623577204501,12.632228834470894,4.409999999999999,9.007180811912509,1.6235740652893125,5.54774863954696
2022-01-07 13:41:30.000000,2022-01-07 13:23:00,2022-01-07 14:00:00,2220.0,C,C42,S2I,3,1,223.9520084156332,222.3770290806235,222.8642624594365,2.330128885979206,14.9623577204501,12.632228834470894,4.450000000000001,9.574277882236114,2.10717325355891,4.543659552467098
2022-01-07 13:56:00.000000,2022-01-07 13:34:30,2022-01-07 14:17:30,2580.0,E,E21,S1X,4,-1,140.50971962962265,140.98260569434166,141.151845214529,14.961009812930868,2.061770396732373,12.899239416198496,4.359999999999999,10.138488849254223,2.063455562618,4.913354584864945
2022-01-07 14:00:04.897959,2022-01-07 13:23:30,2022-01-07 14:37:30,4440.0,G,G11,S1C,3,-1,235.95303467332303,265.67600772947264,250.96500082522093,10.83547658640612,2.103142024446705,8.732334561959416,4.36,7.420290776373383,1.6333597650990737,4.542961651760349
2022-01-07 14:00:04.897959,2022-01-07 13:23:30,2022-01-07 14:37:30,4440.0,G,G11,S1X,3,-1,235.95303467332303,265.67600772947264,250.96500082522093,10.83547658640612,2.103142024446705,8.732334561959416,4.390000000000001,10.408954172144153,2.027100345062306,5.1348983278004505
2022-01-07 14:05:45.000000,2022-01-07 13:51:00,2022-01-07 14:20:30,1770.0,R,R04,S1C,3,1,217.22673053821728,213.34978434062813,215.07730340814672,2.0859537562338466,14.924541315624332,12.838587559390486,4.390000000000001,14.851877029664232,3.278703001870916,4.529802492384749
2022-01-07 14:05:45.000000,2022-01-07 13:51:00,2022-01-07 14:20:30,1770.0,R,R04,S1P,3,1,217.22673053821728,213.34978434062813,215.07730340814672,2.0859537562338466,14.924541315624332,12.838587559390486,4.37,12.906847598159375,2.66031174002406,4.851629756008461
2022-01-07 14:46:42.567567,2022-01-07 14:28:00,2022-01-07 15:05:00,2220.0,C,C14,S2I,3,1,217.87030199764592,219.97246837683625,218.57558754044427,2.5319591073380177,14.849838908266296,12.317879800928278,4.200000000000001,6.735301272865462,1.5728249362258822,4.282295580223537
2022-01-07 14:50:12.333333,2022-01-07 14:27:30,2022-01-07 15:12:30,2700.0,G,G05,S1C,3,1,212.3189897974259,223.2051544676517,217.2182463848328,2.2898033888381515,14.923160888291022,12.63335749945287,4.26,7.907462440943036,1.8115118350405093,4.365117736460279
2022-01-07 15:07:15.000000,2022-01-07 14:50:30,2022-01-07 15:24:00,2010.0,G,G16,S1C,4,-1,139.0355157100244,139.2401767342309,139.4303526419565,14.878910790118482,2.322864617591045,12.556046172527438,4.25,6.908921249959463,1.4333031122896764,4.820279249183087
2022-01-07 15:40:59.154929,2022-01-07 15:22:30,2022-01-07 15:58:30,2160.0,G,G13,S1C,3,1,231.06745165763985,226.42992587625932,228.4440070640308,2.013078282506635,14.987353089887774,12.97427480738114,4.18,8.13707208309711,1.9255951750893143,4.225743909396579
2022-01-07 15:46:45.000000,2022-01-07 15:32:30,2022-01-07 16:01:00,1710.0,R,R05,S1C,3,1,206.8464065119298,208.62127482300204,207.44488425349357,2.186432579147177,14.78180561749407,12.595373038346894,4.2200000000000015,17.187902376173184,3.766958645951535,4.562806229541581
2022-01-07 15:46:45.000000,2022-01-07 15:32:30,2022-01-07 16:01:00,1710.0,R,R05,S1P,3,1,206.8464065119298,208.62127482300204,207.44488425349357,2.186432579147177,14.78180561749407,12.595373038346894,4.240000000000001,12.063414966380208,2.636372527406021,4.575762659099486
2022-01-07 15:57:30.000000,2022-01-07 15:35:30,2022-01-07 16:19:30,2640.0,C,C33,S1X,3,1,212.87592972152763,220.31274854637405,216.06790120857235,2.15738665826386,14.981853099759851,12.824466441495993,4.13,8.386950313362997,1.5125462463714603,5.544921574122421
2022-01-07 15:57:30.000000,2022-01-07 15:35:30,2022-01-07 16:19:30,2640.0,C,C33,S2I,3,1,212.87592972152763,220.31274854637405,216.06790120857235,2.15738665826386,14.981853099759851,12.824466441495993,4.1,8.005430801693649,1.7331533975478322,4.618997264189197
2022-01-07 16:10:49.565217,2022-01-07 15:48:00,2022-01-07 16:34:30,2790.0,G,G27,S1C,4,-1,136.96806604750378,149.0999601569721,143.53877818845928,14.912154083848636,2.42724123720536,12.484912846643276,4.16,7.978259183271508,1.469392165408386,5.429632314021575
2022-01-07 16:19:45.445544,2022-01-07 15:53:30,2022-01-07 16:50:00,3390.0,R,R22,S1C,4,-1,142.249373504635,166.80220127052203,154.27963122772212,10.506050266394157,2.4079200547111017,8.098130211683053,4.2,5.2169680512318415,1.150590615259219,4.5341653078375765
2022-01-07 16:52:14.189189,2022-01-07 16:33:00,2022-01-07 17:10:30,2250.0,G,G15,S1C,3,1,219.53461600049533,222.66106037829047,220.74259537085783,2.048925041757556,14.894615137204068,12.845690095446512,4.090000000000001,7.271002575793669,1.7854240095406904,4.07242343383977
2022-01-07 17:27:19.285714,2022-01-07 17:10:00,2022-01-07 17:45:30,2130.0,G,G08,S1C,4,-1,139.85381109637046,144.6340338961851,142.5758855048983,14.956518083194414,2.502294091127423,12.454223992066993,4.09,5.88938107587501,1.2807948910714029,4.598223429005452
2022-01-07 18:20:30.000000,2022-01-07 17:50:00,2022-01-07 18:51:00,3660.0,C,C41,S1X,3,1,210.22836170457475,230.44463903445637,219.86129828218077,2.5392068115001014,8.557138327922537,6.017931516422436,4.18,8.20196489731327,1.8176789759900445,4.512328637594471
2022-01-07 18:20:30.000000,2022-01-07 17:50:00,2022-01-07 18:51:00,3660.0,C,C41,S2I,3,1,210.22836170457475,230.44463903445637,219.86129828218077,2.5392068115001014,8.557138327922537,6.017931516422436,4.21,9.852717011321284,2.182294549074713,4.514842882001793
2022-01-07 18:23:15.000000,2022-01-07 18:01:30,2022-01-07 18:45:00,2610.0,C,C29,S1X,4,-1,139.5118913766772,146.87450811749184,143.7066200808974,14.9719770584774,2.3240819733547573,12.647895085122643,4.100000000000001,7.863173425307512,1.280476663963,6.140817436665697
2022-01-07 18:23:15.000000,2022-01-07 18:01:30,2022-01-07 18:45:00,2610.0,C,C29,S2I,4,-1,139.5118913766772,146.87450811749184,143.7066200808974,14.9719770584774,2.3240819733547573,12.647895085122643,4.08,9.40965503379892,1.727866113395958,5.445824164758419
2022-01-07 18:31:00.405405,2022-01-07 18:12:00,2022-01-07 18:49:30,2250.0,G,G24,S1C,4,1,235.67639200045733,230.30266762400976,232.72930117748385,2.0120359289082628,14.896391591450488,12.884355662542225,4.249999999999999,5.335519002209019,1.2452687357748384,4.284632584860585
2022-01-07 18:33:15.000000,2022-01-07 18:10:00,2022-01-07 18:56:30,2790.0,C,C25,S1X,1,1,253.1575123916935,241.5207266619169,247.1961953290421,2.029239751111325,14.990883686192422,12.961643935081096,4.09,6.710560845887477,1.6178540468292348,4.147815965871104
2022-01-07 18:33:15.000000,2022-01-07 18:10:00,2022-01-07 18:56:30,2790.0,C,C25,S2I,1,1,253.1575123916935,241.5207266619169,247.1961953290421,2.029239751111325,14.990883686192422,12.961643935081096,4.22,10.111706997691943,2.024593884204956,4.994437193838873
2022-01-07 18:43:38.910891,2022-01-07 18:18:30,2022-01-07 19:10:00,3090.0,G,G21,S1C,4,-1,130.04797477285862,148.74987943339335,139.69798524057313,10.998662013527792,2.2190126265265966,8.779649387001196,4.129999999999999,9.713702881780748,1.7166888777504397,5.658394487013656
2022-01-07 19:23:45.000000,2022-01-07 18:51:30,2022-01-07 19:56:00,3870.0,C,C41,S1X,4,-1,230.62886928665847,254.04059270325504,242.48733098180423,8.557026745775037,2.3968165178731997,6.160210227901837,4.05,11.432929516908269,2.4622465309140766,4.643291958528598
2022-01-07 19:23:45.000000,2022-01-07 18:51:30,2022-01-07 19:56:00,3870.0,C,C41,S2I,4,-1,230.62886928665847,254.04059270325504,242.48733098180423,8.557026745775037,2.3968165178731997,6.160210227901837,4.13,12.452365322907292,2.4299708467530867,5.124491653694559
2022-01-07 19:30:45.000000,2022-01-07 19:02:00,2022-01-07 19:59:30,3450.0,R,R07,S1C,3,1,195.17155921183155,219.94205052377157,206.92868883281025,2.0246122788633825,10.104332900691183,8.079720621827803,4.37,14.97902708275693,3.6079031497010527,4.151726490772924
2022-01-07 19:30:45.000000,2022-01-07 19:02:00,2022-01-07 19:59:30,3450.0,R,R07,S1P,3,1,195.17155921183155,219.94205052377157,206.92868883281025,2.0246122788633825,10.104332900691183,8.079720621827803,4.359999999999999,13.291739825149934,2.702919792463933,4.917548741997047
2022-01-07 19:34:30.000000,2022-01-07 19:06:00,2022-01-07 20:03:00,3420.0,E,E33,S1X,4,-1,140.13855019980272,151.66714545433368,146.63899465845824,14.926557097489304,2.101343986479413,12.82521311100989,4.21,9.06827172378529,1.6181701537096065,5.604028539889054
2022-01-07 19:49:00.000000,2022-01-07 19:22:00,2022-01-07 20:16:00,3240.0,G,G01,S1C,4,-1,134.8980066437081,150.78477543593183,143.60057663011844,14.95471447593258,2.33108503487838,12.6236294410542,4.36,6.42800963838108,1.1286152948461163,5.695483365975048
2022-01-07 19:52:45.000000,2022-01-07 19:38:00,2022-01-07 20:07:30,1770.0,R,R24,S1C,4,-1,151.69883440025257,154.61738649888136,153.48053006209287,14.834787490395788,2.0050496436039675,12.82973784679182,4.329999999999999,20.42508603337032,4.232574508654978,4.825688476742486
2022-01-07 19:52:45.000000,2022-01-07 19:38:00,2022-01-07 20:07:30,1770.0,R,R24,S1P,4,-1,151.69883440025257,154.61738649888136,153.48053006209287,14.834787490395788,2.0050496436039675,12.82973784679182,4.3,16.983224524063072,3.0951642622709943,5.487018809012121
2022-01-07 20:14:45.000000,2022-01-07 19:57:30,2022-01-07 20:32:00,2070.0,R,R09,S1C,5,1,234.44807621613936,224.5481641216183,229.35913769479228,2.029748575961014,14.82031380677168,12.790565230810667,4.5,14.118715237522837,3.2655940920775666,4.323475251187917
2022-01-07 20:14:45.000000,2022-01-07 19:57:30,2022-01-07 20:32:00,2070.0,R,R09,S1P,5,1,234.44807621613936,224.5481641216183,229.35913769479228,2.029748575961014,14.82031380677168,12.790565230810667,4.510000000000001,11.387067965279202,2.3823780185925028,4.779706610962867
2022-01-07 20:29:45.000000,2022-01-07 20:00:00,2022-01-07 20:59:30,3570.0,R,R07,S1C,4,-1,220.18253475068437,247.591902693799,234.2220921388721,10.10433126519002,2.0725718757230114,8.031759389467009,4.27,17.61490847421422,3.605208682579391,4.885960848627331
2022-01-07 20:29:45.000000,2022-01-07 20:00:00,2022-01-07 20:59:30,3570.0,R,R07,S1P,4,-1,220.18253475068437,247.591902693799,234.2220921388721,10.10433126519002,2.0725718757230114,8.031759389467009,4.279999999999999,15.15349609704364,3.1698364257075218,4.780529359227523
2022-01-07 20:35:45.000000,2022-01-07 20:17:00,2022-01-07 20:54:30,2250.0,C,C35,S1X,4,-1,137.69745472676985,136.39066630614766,137.3557121633895,14.89840932132472,2.1413668776139065,12.757042443710812,4.38,10.339969261266038,1.7086378973370138,6.0515860483846975
2022-01-07 20:35:45.000000,2022-01-07 20:17:00,2022-01-07 20:54:30,2250.0,C,C35,S2I,4,-1,137.69745472676985,136.39066630614766,137.3557121633895,14.89840932132472,2.1413668776139065,12.757042443710812,4.32,11.57294016536988,2.01358533060531,5.747429716271771
2022-01-07 20:56:30.000000,2022-01-07 20:37:30,2022-01-07 21:15:30,2280.0,C,C23,S1X,4,1,230.3225852140291,226.441292401936,228.1210360975138,2.298501925197091,14.843959129058351,12.54545720386126,4.569999999999999,7.128188742712052,1.7051175337079538,4.180467681433708
2022-01-07 20:56:30.000000,2022-01-07 20:37:30,2022-01-07 21:15:30,2280.0,C,C23,S2I,4,1,230.3225852140291,226.441292401936,228.1210360975138,2.298501925197091,14.843959129058351,12.54545720386126,4.57,10.380523080676731,1.8568913850455488,5.590269395547926
2022-01-07 21:11:30.000000,2022-01-07 20:26:00,2022-01-07 21:57:00,5460.0,E,E08,S1X,4,-1,233.38281449392952,262.751764265476,248.45556016321095,12.680905061527143,2.0753913753793403,10.605513686147804,4.4,8.365740839409826,1.7109007031890655,4.889670583346156
2022-01-07 21:35:30.000000,2022-01-07 21:21:00,2022-01-07 21:50:00,1740.0,R,R17,S1C,4,-1,148.19224441886192,144.95288139897562,146.7899156547321,14.986167332459171,2.1967269722988263,12.789440360160343,4.5,18.139503406474454,3.671590353753817,4.9405030678133
2022-01-07 21:35:30.000000,2022-01-07 21:21:00,2022-01-07 21:50:00,1740.0,R,R17,S1P,4,-1,148.19224441886192,144.95288139897562,146.7899156547321,14.986167332459171,2.1967269722988263,12.789440360160343,4.54,15.765443463312158,2.777097676229532,5.676949571581837
2022-01-07 22:06:49.390244,2022-01-07 21:46:30,2022-01-07 22:28:00,2490.0,E,E12,S1X,4,-1,141.19638618447135,140.61430315879576,141.286558434917,14.882383511511048,2.191761476426314,12.690622035084733,4.62,6.4661773051007785,1.4201245488041938,4.553246622308993
2022-01-07 23:10:59.629629,2022-01-07 22:50:30,2022-01-07 23:31:00,2430.0,C,C37,S1X,4,1,216.9318407410144,220.8743571092168,218.48921505486885,2.0177661527934823,14.909411838636425,12.89164568584294,4.72,6.239392829092425,1.4356117287935044,4.346156209197346
2022-01-07 23:10:59.629629,2022-01-07 22:50:30,2022-01-07 23:31:00,2430.0,C,C37,S2I,4,1,216.9318407410144,220.8743571092168,218.48921505486885,2.0177661527934823,14.909411838636425,12.89164568584294,4.720000000000001,8.261093344196205,1.6688492012572524,4.950173651383592
2022-01-07 23:20:00.000000,2022-01-07 23:03:30,2022-01-07 23:36:30,1980.0,R,R18,S1C,5,-1,139.44726629672223,130.07099014227703,134.90075787724572,14.908759757334622,2.347366454912557,12.561393302422063,4.629999999999999,17.96992727216947,3.4844673759938147,5.1571518206693545
2022-01-07 23:20:00.000000,2022-01-07 23:03:30,2022-01-07 23:36:30,1980.0,R,R18,S1P,5,-1,139.44726629672223,130.07099014227703,134.90075787724572,14.908759757334622,2.347366454912557,12.561393302422063,4.629999999999999,16.152924845255278,2.741502920687174,5.891996219798464
2022-01-07 23:21:15.000000,2022-01-07 22:56:00,2022-01-07 23:46:30,3030.0,G,G31,S1C,5,1,211.9176252746504,225.6375877553265,218.0583052092487,2.043810980071037,14.940705494977433,12.896894514906396,4.72,6.6765769287686325,1.5539523935869604,4.296513172682987
2022-01-07 23:44:45.000000,2022-01-07 23:30:00,2022-01-07 23:59:30,1770.0,G,G06,S1C,5,-1,136.64678044134158,133.97946999872204,135.50182472017786,14.869472661207148,3.632437076770414,11.237035584436734,4.78,7.229480024702524,1.470809627970129,4.915306432063518
2022-01-07 23:45:45.000000,2022-01-07 23:32:00,2022-01-07 23:59:30,1650.0,R,R11,S1C,5,1,206.5877968535917,208.59800354651304,207.32273077386415,2.148387178450268,14.20551750891654,12.057130330466272,4.670000000000001,18.6379976734044,4.300757794809591,4.333654337823403
2022-01-07 23:45:45.000000,2022-01-07 23:32:00,2022-01-07 23:59:30,1650.0,R,R11,S1P,5,1,206.5877968535917,208.59800354651304,207.32273077386415,2.148387178450268,14.20551750891654,12.057130330466272,4.670000000000001,14.689775303119166,2.850175787837088,5.153989226140606
