epochMean,epochStart,epochEnd,epochRange,constellation,satID,obsType,arcNo,arcType,azimStart,azimEnd,azimMean,elevStart,elevEnd,elevRange,h,peakAmp,meanAmp,PBNR
2022-01-01 00:04:30.000000,2022-01-01 00:00:00,2022-01-01 00:09:00,540.0,C,C22,S6I,1,-1,144.5034995889377,147.46250612789996,145.99110048005707,2.769520674260122,2.004586354587425,0.764934319672697,9.999999999999998,4.700944806781039,1.337859876911299,3.513779647562235
2022-01-01 00:07:45.000000,2022-01-01 00:00:00,2022-01-01 00:15:30,930.0,G,G31,S2X,1,1,220.56027342925609,225.7130842725802,223.0718269062706,11.682271405863688,14.972761530061408,3.2904901241977207,4.45,5.271003742530448,2.527959146146158,2.085082644854458
2022-01-01 00:09:30.000000,2022-01-01 00:00:00,2022-01-01 00:19:00,1140.0,R,R04,S2C,1,1,131.69659003605494,140.85627614679012,136.27179777251007,9.081484064549645,9.966862931970583,0.885378867420938,9.990000000000009,4.822829805014946,1.6801334248608757,2.8705040526256433
2022-01-01 00:09:30.000000,2022-01-01 00:00:00,2022-01-01 00:19:00,1140.0,R,R04,S2P,1,1,131.69659003605494,140.85627614679012,136.27179777251007,9.081484064549645,9.966862931970583,0.885378867420938,9.530000000000008,2.867685349946779,1.0906931708298637,2.6292319660944377
2022-01-01 00:15:02.950819,2022-01-01 00:00:00,2022-01-01 00:32:00,1920.0,G,G06,S2X,1,-1,136.574848977354,133.47434327912418,135.34420197064583,14.404589239420561,2.286070017841114,12.118519221579447,4.539999999999999,14.748045532835551,3.0543872135725083,4.8284793320574995
2022-01-01 00:19:45.000000,2022-01-01 00:05:00,2022-01-01 00:34:30,1770.0,R,R12,S2C,1,1,206.6110681411819,209.04767036161792,207.5134700847173,2.078781654282884,14.958271763510739,12.879490109227856,4.44,15.007896464747459,2.742342128177656,5.472656496992417
2022-01-01 00:19:45.000000,2022-01-01 00:05:00,2022-01-01 00:34:30,1770.0,R,R12,S2P,1,1,206.6110681411819,209.04767036161792,207.5134700847173,2.078781654282884,14.958271763510739,12.879490109227856,4.470000000000001,12.12887929141859,2.213456258996069,5.47961101201961
2022-01-01 00:47:45.000000,2022-01-01 00:19:30,2022-01-01 01:16:00,3390.0,R,R04,S2C,2,-1,141.09698399460265,165.46962959679323,153.89352414700758,9.965626488337904,2.001875408994416,7.963751079343488,4.52,17.738064997837213,4.00412474414286,4.42994814878933
2022-01-01 00:47:45.000000,2022-01-01 00:19:30,2022-01-01 01:16:00,3390.0,R,R04,S2P,2,-1,141.09698399460265,165.46962959679323,153.89352414700758,9.965626488337904,2.001875408994416,7.963751079343488,4.529999999999999,17.193601094281384,3.48619939395426,4.931904102817066
2022-01-01 01:17:58.260869,2022-01-01 01:00:30,2022-01-01 01:35:00,2070.0,G,G26,S2X,1,1,220.42156374353868,222.36902190406704,221.074836263231,2.48317853369971,14.93606175803445,12.452883224334741,4.51,11.614979093816403,1.9838980768430834,5.85462490709148
2022-01-01 01:45:45.000000,2022-01-01 01:40:30,2022-01-01 01:51:00,630.0,E,E09,S6X,1,1,130.09144759650596,133.45165453882538,131.77440006144906,7.017746143161241,7.1739171300724776,0.15617098691123665,10.000000000000044,0.005143763562689144,0.0017398731016284351,2.9564015662262015
2022-01-01 01:45:45.000000,2022-01-01 01:40:30,2022-01-01 01:51:00,630.0,E,E09,S7X,1,1,130.09144759650596,133.45165453882538,131.77440006144906,7.017746143161241,7.1739171300724776,0.15617098691123665,9.999999999999972,0.05434688292578615,0.01809149622499888,3.004001562385397
2022-01-01 01:45:45.000000,2022-01-01 01:40:30,2022-01-01 01:51:00,630.0,E,E09,S8X,1,1,130.09144759650596,133.45165453882538,131.77440006144906,7.017746143161241,7.1739171300724776,0.15617098691123665,9.99999999999997,0.07031070389351787,0.02328253780342537,3.0198900346324633
2022-01-01 01:54:15.000000,2022-01-01 01:51:30,2022-01-01 01:57:00,330.0,G,G31,S2X,2,-1,267.4703116406463,269.79647919913896,268.63680992796395,14.95317836607179,13.944406475768185,1.0087718903036045,8.989999999999998,3.237062534549852,1.4044233729858564,2.3049050569898566
2022-01-01 02:06:00.000000,2022-01-01 01:39:00,2022-01-01 02:33:00,3240.0,C,C21,S6I,2,-1,136.24131408488333,149.31779591594042,143.50948846777598,14.977435631346873,2.0854674893278795,12.891968142018994,4.630000000000001,15.038158701634577,2.3243285958645803,6.469893597828768
2022-01-01 02:06:45.000000,2022-01-01 01:56:00,2022-01-01 02:17:30,1290.0,R,R13,S2C,1,1,203.4500395012363,210.20184213746023,206.64525431758813,7.861826671583324,14.987429709979441,7.125603038396117,4.230000000000001,4.570160285172025,1.1760760102054022,3.885939552813295
2022-01-01 02:06:45.000000,2022-01-01 01:56:00,2022-01-01 02:17:30,1290.0,R,R13,S2P,1,1,203.4500395012363,210.20184213746023,206.64525431758813,7.861826671583324,14.987429709979441,7.125603038396117,4.360000000000001,6.186736348944363,1.5926488521682916,3.884557691748253
2022-01-01 02:11:45.000000,2022-01-01 01:48:00,2022-01-01 02:35:30,2850.0,C,C27,S6I,1,1,264.2892655794532,250.39859660228439,257.29700957065273,2.5135108313570007,14.871292750828344,12.357781919471343,4.5200000000000005,15.1246708175265,2.8401688306605806,5.3252717423874865
2022-01-01 02:16:00.000000,2022-01-01 01:57:30,2022-01-01 02:34:30,2220.0,E,E21,S7X,1,1,213.5885536942136,218.80087809393476,215.8624706788848,5.222433742626714,14.973400418285856,9.750966675659143,4.57,17.008254151712304,3.274224496044738,5.194590099810893
2022-01-01 02:16:00.000000,2022-01-01 01:57:30,2022-01-01 02:34:30,2220.0,E,E21,S8X,1,1,213.5885536942136,218.80087809393476,215.8624706788848,5.222433742626714,14.973400418285856,9.750966675659143,4.61,16.063219431528804,3.173143746037608,5.062241334508526
2022-01-01 02:17:45.000000,2022-01-01 02:01:00,2022-01-01 02:34:30,2010.0,E,E21,S6X,1,1,213.91194591872835,218.80087809393476,216.08258442187977,6.204235636596533,14.973400418285856,8.769164781689323,4.330000000000001,3.1397622000674175,0.6501155668321004,4.829544715206453
2022-01-01 02:19:45.000000,2022-01-01 01:39:30,2022-01-01 03:00:00,4830.0,C,C46,S6I,1,1,210.71670438347775,236.3301342479959,222.4736363287767,2.295962410771987,12.594734253532868,10.298771842760882,4.6000000000000005,11.294081587896073,2.250299650774254,5.018923406049568
2022-01-01 02:21:45.000000,2022-01-01 01:51:30,2022-01-01 02:52:00,3630.0,E,E09,S6X,2,-1,133.61062150355463,150.94052335103342,142.66759895846215,7.173625973313731,2.058492045977608,5.115133927336123,4.25,5.476068306330073,1.7260595264006158,3.1725836928402003
2022-01-01 02:21:45.000000,2022-01-01 01:51:30,2022-01-01 02:52:00,3630.0,E,E09,S7X,2,-1,133.61062150355463,150.94052335103342,142.66759895846215,7.173625973313731,2.058492045977608,5.115133927336123,4.57,32.85620241351505,8.946160928346893,3.672659443159195
2022-01-01 02:21:45.000000,2022-01-01 01:51:30,2022-01-01 02:52:00,3630.0,E,E09,S8X,2,-1,133.61062150355463,150.94052335103342,142.66759895846215,7.173625973313731,2.058492045977608,5.115133927336123,4.63,30.72466259448286,8.61876899664074,3.564855097805514
2022-01-01 02:32:04.800000,2022-01-01 02:13:30,2022-01-01 02:51:30,2280.0,R,R05,S2C,2,-1,149.98761266946093,161.3750801380958,156.10836059295943,14.893498259859786,2.112748605783153,12.780749654076633,4.58,17.26329839142731,2.7499981610562014,6.277567249280245
2022-01-01 02:32:19.342105,2022-01-01 02:13:30,2022-01-01 02:51:30,2280.0,R,R05,S2P,2,-1,149.98761266946093,161.3750801380958,156.17482934198262,14.893498259859786,2.112748605783153,12.780749654076633,4.57,17.55364009636055,2.8147726581852255,6.236255011684655
2022-01-01 03:43:45.000000,2022-01-01 03:00:30,2022-01-01 04:27:00,5190.0,C,C46,S6I,2,-1,236.5199769371706,268.0258338030584,252.69079954583208,12.594280488171835,2.0119054251601978,10.582375063011638,4.580000000000001,15.600908479921692,2.6866761078922283,5.806769351204391
2022-01-01 03:49:00.000000,2022-01-01 03:31:30,2022-01-01 04:06:30,2100.0,G,G27,S2X,1,1,229.05203838138712,225.11224812041007,226.84518449959103,2.3187917040366086,14.966985065270373,12.648193361233766,4.640000000000001,8.766029788185266,2.0184380782976565,4.3429768207595965
2022-01-01 03:54:45.000000,2022-01-01 03:26:00,2022-01-01 04:23:30,3450.0,R,R14,S2P,1,1,196.00460926616202,220.67641577381494,207.72118192966897,2.0600163385676167,9.972146939253388,7.912130600685772,4.66,17.694875429334772,4.326912330670256,4.089492478021565
2022-01-01 03:55:12.894736,2022-01-01 03:26:00,2022-01-01 04:23:30,3450.0,R,R14,S2C,1,1,196.00460926616202,220.67641577381494,207.9130157246215,2.0600163385676167,9.972146939253388,7.912130600685772,4.68,20.201883736114397,5.060595696092088,3.9919971776672
2022-01-01 04:03:20.000000,2022-01-01 03:47:00,2022-01-01 04:21:30,2070.0,G,G05,S2X,2,-1,135.08153011828284,132.15376504755875,133.95544235240646,14.901141768133803,2.1376951716761283,12.763446596457674,4.670000000000001,12.833398808379066,1.9971169218942109,6.425962680345695
2022-01-01 04:14:15.000000,2022-01-01 04:12:00,2022-01-01 04:16:30,270.0,R,R13,S2C,2,-1,267.92665732284144,269.93495116731515,268.9349142151777,14.950158203663314,13.668787081491779,1.2813711221715351,6.640000000000005,2.7719514764887725,1.3692059143683106,2.0244956930146074
2022-01-01 04:14:15.000000,2022-01-01 04:12:00,2022-01-01 04:16:30,270.0,R,R13,S2P,2,-1,267.92665732284144,269.93495116731515,268.9349142151777,14.950158203663314,13.668787081491779,1.2813711221715351,6.820000000000006,3.6558441036488327,1.822819601327913,2.005598415216499
2022-01-01 04:22:30.000000,2022-01-01 04:03:30,2022-01-01 04:41:30,2280.0,C,C42,S6I,2,-1,139.64563656267978,140.84484455506498,140.60781726808395,14.907245948521151,2.0673132178286857,12.839932730692466,4.66,17.317703552572073,2.9070864542504955,5.9570652008823455
2022-01-01 04:37:45.000000,2022-01-01 04:20:00,2022-01-01 04:55:30,2130.0,R,R24,S2C,1,1,235.93164566988827,224.85125138759017,230.2637909052405,2.1115291360572743,14.88268944934214,12.771160313284865,4.61,15.15470767104467,2.9099772087988747,5.207844111363314
2022-01-01 04:37:45.000000,2022-01-01 04:20:00,2022-01-01 04:55:30,2130.0,R,R24,S2P,1,1,235.93164566988827,224.85125138759017,230.2637909052405,2.1115291360572743,14.88268944934214,12.771160313284865,4.63,14.487135817250916,2.6494553689398135,5.467967487615382
2022-01-01 04:40:30.000000,2022-01-01 04:06:00,2022-01-01 05:15:00,4140.0,E,E01,S7X,1,1,207.59212531608523,227.28122833269464,216.85977579686778,2.0685683900968113,8.797430688901036,6.728862298804225,4.5600000000000005,22.47931047845822,5.55010451684663,4.050249938577762
2022-01-01 04:40:30.000000,2022-01-01 04:06:00,2022-01-01 05:15:00,4140.0,E,E01,S8X,1,1,207.59212531608523,227.28122833269464,216.85977579686778,2.0685683900968113,8.797430688901036,6.728862298804225,4.620000000000001,21.146733933257345,5.2945812828531835,3.994033296219722
2022-01-01 04:43:15.000000,2022-01-01 04:11:30,2022-01-01 05:15:00,3810.0,E,E01,S6X,1,1,208.8694625134476,227.28122833269464,217.60720919339767,3.049341153530906,8.797430688901036,5.748089535370131,4.61,3.9533170720152966,0.8787475668447998,4.498808555692436
2022-01-01 04:47:45.000000,2022-01-01 04:28:30,2022-01-01 05:07:00,2310.0,C,C30,S6I,1,1,233.53942966500261,227.91064505188578,230.49291351847944,2.442365945153145,14.882372359855491,12.440006414702346,4.58,13.696527126168101,2.472579503449883,5.539367736025446
2022-01-01 04:53:30.000000,2022-01-01 04:29:30,2022-01-01 05:17:30,2880.0,E,E05,S6X,2,-1,139.49531370857252,146.22746938806932,143.39778763220102,14.925766109225503,2.610023016737474,12.31574309248803,4.750000000000001,4.677069216500009,0.6585319045465884,7.10226669992589
2022-01-01 04:53:30.000000,2022-01-01 04:24:00,2022-01-01 05:23:00,3540.0,R,R14,S2C,2,-1,220.91568965731923,248.0162592283782,234.7827356821877,9.971434042099489,2.0847862244328947,7.886647817666594,4.6000000000000005,18.42542310733141,3.1925793643932856,5.771328134495087
2022-01-01 04:53:30.000000,2022-01-01 04:24:00,2022-01-01 05:23:00,3540.0,R,R14,S2P,2,-1,220.91568965731923,248.0162592283782,234.7827356821877,9.971434042099489,2.0847862244328947,7.886647817666594,4.6000000000000005,17.0996542031518,3.1268991733185585,5.46856590358302
2022-01-01 04:54:15.000000,2022-01-01 04:29:30,2022-01-01 05:19:00,2970.0,E,E05,S7X,2,-1,139.49531370857252,146.33626995970002,143.48488305773992,14.925766109225503,2.190061555639954,12.735704553585549,4.69,26.382567734005963,4.110727769822584,6.417979786373597
2022-01-01 04:54:15.000000,2022-01-01 04:29:30,2022-01-01 05:19:00,2970.0,E,E05,S8X,2,-1,139.49531370857252,146.33626995970002,143.48488305773992,14.925766109225503,2.190061555639954,12.735704553585549,4.76,24.58943431589154,3.914283721221294,6.281975469120925
2022-01-01 05:06:57.619047,2022-01-01 04:49:00,2022-01-01 05:22:30,2010.0,G,G08,S2X,1,1,220.52957955925498,221.14489662850707,220.5397622729817,2.3618294575916665,14.843395524916211,12.481566067324545,4.579999999999999,9.764504734062628,2.0966599744791155,4.657171335799681
2022-01-01 05:27:45.000000,2022-01-01 05:09:00,2022-01-01 05:46:30,2250.0,C,C14,S6I,2,-1,136.70194004377905,134.2102737348561,135.7461857623062,14.86735044382603,2.1354376332228013,12.731912810603228,4.6000000000000005,17.26051252442015,2.7332961762815198,6.3149075004019535
2022-01-01 05:27:45.000000,2022-01-01 05:09:00,2022-01-01 05:46:30,2250.0,C,C14,S7I,2,-1,136.70194004377905,134.2102737348561,135.7461857623062,14.86735044382603,2.1354376332228013,12.731912810603228,4.609999999999998,23.670884818100067,4.03228304569041,5.870343066169137
2022-01-01 05:32:45.000000,2022-01-01 05:28:30,2022-01-01 05:37:00,510.0,E,E26,S6X,1,1,239.24220656902662,237.31947289062705,238.27454193960358,12.739225687987318,14.936715979369724,2.1974902913824064,4.520000000000003,2.330517869131135,1.0872342029249864,2.1435288393810112
2022-01-01 05:32:45.000000,2022-01-01 05:28:30,2022-01-01 05:37:00,510.0,E,E26,S7X,1,1,239.24220656902662,237.31947289062705,238.27454193960358,12.739225687987318,14.936715979369724,2.1974902913824064,5.800000000000002,8.044588719321768,3.6215096181642843,2.221335732196539
2022-01-01 05:32:45.000000,2022-01-01 05:28:30,2022-01-01 05:37:00,510.0,E,E26,S8X,1,1,239.24220656902662,237.31947289062705,238.27454193960358,12.739225687987318,14.936715979369724,2.1974902913824064,5.899999999999996,7.761156609110264,3.40492454865986,2.279391657053008
2022-01-01 05:50:02.158273,2022-01-01 05:15:30,2022-01-01 06:27:00,4290.0,E,E01,S6X,2,-1,227.44397544982476,250.39736406814745,238.69639865277514,8.797322319857903,2.017354354422348,6.779967965435555,4.55,5.399993901403968,1.1949220933191083,4.51911796726808
2022-01-01 05:50:34.468085,2022-01-01 05:15:30,2022-01-01 06:27:00,4290.0,E,E01,S7X,2,-1,227.44397544982476,250.39736406814745,238.86663223538264,8.797322319857903,2.017354354422348,6.779967965435555,4.52,24.8320394381086,5.654377115076141,4.391648970829958
2022-01-01 05:50:34.468085,2022-01-01 05:15:30,2022-01-01 06:27:00,4290.0,E,E01,S8X,2,-1,227.44397544982476,250.39736406814745,238.86663223538264,8.797322319857903,2.017354354422348,6.779967965435555,4.589999999999999,23.114625013424167,5.299269124370517,4.36185150648862
2022-01-01 06:05:21.666666,2022-01-01 05:47:30,2022-01-01 06:24:30,2220.0,G,G15,S2X,2,-1,137.26054933292158,140.15815286954398,139.040622849382,14.91278462185977,2.0237908584348276,12.888993763424942,4.65,11.4815365058203,1.88862425185635,6.079312226630028
2022-01-01 06:10:45.517241,2022-01-01 05:56:30,2022-01-01 06:25:30,1740.0,R,R07,S2C,2,-1,146.54761116398578,143.0018416123242,145.0153407194679,14.806301296602308,2.1771052664809636,12.629196030121346,4.7299999999999995,18.084283772004092,3.588114278670325,5.040052341561909
2022-01-01 06:11:00.000000,2022-01-01 05:56:30,2022-01-01 06:25:30,1740.0,R,R07,S2P,2,-1,146.54761116398578,143.0018416123242,144.982598848303,14.806301296602308,2.1771052664809636,12.629196030121346,4.709999999999999,17.018186809118895,2.844687329507241,5.982445463370766
2022-01-01 06:24:45.000000,2022-01-01 06:22:30,2022-01-01 06:27:00,270.0,C,C33,S6I,2,-1,130.66633054036043,130.05435320162715,130.363403814596,14.857663377294692,13.359642251660347,1.4980211256343452,7.740000000000011,5.347766658269783,2.6348671767479286,2.0296152707288404
2022-01-01 06:30:45.000000,2022-01-01 06:16:00,2022-01-01 06:45:30,1770.0,R,R17,S2C,1,1,216.774315265717,212.72093263508253,214.53798344738283,2.112216206177166,14.985279862791549,12.873063656614383,4.510000000000001,13.778269494350303,2.598114023636668,5.3031812187612895
2022-01-01 06:30:45.000000,2022-01-01 06:16:00,2022-01-01 06:45:30,1770.0,R,R17,S2P,1,1,216.774315265717,212.72093263508253,214.53798344738283,2.112216206177166,14.985279862791549,12.873063656614383,4.530000000000001,13.141469155325932,2.3577078626203565,5.573832688805009
2022-01-01 07:09:00.000000,2022-01-01 06:49:30,2022-01-01 07:28:30,2340.0,C,C29,S6I,1,1,217.78366968166995,220.0650567176363,218.5310261364553,2.040686229522107,14.97753299853971,12.936846769017603,4.6,14.287623825804118,2.507439726199426,5.69809263070907
2022-01-01 07:26:55.652174,2022-01-01 07:08:30,2022-01-01 07:44:00,2130.0,G,G01,S2X,1,1,231.87995444163678,226.4577478226696,228.84699783269843,2.3767727303798267,14.884462127401953,12.507689397022126,4.47,10.747403502913432,2.2830224666072834,4.707532956907234
2022-01-01 07:29:47.093023,2022-01-01 07:08:30,2022-01-01 07:52:30,2640.0,E,E03,S6X,2,-1,135.8958369660434,132.44674060008072,134.58059054848076,14.97826809535226,2.0254099060624786,12.952858189289781,4.65,5.735356431948429,0.8013080458619287,7.157492629166329
2022-01-01 07:30:30.000000,2022-01-01 07:08:30,2022-01-01 07:52:30,2640.0,E,E03,S7X,2,-1,135.8958369660434,132.44674060008072,134.5148180536495,14.97826809535226,2.0254099060624786,12.952858189289781,4.609999999999999,27.48350376055029,4.272330985170129,6.432906030911336
2022-01-01 07:30:30.000000,2022-01-01 07:08:30,2022-01-01 07:52:30,2640.0,E,E03,S8X,2,-1,135.8958369660434,132.44674060008072,134.5148180536495,14.97826809535226,2.0254099060624786,12.952858189289781,4.67,25.751020687368015,4.17411255948081,6.169220479902682
2022-01-01 07:40:00.283018,2022-01-01 07:13:30,2022-01-01 08:09:30,3360.0,G,G24,S2X,3,-1,130.01621694873492,147.25338184592022,138.87432061014104,12.934477583224874,2.052653470939627,10.881824112285248,4.569999999999999,16.437205228653767,2.6737318661913068,6.147664033367838
2022-01-01 07:51:00.000000,2022-01-01 07:39:00,2022-01-01 08:03:00,1440.0,R,R08,S2C,2,-1,136.84919646563938,130.0656906522525,133.5274608138106,14.89974686742065,5.779009216021068,9.120737651399581,4.539999999999999,14.79722872551821,2.7330313626537186,5.414218412462855
2022-01-01 07:51:00.000000,2022-01-01 07:39:00,2022-01-01 08:03:00,1440.0,R,R08,S2P,2,-1,136.84919646563938,130.0656906522525,133.5274608138106,14.89974686742065,5.779009216021068,9.120737651399581,4.469999999999999,15.138455100289256,2.8557614587074713,5.301022273457314
2022-01-01 08:03:30.000000,2022-01-01 07:58:00,2022-01-01 08:09:00,660.0,E,E33,S6X,1,1,221.38071911944746,220.93758092977723,221.13426907892733,11.496510004473443,14.911467856776008,3.4149578523025657,4.719999999999999,3.3262216328087515,1.08991879393603,3.05180684222973
2022-01-01 08:03:30.000000,2022-01-01 07:58:00,2022-01-01 08:09:00,660.0,E,E33,S7X,1,1,221.38071911944746,220.93758092977723,221.13426907892733,11.496510004473443,14.911467856776008,3.4149578523025657,3.9699999999999993,12.739819372590244,4.197725447829099,3.0349339257475223
2022-01-01 08:03:30.000000,2022-01-01 07:58:00,2022-01-01 08:09:00,660.0,E,E33,S8X,1,1,221.38071911944746,220.93758092977723,221.13426907892733,11.496510004473443,14.911467856776008,3.4149578523025657,3.9800000000000013,13.408471996699936,5.114411508453574,2.621703782446361
2022-01-01 08:09:30.000000,2022-01-01 07:55:30,2022-01-01 08:23:30,1680.0,R,R18,S2C,1,1,206.33990921796823,207.7229875423769,206.75352657852224,2.2981332264538765,14.825205292475768,12.527072066021892,4.46,17.085468370680903,3.9462085692959255,4.329590813728647
2022-01-01 08:09:30.000000,2022-01-01 07:55:30,2022-01-01 08:23:30,1680.0,R,R18,S2P,1,1,206.33990921796823,207.7229875423769,206.75352657852224,2.2981332264538765,14.825205292475768,12.527072066021892,4.420000000000001,16.014099189857046,3.1701279346016964,5.051562435403447
2022-01-01 08:24:07.500000,2022-01-01 08:01:30,2022-01-01 08:46:00,2670.0,G,G03,S2X,1,1,266.3056486283554,252.39800013571306,259.2228395485498,2.0574754567816504,14.951777160545433,12.894301703763782,4.340000000000001,14.570932577006364,2.5143507980341124,5.795107265222853
2022-01-01 09:20:00.000000,2022-01-01 08:47:30,2022-01-01 09:52:30,3900.0,C,C25,S6I,3,-1,130.11062962851656,149.02824342902807,140.4044038896767,13.260959490421849,2.031900026659556,11.229059463762292,4.470000000000001,15.323304680724485,2.4740559599513037,6.193596639999239
2022-01-01 09:27:55.121951,2022-01-01 08:56:30,2022-01-01 09:58:30,3720.0,G,G17,S2X,1,1,209.43503143222225,233.21771405186982,220.8865207872089,2.1647980950417485,9.565805626812542,7.401007531770794,4.159999999999998,10.582445793776744,2.4787244250910225,4.269311137073312
2022-01-01 09:28:15.000000,2022-01-01 08:57:30,2022-01-01 09:59:00,3690.0,C,C35,S6I,1,1,210.54860235247733,227.09158659361813,217.94540487549554,2.132251263502639,14.982286689006697,12.850035425504059,4.24,14.259803117558564,2.181616444253921,6.536347466172127
2022-01-01 09:28:45.000000,2022-01-01 09:11:00,2022-01-01 09:46:30,2130.0,C,C19,S6I,1,1,269.9927869661939,259.0054174833492,264.5115433555277,5.849248310854471,14.952536199421763,9.10328788856729,4.32,14.308609902642182,2.9617078417595875,4.83120235591545
2022-01-01 09:44:25.945946,2022-01-01 09:24:00,2022-01-01 09:54:00,1800.0,R,R19,S2C,1,1,200.16285653703957,206.6676847759428,204.21111850013853,2.965655938884937,14.90172812654623,11.936072187661292,4.1000000000000005,8.027513280551934,2.723700925935566,2.9472814743030415
2022-01-01 09:44:25.945946,2022-01-01 09:24:00,2022-01-01 09:54:00,1800.0,R,R19,S2P,1,1,200.16285653703957,206.6676847759428,204.21111850013853,2.965655938884937,14.90172812654623,11.936072187661292,4.22,6.1224642048247,1.5063659958738074,4.064393528262833
2022-01-01 09:54:45.000000,2022-01-01 09:51:30,2022-01-01 09:58:00,390.0,E,E02,S6X,2,1,130.14241233507232,132.26974866505574,131.20731732484796,8.995092911528861,9.061216760932117,0.06612384940325633,9.990000000000034,0.0036564014151932193,0.0012179699479439774,3.0020456755648963
2022-01-01 09:54:45.000000,2022-01-01 09:51:30,2022-01-01 09:58:00,390.0,E,E02,S7X,2,1,130.14241233507232,132.26974866505574,131.20731732484796,8.995092911528861,9.061216760932117,0.06612384940325633,9.990000000000057,0.0015431701342558534,0.0005169861092840023,2.984935390997372
2022-01-01 09:54:45.000000,2022-01-01 09:51:30,2022-01-01 09:58:00,390.0,E,E02,S8X,2,1,130.14241233507232,132.26974866505574,131.20731732484796,8.995092911528861,9.061216760932117,0.06612384940325633,10.000000000000078,0.004981376735940982,0.001657870953139315,3.0046830403224902
2022-01-01 10:10:00.000000,2022-01-01 10:07:30,2022-01-01 10:12:30,300.0,G,G25,S2X,3,1,130.0005854941428,131.92468034509162,130.9633485503105,4.994666485625391,5.036054328337466,0.04138784271207463,10.000000000000009,0.0011852980753425146,0.0003955998864417422,2.996204286112875
2022-01-01 10:25:00.000000,2022-01-01 10:02:30,2022-01-01 10:47:30,2700.0,R,R04,S2C,3,1,266.6229107602922,247.82983746314687,257.27436894118523,2.0691173561260254,14.944029665735362,12.874912309609337,4.11,15.845106686963543,3.0664130487009604,5.167309959653375
2022-01-01 10:25:00.000000,2022-01-01 10:02:30,2022-01-01 10:47:30,2700.0,R,R04,S2P,3,1,266.6229107602922,247.82983746314687,257.27436894118523,2.0691173561260254,14.944029665735362,12.874912309609337,4.09,13.349265778096802,2.928263633897748,4.558765004477375
2022-01-01 10:29:13.636363,2022-01-01 09:59:00,2022-01-01 11:03:30,3870.0,G,G17,S2X,2,-1,233.43161761769449,260.1350087040073,246.2174187453134,9.565584519214466,2.435005411949121,7.130579107265346,4.27,13.898027263600113,3.5909005679652823,3.8703458924999348
2022-01-01 10:31:26.619718,2022-01-01 10:13:00,2022-01-01 10:52:00,2340.0,G,G25,S2X,4,-1,132.1165171544308,146.35656187180024,138.99854819219337,5.035541213873734,2.370713462801118,2.664827751072616,4.65,16.83388130192316,6.6340245825753446,2.5375066209640433
2022-01-01 10:31:30.000000,2022-01-01 10:13:00,2022-01-01 10:50:00,2220.0,R,R11,S2C,4,-1,149.85228650624904,160.6489858839673,155.7712567622699,14.979574873558333,2.3238453883158097,12.655729485242523,4.18,18.647741019103936,3.339187441508446,5.584514599959084
2022-01-01 10:31:30.000000,2022-01-01 10:13:00,2022-01-01 10:50:00,2220.0,R,R11,S2P,4,-1,149.85228650624904,160.6489858839673,155.7712567622699,14.979574873558333,2.3238453883158097,12.655729485242523,4.2,16.71683478344675,3.009791861347219,5.554149772989317
2022-01-01 10:33:00.647482,2022-01-01 09:58:30,2022-01-01 11:09:00,4230.0,E,E02,S6X,3,-1,132.43265629624213,152.46845752177643,142.86409352050782,9.061177032139428,2.0200762300695234,7.041100802069904,4.299999999999999,6.031730618522061,1.685382765592207,3.5788491146713737
2022-01-01 10:33:00.647482,2022-01-01 09:58:30,2022-01-01 11:09:00,4230.0,E,E02,S7X,3,-1,132.43265629624213,152.46845752177643,142.86409352050782,9.061177032139428,2.0200762300695234,7.041100802069904,4.18,26.10688306709489,6.817298378410466,3.8295057100290837
2022-01-01 10:33:00.647482,2022-01-01 09:58:30,2022-01-01 11:09:00,4230.0,E,E02,S8X,3,-1,132.43265629624213,152.46845752177643,142.86409352050782,9.061177032139428,2.0200762300695234,7.041100802069904,4.220000000000001,24.098587353242063,6.105711355101103,3.9468926635564845
2022-01-01 11:24:52.962963,2022-01-01 11:02:00,2022-01-01 11:45:00,2580.0,G,G06,S2X,2,1,210.43371917620658,220.73448497415532,215.31900749542174,2.030778297972621,14.894703073974716,12.863924776002095,3.86,10.624364833133454,2.2153764376347143,4.795737939903678
2022-01-01 11:30:15.000000,2022-01-01 11:09:30,2022-01-01 11:51:00,2490.0,C,C35,S6I,2,-1,254.56846349780443,269.85512472266197,262.37594087043976,14.95801460110533,7.941354113678895,7.016660487426434,4.14,9.428242936204228,2.1529423073400515,4.379236222011341
2022-01-01 11:37:45.000000,2022-01-01 11:18:00,2022-01-01 11:57:30,2370.0,C,C23,S6I,4,-1,139.05828917109076,143.30741546652916,141.59681910527522,14.877426825068861,2.4408243651445773,12.436602459924284,4.03,13.995300382782277,2.836384633270337,4.934203992864595
2022-01-01 11:50:20.487805,2022-01-01 11:16:00,2022-01-01 12:21:00,3900.0,R,R20,S2P,2,1,194.65202490689686,222.90028151794084,208.55406262951536,3.0275657558036646,13.702951837983102,10.675386082179438,3.78,9.581167705145228,1.8933016375328544,5.0605606181328655
2022-01-01 11:50:37.377049,2022-01-01 11:16:30,2022-01-01 12:21:00,3870.0,R,R20,S2C,2,1,194.81696963907484,222.90028151794084,208.6679836538219,3.1774230796168212,13.702951837983102,10.525528758366281,3.79,9.519455193702097,2.243004132230887,4.244064938139043
2022-01-01 12:06:15.000000,2022-01-01 11:46:00,2022-01-01 12:26:30,2430.0,C,C22,S6I,2,1,240.47739754472877,232.37419759341958,236.23221226567574,2.560713189609108,14.921430034900164,12.360716845291055,3.79,16.550410597015887,2.8698402920450072,5.767014507006695
2022-01-01 12:19:45.000000,2022-01-01 12:05:30,2022-01-01 12:34:00,1710.0,R,R12,S2C,4,-1,151.05361521722926,153.5967399941221,152.62223414374444,14.827096408831562,2.404581483536602,12.422514925294958,3.8700000000000006,16.12826745878011,3.0159933276856083,5.347580616551465
2022-01-01 12:19:45.000000,2022-01-01 12:05:30,2022-01-01 12:34:00,1710.0,R,R12,S2P,4,-1,151.05361521722926,153.5967399941221,152.62223414374444,14.827096408831562,2.404581483536602,12.422514925294958,3.8600000000000008,15.282773886117257,2.603306167538793,5.870524979613072
2022-01-01 12:32:19.090909,2022-01-01 12:16:00,2022-01-01 12:50:00,2040.0,G,G31,S2X,4,-1,133.65774320744956,130.06209943294837,132.16713729239564,14.889574698431511,2.262335917866791,12.62723878056472,3.9,12.938250149997568,2.225634917145311,5.81328503175745
2022-01-01 12:32:45.000000,2022-01-01 12:15:00,2022-01-01 12:50:30,2130.0,R,R05,S2C,3,1,236.0808958819835,224.94540182806273,230.38679680099426,2.1607351507527492,14.895842734052195,12.735107583299445,3.8200000000000007,17.041640659189508,3.507371042784653,4.858807480391186
2022-01-01 12:32:45.000000,2022-01-01 12:15:00,2022-01-01 12:50:30,2130.0,R,R05,S2P,3,1,236.0808958819835,224.94540182806273,230.38679680099426,2.1607351507527492,14.895842734052195,12.735107583299445,3.8000000000000007,15.740776017547926,3.1185523714785504,5.047462457744456
2022-01-01 12:50:15.929203,2022-01-01 12:21:30,2022-01-01 13:23:30,3720.0,R,R20,S2C,3,-1,223.1523640727135,252.67161935296866,237.31159057193824,13.701675593157873,4.280565250374181,9.421110342783692,3.94,11.011832481692135,2.607091167178654,4.2238003106001605
2022-01-01 12:50:15.929203,2022-01-01 12:21:30,2022-01-01 13:23:30,3720.0,R,R20,S2P,3,-1,223.1523640727135,252.67161935296866,237.31159057193824,13.701675593157873,4.280565250374181,9.421110342783692,3.95,10.60549308524453,2.577476032421874,4.114681553519351
2022-01-01 13:08:30.000000,2022-01-01 12:45:30,2022-01-01 13:31:30,2760.0,E,E30,S6X,4,-1,141.18366204593158,146.52531433530618,144.3578562166342,14.956764270865902,2.4284618824735182,12.528302388392383,3.880000000000001,5.2872223091759505,0.889858184770021,5.941645983221927
2022-01-01 13:08:30.000000,2022-01-01 12:45:30,2022-01-01 13:31:30,2760.0,E,E30,S7X,4,-1,141.18366204593158,146.52531433530618,144.3578562166342,14.956764270865902,2.4284618824735182,12.528302388392383,3.8500000000000005,24.4198095720293,4.117033930519256,5.9314083838384555
2022-01-01 13:08:30.000000,2022-01-01 12:45:30,2022-01-01 13:31:30,2760.0,E,E30,S8X,4,-1,141.18366204593158,146.52531433530618,144.3578562166342,14.956764270865902,2.4284618824735182,12.528302388392383,3.900000000000001,22.913644869243438,3.87731241921114,5.909672059365632
2022-01-01 13:13:52.222222,2022-01-01 12:37:30,2022-01-01 13:47:30,4200.0,G,G11,S2X,2,1,210.58126156724606,235.94030649875077,222.93409606216196,2.1072271939780416,10.913248795588782,8.806021601610741,3.64,12.498086262428004,2.8738587488951426,4.348886759738245
2022-01-01 13:17:45.000000,2022-01-01 13:09:30,2022-01-01 13:26:00,990.0,R,R21,S2C,3,1,193.3989233245868,200.80006496851664,197.08321767642224,2.011003348017863,2.665116442146263,0.6541130941283999,9.999999999999995,2.8211405024501035,0.7028285320757269,4.013981182747625
2022-01-01 13:17:45.000000,2022-01-01 13:09:30,2022-01-01 13:26:00,990.0,R,R21,S2P,3,1,193.3989233245868,200.80006496851664,197.08321767642224,2.011003348017863,2.665116442146263,0.6541130941283999,9.999999999999995,3.6389027617103618,0.9405784057089981,3.8687925850980975
2022-01-01 13:17:45.000000,2022-01-01 13:09:30,2022-01-01 13:26:00,990.0,R,R21,S3X,3,1,193.3989233245868,200.80006496851664,197.08321767642224,2.011003348017863,2.665116442146263,0.6541130941283999,10.0,3.504487809157372,0.9167590714284206,3.822692262752262
2022-01-01 13:26:15.000000,2022-01-01 13:00:30,2022-01-01 13:52:00,3090.0,E,E04,S6X,1,1,248.2936392523162,236.92312729461247,242.38507884821297,2.049710199173117,14.910345346140442,12.860635146967326,3.6799999999999997,5.965162971040933,0.8397800188128157,7.1032447038616064
2022-01-01 13:26:15.000000,2022-01-01 13:00:30,2022-01-01 13:52:00,3090.0,E,E04,S7X,1,1,248.2936392523162,236.92312729461247,242.38507884821297,2.049710199173117,14.910345346140442,12.860635146967326,3.7,25.946772582539023,3.83332469067107,6.768738543250487
2022-01-01 13:26:15.000000,2022-01-01 13:00:30,2022-01-01 13:52:00,3090.0,E,E04,S8X,1,1,248.2936392523162,236.92312729461247,242.38507884821297,2.049710199173117,14.910345346140442,12.860635146967326,3.75,24.720401050031434,3.7376184257880154,6.613944558778641
2022-01-01 13:34:23.225806,2022-01-01 13:26:30,2022-01-01 13:42:30,960.0,R,R21,S2C,4,-1,201.02679654132282,208.2781614841037,204.60490296549776,2.664631716920614,2.0258627594798235,0.6387689574407904,10.000000000000004,2.3909998635799097,0.639467408642533,3.739048826046577
2022-01-01 13:34:23.225806,2022-01-01 13:26:30,2022-01-01 13:42:30,960.0,R,R21,S2P,4,-1,201.02679654132282,208.2781614841037,204.60490296549776,2.664631716920614,2.0258627594798235,0.6387689574407904,10.000000000000004,1.6275342958617516,0.44592024767273153,3.6498326872482068
2022-01-01 13:34:23.225806,2022-01-01 13:26:30,2022-01-01 13:42:30,960.0,R,R21,S3X,4,-1,201.02679654132282,208.2781614841037,204.60490296549776,2.664631716920614,2.0258627594798235,0.6387689574407904,9.999999999999996,2.6216658970001845,0.7248713475686446,3.6167326875227546
2022-01-01 13:52:45.000000,2022-01-01 13:33:30,2022-01-01 14:12:00,2310.0,C,C37,S6I,4,-1,134.0640265582016,130.3681851166504,132.49040921059722,14.848460849469243,2.0621871261746167,12.786273723294626,3.7700000000000005,17.89947442188871,2.5682517625527495,6.969517039909388
2022-01-01 13:55:39.512195,2022-01-01 13:45:30,2022-01-01 14:09:00,1410.0,R,R13,S2C,4,-1,146.70184044646643,144.30039406247369,145.81889609018128,14.850992107754431,4.523096571776457,10.327895535977973,3.8100000000000005,5.615522298313532,1.2933735914584863,4.341763536381726
2022-01-01 13:56:03.571428,2022-01-01 13:45:30,2022-01-01 14:12:30,1620.0,R,R13,S2P,4,-1,146.70184044646643,143.79978092909,145.7708284553228,14.850992107754431,3.045071022730491,11.80592108502394,3.790000000000001,8.428452388705956,1.6961998394236324,4.969020862288219
2022-01-01 14:01:15.000000,2022-01-01 13:43:30,2022-01-01 14:19:00,2130.0,G,G26,S2X,4,-1,137.99882957317706,142.05696327822702,140.39642371069795,14.988124328219083,2.548282021985359,12.439842306233725,3.7800000000000002,14.184208891637976,2.1916335301593954,6.471980235950475
2022-01-01 14:24:47.229729,2022-01-01 13:48:00,2022-01-01 15:02:30,4470.0,G,G11,S2X,3,-1,236.1481556847947,266.0585555918524,251.24717732604194,10.91254040111414,2.0180959692829568,8.894444431831182,3.6899999999999995,17.134543851653834,3.6747571010219158,4.662769097551748
2022-01-01 14:26:15.000000,2022-01-01 14:07:30,2022-01-01 14:45:00,2250.0,C,C21,S6I,3,1,221.82865408078658,221.3021672571698,221.23806002895012,2.1429793811374283,14.934949162631343,12.791969781493915,3.750000000000001,12.277959817155063,2.2518959467202246,5.452276707117532
2022-01-01 15:15:21.910112,2022-01-01 14:51:30,2022-01-01 15:37:30,2760.0,G,G05,S2X,3,1,212.19549185883386,223.30197515556156,217.32509129834747,2.065937455723658,14.98380622003968,12.917868764316022,3.8,9.593748959973599,1.8508503293994352,5.183427750793109
2022-01-01 15:50:30.000000,2022-01-01 15:40:30,2022-01-01 16:00:30,1200.0,R,R14,S2C,4,-1,135.7648128988729,130.10968647622573,132.98432173005244,14.977654135262352,7.398529737732165,7.579124397530187,3.869999999999999,15.66470928268686,3.574759113196854,4.382032127663602
2022-01-01 15:50:30.000000,2022-01-01 15:40:30,2022-01-01 16:00:30,1200.0,R,R14,S2P,4,-1,135.7648128988729,130.10968647622573,132.98432173005244,14.977654135262352,7.398529737732165,7.579124397530187,3.869999999999999,14.61257681160184,3.524313885546263,4.146218891435919
2022-01-01 15:51:16.022727,2022-01-01 15:29:30,2022-01-01 16:13:30,2640.0,E,E27,S6X,4,-1,135.52968003520792,130.58996616147178,133.40625883610642,14.932097485089844,2.059656828349395,12.87244065674045,3.85,6.472964500361449,0.9179398708128154,7.051621469094466
2022-01-01 15:51:16.022727,2022-01-01 15:29:30,2022-01-01 16:13:30,2640.0,E,E27,S7X,4,-1,135.52968003520792,130.58996616147178,133.40625883610642,14.932097485089844,2.059656828349395,12.87244065674045,3.809999999999999,30.83816001618007,4.41656160869602,6.982390997435891
2022-01-01 15:51:16.022727,2022-01-01 15:29:30,2022-01-01 16:13:30,2640.0,E,E27,S8X,4,-1,135.52968003520792,130.58996616147178,133.40625883610642,14.932097485089844,2.059656828349395,12.87244065674045,3.86,28.633909710449757,4.187824339046471,6.83741900143057
2022-01-01 16:05:45.000000,2022-01-01 15:54:00,2022-01-01 16:17:30,1410.0,R,R24,S2C,3,1,130.08569179093462,141.351474193261,135.70511829013378,8.26078306819322,9.611982451427224,1.351199383234004,6.6400000000000015,2.287652417869339,1.0778874831128282,2.122348068522731
2022-01-01 16:05:45.000000,2022-01-01 15:54:00,2022-01-01 16:17:30,1410.0,R,R24,S2P,3,1,130.08569179093462,141.351474193261,135.70511829013378,8.26078306819322,9.611982451427224,1.351199383234004,6.750000000000002,2.815294259761716,1.354561993715218,2.0783797809357414
2022-01-01 16:16:58.588235,2022-01-01 15:55:00,2022-01-01 16:38:00,2580.0,E,E09,S6X,3,1,222.72495558570083,221.5480200880441,221.74188543329797,2.131347265146762,14.988767141431655,12.857419876284894,3.9,4.74210193816968,0.8839166518785091,5.364874536633872
2022-01-01 16:16:58.588235,2022-01-01 15:55:00,2022-01-01 16:38:00,2580.0,E,E09,S7X,3,1,222.72495558570083,221.5480200880441,221.74188543329797,2.131347265146762,14.988767141431655,12.857419876284894,3.8200000000000003,23.2016536699336,4.147028400369398,5.594766042081338
2022-01-01 16:16:58.588235,2022-01-01 15:55:00,2022-01-01 16:38:00,2580.0,E,E09,S8X,3,1,222.72495558570083,221.5480200880441,221.74188543329797,2.131347265146762,14.988767141431655,12.857419876284894,3.880000000000001,21.837032616921853,4.110094564008365,5.313024378598558
2022-01-01 16:21:45.000000,2022-01-01 16:07:00,2022-01-01 16:36:30,1770.0,R,R07,S2C,3,1,206.19442285173474,208.78890987346531,207.1734879692243,2.001784350105704,14.894382974346598,12.892598624240893,3.86,13.298646609257142,3.4027642163579337,3.90818927309957
2022-01-01 16:21:45.000000,2022-01-01 16:07:00,2022-01-01 16:36:30,1770.0,R,R07,S2P,3,1,206.19442285173474,208.78890987346531,207.1734879692243,2.001784350105704,14.894382974346598,12.892598624240893,3.8,14.891119676022843,2.981019151615825,4.995311642983338
2022-01-01 16:35:06.593406,2022-01-01 16:12:30,2022-01-01 17:00:00,2850.0,G,G27,S2X,4,-1,136.9197867394707,149.24893325248237,143.44562272849808,14.945828417515315,2.1538308738385052,12.79199754367681,3.86,17.76595444782949,2.675807438714468,6.639474197876042
2022-01-01 16:40:15.000000,2022-01-01 16:17:00,2022-01-01 17:03:30,2790.0,C,C42,S6I,3,1,212.05968715348502,221.1666977473892,216.03373179339303,2.0864513076599107,14.91467412762994,12.82822281997003,3.83,15.187210060509607,2.7811203420836823,5.46082448526157
2022-01-01 16:42:00.000000,2022-01-01 16:10:30,2022-01-01 17:13:30,3780.0,C,C27,S6I,4,-1,130.1715856429987,150.54742403768108,140.91801693375112,9.190217906669169,2.0783159707370866,7.111901935932082,3.7800000000000007,20.544032689797184,4.68347121095102,4.38649705836999
2022-01-01 16:45:30.000000,2022-01-01 16:18:00,2022-01-01 17:13:00,3300.0,R,R24,S2C,4,-1,141.59136038366245,165.37792626101978,154.04630934268204,9.610916910752497,2.0857670802802115,7.5251498304722855,3.7400000000000007,18.05137233469566,4.684768391438553,3.8532048601772226
2022-01-01 16:45:30.000000,2022-01-01 16:18:00,2022-01-01 17:13:00,3300.0,R,R24,S2P,4,-1,141.59136038366245,165.37792626101978,154.04630934268204,9.610916910752497,2.0857670802802115,7.5251498304722855,3.7800000000000002,17.298314484562056,4.053040744189122,4.267984354552269
2022-01-01 16:57:15.000000,2022-01-01 16:56:00,2022-01-01 16:58:30,150.0,C,C26,S6I,1,1,269.84875664540766,269.06680737769886,269.4579494445617,14.237108789070891,14.89162784556687,0.6545190564959782,9.990000000000002,2.23540509443192,0.6337279431790954,3.527389187255991
2022-01-01 17:16:39.324324,2022-01-01 16:57:30,2022-01-01 17:35:00,2250.0,G,G15,S2X,3,1,219.576152801163,222.7167978459415,220.78838312209083,2.128637496098474,14.973350504177212,12.844713008078738,3.9600000000000004,8.13780005866454,1.7862581672015307,4.555780462246256
2022-01-01 17:51:38.260869,2022-01-01 17:34:30,2022-01-01 18:10:00,2130.0,G,G08,S2X,4,-1,139.89375751481978,144.66177610319562,142.5864343712551,14.882979114421191,2.4277720740517634,12.455207040369428,3.9899999999999984,12.939709517878573,2.0501907644226067,6.311466104727464
2022-01-01 17:59:14.583333,2022-01-01 17:41:00,2022-01-01 18:17:00,2160.0,R,R08,S2C,3,1,199.76734849637174,209.73857032745357,204.3143042509973,2.1325634937349847,14.906211703851634,12.773648210116649,3.939999999999999,15.264268431760804,3.3171150800397364,4.601669843657625
2022-01-01 17:59:14.583333,2022-01-01 17:41:00,2022-01-01 18:17:00,2160.0,R,R08,S2P,3,1,199.76734849637174,209.73857032745357,204.3143042509973,2.1325634937349847,14.906211703851634,12.773648210116649,3.9599999999999995,12.636113629229726,2.7532734667679226,4.589487307290003
2022-01-01 18:06:30.000000,2022-01-01 17:25:00,2022-01-01 18:48:00,4980.0,C,C14,S6I,3,1,210.80313501675067,237.47094995056057,222.92173832472918,3.3076784578813556,14.631371408977904,11.323692951096548,4.119999999999999,9.41004329544354,2.7289002590642815,3.448291400239806
2022-01-01 18:06:30.000000,2022-01-01 17:25:00,2022-01-01 18:48:00,4980.0,C,C14,S7I,3,1,210.80313501675067,237.47094995056057,222.92173832472918,3.3076784578813556,14.631371408977904,11.323692951096548,4.089999999999998,12.747419907517964,2.9663061284396703,4.297405377449472
2022-01-01 18:33:45.000000,2022-01-01 18:15:30,2022-01-01 18:52:00,2190.0,R,R17,S2C,4,-1,151.3302992437896,161.90537545427085,157.131306451368,14.85964035275224,2.154842262385968,12.704798090366273,3.99,16.79939528271687,2.7499611297568634,6.1089573597726385
2022-01-01 18:33:45.000000,2022-01-01 18:15:30,2022-01-01 18:52:00,2190.0,R,R17,S2P,4,-1,151.3302992437896,161.90537545427085,157.131306451368,14.85964035275224,2.154842262385968,12.704798090366273,3.99,16.228554542655555,2.592703489236434,6.25931758491788
2022-01-01 18:48:30.355029,2022-01-01 18:06:30,2022-01-01 19:31:00,5070.0,E,E13,S6X,4,-1,130.1253646265665,153.82769354091866,142.9880007677322,12.483471886731065,2.0714381635774286,10.412033723153638,4.0600000000000005,5.622785250266848,1.0491934142020467,5.359150347453524
2022-01-01 18:48:30.355029,2022-01-01 18:06:30,2022-01-01 19:31:00,5070.0,E,E13,S7X,4,-1,130.1253646265665,153.82769354091866,142.9880007677322,12.483471886731065,2.0714381635774286,10.412033723153638,4.02,23.656526785175416,4.585127146989362,5.159404750794864
2022-01-01 18:48:30.355029,2022-01-01 18:06:30,2022-01-01 19:31:00,5070.0,E,E13,S8X,4,-1,130.1253646265665,153.82769354091866,142.9880007677322,12.483471886731065,2.0714381635774286,10.412033723153638,4.08,22.274166082284722,4.183832841287839,5.323866159869914
2022-01-01 18:55:15.000000,2022-01-01 18:54:30,2022-01-01 18:56:00,90.0,E,E24,S6X,1,1,269.86941531275835,269.4047539085869,269.63711927921406,14.594458691105569,14.92164881556354,0.3271901244579709,,,,
2022-01-01 18:55:15.000000,2022-01-01 18:54:30,2022-01-01 18:56:00,90.0,E,E24,S7X,1,1,269.86941531275835,269.4047539085869,269.63711927921406,14.594458691105569,14.92164881556354,0.3271901244579709,,,,
2022-01-01 18:55:15.000000,2022-01-01 18:54:30,2022-01-01 18:56:00,90.0,E,E24,S8X,1,1,269.86941531275835,269.4047539085869,269.63711927921406,14.594458691105569,14.92164881556354,0.3271901244579709,,,,
2022-01-01 18:55:58.767123,2022-01-01 18:36:30,2022-01-01 19:14:00,2250.0,G,G24,S2X,4,1,235.69021251025669,230.31252379558921,232.66504347483186,2.0116114503297684,14.895195304203215,12.883583853873446,4.05,13.674262743267073,2.4877301377223877,5.496682512270557
2022-01-01 19:01:13.800000,2022-01-01 18:34:30,2022-01-01 19:26:00,3090.0,C,C33,S6I,3,1,210.09721284782503,227.26987055984182,218.7126260606747,2.0281015397129463,6.236028537845939,4.207926998132992,3.8700000000000006,20.428007054029962,6.2586539574518625,3.263961738882746
2022-01-01 19:02:45.714285,2022-01-01 18:42:00,2022-01-01 19:24:30,2550.0,C,C30,S6I,4,-1,139.92254572026997,146.08275905393006,143.43348453333462,14.976695440793504,2.0951804464421837,12.88151499435132,4.170000000000002,14.580805332545948,2.6649255912375573,5.4713742779492796
2022-01-01 19:06:59.340659,2022-01-01 18:43:30,2022-01-01 19:29:30,2760.0,C,C24,S6I,1,1,252.52597190243443,241.1490053952846,246.56842878889273,2.0863274654075905,14.956822638911587,12.870495173503997,4.140000000000001,19.980699731563927,2.8332521544612073,7.052213725524761
2022-01-01 19:15:30.000000,2022-01-01 19:13:30,2022-01-01 19:17:30,240.0,E,E05,S6X,3,1,221.40979332770826,222.43530618719012,221.91953162844666,14.253237511188614,14.965828010515244,0.7125904993266303,9.99999999999999,0.32680453179723223,0.08519653072832596,3.835890135472112
2022-01-01 19:15:30.000000,2022-01-01 19:13:30,2022-01-01 19:17:30,240.0,E,E05,S7X,3,1,221.40979332770826,222.43530618719012,221.91953162844666,14.253237511188614,14.965828010515244,0.7125904993266303,9.990000000000007,0.6529287445413503,0.21352767299221956,3.057817918360125
2022-01-01 19:15:30.000000,2022-01-01 19:13:30,2022-01-01 19:17:30,240.0,E,E05,S8X,3,1,221.40979332770826,222.43530618719012,221.91953162844666,14.253237511188614,14.965828010515244,0.7125904993266303,10.000000000000014,0.2974743299637381,0.07578820991538612,3.925073969893917
2022-01-01 19:31:45.000000,2022-01-01 18:48:30,2022-01-01 20:15:00,5190.0,C,C14,S6I,4,-1,237.66609623678448,269.80017595006257,254.21830419211562,14.631040520097987,3.604160689497049,11.026879830600937,3.9899999999999993,12.387080398833945,3.1351305402243685,3.9510572972656672
2022-01-01 19:31:45.000000,2022-01-01 18:48:30,2022-01-01 20:15:00,5190.0,C,C14,S7I,4,-1,237.66609623678448,269.80017595006257,254.21830419211562,14.631040520097987,3.604160689497049,11.026879830600937,4.009999999999999,18.01535142335987,3.8477896812824572,4.682000035239818
2022-01-01 19:42:23.553719,2022-01-01 19:11:30,2022-01-01 20:12:30,3660.0,R,R01,S2P,3,1,196.04828433612104,222.13589795869822,208.5104367346494,2.1235561759267507,11.031679803104678,8.908123627177927,4.26,9.942270959626235,2.243849341113682,4.430899516048444
2022-01-01 19:43:04.830508,2022-01-01 19:11:30,2022-01-01 20:12:30,3660.0,R,R01,S2C,3,1,196.04828433612104,222.13589795869822,208.79400775101385,2.1235561759267507,11.031679803104678,8.908123627177927,4.2700000000000005,9.575950786396756,2.4948665956299148,3.838261654218421
2022-01-01 19:53:00.000000,2022-01-01 19:26:30,2022-01-01 20:19:30,3180.0,C,C33,S6I,4,-1,227.45010196653146,246.48263994597517,237.03179133449183,6.235650470195693,2.013188559007474,4.222461911188219,3.9300000000000006,17.788806918347582,5.228862384511434,3.4020415169158644
2022-01-01 20:01:30.000000,2022-01-01 19:50:00,2022-01-01 20:13:00,1380.0,G,G12,S2X,2,1,269.88561773263064,262.3460412079471,266.1301441334114,8.367547408579535,14.985053838394933,6.617506429815398,4.240000000000001,7.427305093851734,1.877724413409768,3.955481987031557
2022-01-01 20:11:30.000000,2022-01-01 19:57:00,2022-01-01 20:26:00,1740.0,R,R18,S2C,4,-1,152.8926651106887,155.88048886127905,154.70291249609133,14.839916096490715,2.1253477281400683,12.714568368350646,4.239999999999998,17.40359559404308,3.105537803960999,5.604052081364276
2022-01-01 20:11:30.000000,2022-01-01 19:57:00,2022-01-01 20:26:00,1740.0,R,R18,S2P,4,-1,152.8926651106887,155.88048886127905,154.70291249609133,14.839916096490715,2.1253477281400683,12.714568368350646,4.179999999999999,15.455980564426412,2.7435781983427074,5.633511949381574
2022-01-01 20:12:47.264151,2022-01-01 19:46:30,2022-01-01 20:41:00,3270.0,G,G01,S2X,4,-1,134.88902079899225,150.8855749940588,143.40184070030796,14.953907517443353,2.186717730310791,12.767189787132562,4.2,14.924702179096464,2.307589837599403,6.467658132271334
2022-01-01 20:14:45.000000,2022-01-01 20:13:30,2022-01-01 20:16:00,150.0,R,R08,S2C,4,-1,268.73116750002856,269.8474178972949,269.29046718048875,14.890181708338202,14.170906428423269,0.7192752799149336,10.00000000000001,2.2669660638969154,0.7502366064560708,3.021668156937174
2022-01-01 20:14:45.000000,2022-01-01 20:13:30,2022-01-01 20:16:00,150.0,R,R08,S2P,4,-1,268.73116750002856,269.8474178972949,269.29046718048875,14.890181708338202,14.170906428423269,0.7192752799149336,10.00000000000001,0.812044318392674,0.2951953449825373,2.750871015397318
2022-01-01 20:33:15.000000,2022-01-01 20:15:30,2022-01-01 20:51:00,2130.0,R,R11,S2C,5,1,234.95855755319286,224.2135700752553,229.44968025654418,2.0507075060321065,14.978261671207983,12.927554165175877,4.359999999999999,15.294772998090789,2.9486523143515266,5.187038473016594
2022-01-01 20:33:15.000000,2022-01-01 20:15:30,2022-01-01 20:51:00,2130.0,R,R11,S2P,5,1,234.95855755319286,224.2135700752553,229.44968025654418,2.0507075060321065,14.978261671207983,12.927554165175877,4.369999999999999,14.871103680933233,2.844132568096161,5.2286956830875955
2022-01-01 20:42:10.000000,2022-01-01 20:13:00,2022-01-01 21:15:30,3750.0,R,R01,S2C,4,-1,222.3777714913021,251.1817596525418,236.22351177143304,11.030479340757234,2.122615187975947,8.907864152781286,4.250000000000001,8.450407013106535,1.8407907651312776,4.590639617047343
2022-01-01 20:43:17.704918,2022-01-01 20:13:00,2022-01-01 21:15:30,3750.0,R,R01,S2P,4,-1,222.3777714913021,251.1817596525418,236.73707953249797,11.030479340757234,2.122615187975947,8.907864152781286,4.240000000000001,8.832948837517,1.669694316408269,5.290159252933093
2022-01-01 21:21:15.000000,2022-01-01 21:06:30,2022-01-01 21:36:00,1770.0,E,E03,S6X,3,1,212.68884775135894,221.4422298043201,217.00875230186855,2.0059129271614236,3.170585239701169,1.1646723125397456,9.86,1.928707729237224,0.9044641552399288,2.13243136067188
2022-01-01 21:21:15.000000,2022-01-01 21:06:30,2022-01-01 21:36:00,1770.0,E,E03,S7X,3,1,212.68884775135894,221.4422298043201,217.00875230186855,2.0059129271614236,3.170585239701169,1.1646723125397456,7.9300000000000015,20.051491589549638,9.446209415426825,2.1227024203807168
2022-01-01 21:21:15.000000,2022-01-01 21:06:30,2022-01-01 21:36:00,1770.0,E,E03,S8X,3,1,212.68884775135894,221.4422298043201,217.00875230186855,2.0059129271614236,3.170585239701169,1.1646723125397456,8.09,17.79261180565849,8.319702744131304,2.1386114808259644
2022-01-01 21:22:45.000000,2022-01-01 21:04:00,2022-01-01 21:41:30,2250.0,C,C29,S6I,4,-1,136.4862141698128,133.88092915843947,135.47039885992072,14.871332371167687,2.1931211058912385,12.678211265276449,4.340000000000001,18.363819646968427,2.8610179279885726,6.418631448380695
2022-01-01 21:27:00.000000,2022-01-01 21:15:30,2022-01-01 21:38:30,1380.0,E,E05,S6X,4,-1,262.49257675988235,269.86135891320754,266.22625517103734,14.974679262142942,10.734206034987684,4.240473227155258,4.570000000000001,3.9232762396325676,1.0383091624585652,3.7785241443336774
2022-01-01 21:27:00.000000,2022-01-01 21:15:30,2022-01-01 21:38:30,1380.0,E,E05,S7X,4,-1,262.49257675988235,269.86135891320754,266.22625517103734,14.974679262142942,10.734206034987684,4.240473227155258,4.599999999999999,15.841419186831349,4.794981864301599,3.303749552166177
2022-01-01 21:27:00.000000,2022-01-01 21:15:30,2022-01-01 21:38:30,1380.0,E,E05,S8X,4,-1,262.49257675988235,269.86135891320754,266.22625517103734,14.974679262142942,10.734206034987684,4.240473227155258,4.62,14.498358040601191,4.470686136717488,3.2429827541519884
2022-01-01 21:36:17.142857,2022-01-01 21:14:30,2022-01-01 21:55:30,2460.0,G,G25,S2X,5,1,250.9182160223098,240.3815955724847,245.1933074358209,2.2459289255401944,14.874050142315077,12.628121216774883,4.309999999999999,13.602674121312644,2.3093724607568418,5.89020366028557
2022-01-01 21:38:23.720930,2022-01-01 21:27:00,2022-01-01 21:55:00,1680.0,R,R19,S2C,4,-1,150.23642245773635,148.41947061527932,149.740877784947,14.870453747459322,2.2790547691327894,12.591398978326533,4.319999999999999,12.125075397762748,2.4121120724323037,5.026746284444476
2022-01-01 21:38:23.720930,2022-01-01 21:27:00,2022-01-01 21:55:00,1680.0,R,R19,S2P,4,-1,150.23642245773635,148.41947061527932,149.740877784947,14.870453747459322,2.2790547691327894,12.591398978326533,4.319999999999999,10.764878040627176,2.0489437294350736,5.253867095508388
2022-01-01 21:39:00.000000,2022-01-01 21:17:30,2022-01-01 22:00:30,2580.0,E,E26,S6X,4,-1,142.40609863783365,145.12552596023872,144.20334741169302,14.928503949327565,2.2708829623240523,12.657620987003513,4.390000000000001,5.091678039837869,0.7516675472602069,6.773843115080327
2022-01-01 21:39:00.000000,2022-01-01 21:17:30,2022-01-01 22:00:30,2580.0,E,E26,S7X,4,-1,142.40609863783365,145.12552596023872,144.20334741169302,14.928503949327565,2.2708829623240523,12.657620987003513,4.36,23.264415800740238,3.572029005744336,6.512941458013839
2022-01-01 21:39:00.000000,2022-01-01 21:17:30,2022-01-01 22:00:30,2580.0,E,E26,S8X,4,-1,142.40609863783365,145.12552596023872,144.20334741169302,14.928503949327565,2.2708829623240523,12.657620987003513,4.410000000000001,21.83661978700605,3.4471163848499984,6.334749787671086
2022-01-01 21:47:30.000000,2022-01-01 21:29:00,2022-01-01 22:06:00,2220.0,C,C25,S6I,4,1,226.3072689230904,224.18033876768894,224.96098719295847,2.424324315152464,14.851098243596955,12.42677392844449,4.38,13.859619257437858,2.372557253667462,5.8416374298297224
2022-01-01 21:50:30.000000,2022-01-01 21:36:30,2022-01-01 22:04:30,1680.0,E,E03,S6X,4,-1,221.59562472641522,230.26692129906283,225.92525351619406,3.1700103566910984,2.0857401599162033,1.0842701967748951,9.999999999999998,1.4481856846692391,0.5101814222709768,2.838570009513307
2022-01-01 21:50:30.000000,2022-01-01 21:36:30,2022-01-01 22:04:30,1680.0,E,E03,S7X,4,-1,221.59562472641522,230.26692129906283,225.92525351619406,3.1700103566910984,2.0857401599162033,1.0842701967748951,7.92,5.3978825674869055,2.509108843345595,2.151314631807474
2022-01-01 21:50:30.000000,2022-01-01 21:36:30,2022-01-01 22:04:30,1680.0,E,E03,S8X,4,-1,221.59562472641522,230.26692129906283,225.92525351619406,3.1700103566910984,2.0857401599162033,1.0842701967748951,7.97,4.330331786423442,2.0133199544525144,2.150841338877504
2022-01-01 21:54:21.521739,2022-01-01 21:41:00,2022-01-01 22:06:30,1530.0,G,G32,S2X,3,1,216.66043179115505,226.3967436610806,221.7171505388718,2.2286169149303126,3.3702750007792184,1.1416580858489058,9.999999999999996,1.9810925235171415,0.6384449876714503,3.102996439431098
2022-01-01 22:11:15.000000,2022-01-01 22:05:00,2022-01-01 22:17:30,750.0,E,E25,S6X,2,1,234.6842000979646,232.43753618016785,233.54228166637668,11.475483020827836,14.919662698846325,3.4441796780184895,4.560000000000002,3.9382925094718932,1.2796645755623668,3.0775975085042537
2022-01-01 22:11:15.000000,2022-01-01 22:05:00,2022-01-01 22:17:30,750.0,E,E25,S7X,2,1,234.6842000979646,232.43753618016785,233.54228166637668,11.475483020827836,14.919662698846325,3.4441796780184895,4.509999999999998,13.88435691188798,4.596086024923538,3.02090884213138
2022-01-01 22:11:15.000000,2022-01-01 22:05:00,2022-01-01 22:17:30,750.0,E,E25,S8X,2,1,234.6842000979646,232.43753618016785,233.54228166637668,11.475483020827836,14.919662698846325,3.4441796780184895,4.569999999999999,12.341947487950293,4.308118610532582,2.8648114417686714
2022-01-01 22:22:59.032258,2022-01-01 22:08:00,2022-01-01 22:34:00,1560.0,G,G32,S2X,4,-1,226.98365693189714,237.18847288384714,232.86862030980114,3.3671642579419814,2.1344331749501104,1.232731082991871,10.0,2.1752763724730473,0.8111515997202389,2.6817137181548882
2022-01-01 22:30:45.000000,2022-01-01 22:16:00,2022-01-01 22:45:30,1770.0,R,R12,S2C,5,1,217.13934266238437,213.57419217847954,215.1413684037544,2.007579982164299,14.840369256685388,12.83278927452109,4.51,16.977999980331695,3.461470863449558,4.904851333462367
2022-01-01 22:30:45.000000,2022-01-01 22:16:00,2022-01-01 22:45:30,1770.0,R,R12,S2P,5,1,217.13934266238437,213.57419217847954,215.1413684037544,2.007579982164299,14.840369256685388,12.83278927452109,4.5,16.46697397759438,2.8846813778580844,5.708420383613158
2022-01-01 23:37:15.000000,2022-01-01 23:32:00,2022-01-01 23:42:30,630.0,C,C19,S6I,3,1,130.07007254982864,133.85605003275913,131.9656297744171,5.3346745619361355,5.509138487263681,0.1744639253275455,9.999999999999977,0.014057858130644923,0.004653356547411866,3.0210146133039633
2022-01-01 23:41:41.666666,2022-01-01 23:22:00,2022-01-01 23:59:30,2250.0,G,G31,S2X,5,1,212.1607714890109,221.69044200071292,216.7538697761404,2.442997581906246,12.51076634453229,10.067768762626043,4.450000000000001,10.535816259051385,1.9977083500132962,5.273951154572319
2022-01-01 23:43:05.084745,2022-01-01 23:28:30,2022-01-01 23:58:30,1800.0,R,R20,S2C,5,-1,140.40824830420186,132.14694148459216,136.51766474586086,14.996714924446024,3.3843565376840097,11.612358386762015,4.5,17.715445500617335,3.1226204553905252,5.673262490174069
2022-01-01 23:43:05.084745,2022-01-01 23:28:30,2022-01-01 23:58:30,1800.0,R,R20,S2P,5,-1,140.40824830420186,132.14694148459216,136.51766474586086,14.996714924446024,3.3843565376840097,11.612358386762015,4.5,17.295461356096844,3.1513121846108754,5.488336395409359
2022-01-01 23:48:09.782608,2022-01-01 23:36:30,2022-01-01 23:59:30,1380.0,C,C23,S6I,5,1,215.5953659709248,217.90920324196352,216.63609185859116,2.1268465989620977,9.351423159836283,7.224576560874185,4.420000000000001,20.779910665513427,4.6670230207986085,4.452497999882937
2022-01-01 23:50:15.000000,2022-01-01 23:41:00,2022-01-01 23:59:30,1110.0,E,E33,S6X,4,-1,135.54318117309072,133.43672170256386,134.5474757771275,14.949098237235198,9.407443642778894,5.541654594456304,4.540000000000001,4.946543664858856,1.2709141356040383,3.892114759198795
2022-01-01 23:50:15.000000,2022-01-01 23:41:00,2022-01-01 23:59:30,1110.0,E,E33,S7X,4,-1,135.54318117309072,133.43672170256386,134.5474757771275,14.949098237235198,9.407443642778894,5.541654594456304,4.619999999999999,17.92251219854247,4.455433906359209,4.022618801046918
2022-01-01 23:50:15.000000,2022-01-01 23:41:00,2022-01-01 23:59:30,1110.0,E,E33,S8X,4,-1,135.54318117309072,133.43672170256386,134.5474757771275,14.949098237235198,9.407443642778894,5.541654594456304,4.680000000000001,17.508134607138132,4.199094089015922,4.169502810841099
2022-01-01 23:51:15.000000,2022-01-01 23:43:00,2022-01-01 23:59:30,990.0,C,C19,S6I,4,-1,134.03535668942385,139.85987678951057,136.96430121777402,5.508725669905456,5.043863596207368,0.46486207369808774,10.000000000000005,0.6159807828711138,0.17742927581894719,3.471697554013997
2022-01-01 23:54:15.000000,2022-01-01 23:49:00,2022-01-01 23:59:30,630.0,R,R05,S2C,5,1,130.05912644321938,135.06156621448434,132.55404529046208,8.147207533639497,9.108345437275137,0.96113790363564,9.990000000000006,3.6239132298818797,1.355022807257828,2.674429692600987
2022-01-01 23:54:15.000000,2022-01-01 23:49:00,2022-01-01 23:59:30,630.0,R,R05,S2P,5,1,130.05912644321938,135.06156621448434,132.55404529046208,8.147207533639497,9.108345437275137,0.96113790363564,9.670000000000005,5.335910499709531,2.125211616600406,2.5107666728479106
2022-01-01 23:57:00.000000,2022-01-01 23:54:30,2022-01-01 23:59:30,300.0,G,G06,S2X,5,-1,136.645734841217,136.36316195151184,136.5101069324989,14.948061978860984,12.991917398785008,1.9561445800759767,10.000000000000002,3.858932701461643,1.1539472033131999,3.344115476325017
2022-01-02 00:00:45.000000,2022-01-02 00:00:00,2022-01-02 00:01:30,90.0,R,R20,S2P,1,-1,131.6956229114462,131.2408929855468,131.46844668139497,2.8419337935230975,2.302981120197975,0.5389526733251224,,,,
2022-01-02 00:00:50.000000,2022-01-02 00:00:00,2022-01-02 00:01:30,90.0,R,R20,S2C,1,-1,131.6956229114462,131.2408929855468,131.44312080786744,2.8419337935230975,2.302981120197975,0.5389526733251224,,,,
2022-01-02 00:05:45.000000,2022-01-02 00:00:00,2022-01-02 00:11:30,690.0,G,G31,S2X,1,1,221.85014227769238,225.75431340447997,223.76729522921883,12.62282090098411,14.992400860909372,2.3695799599252627,5.049999999999999,5.416690350638351,2.6958386230985885,2.009278413116741
2022-01-02 00:06:30.000000,2022-01-02 00:00:00,2022-01-02 00:13:00,780.0,R,R05,S2C,1,1,135.30145913924474,141.5486434840479,138.42562335302694,9.141105356725253,9.55798403634075,0.41687867961549685,9.989999999999998,0.2605564870761127,0.08412762394773173,3.0971573289410355
2022-01-02 00:06:30.000000,2022-01-02 00:00:00,2022-01-02 00:13:00,780.0,R,R05,S2P,1,1,135.30145913924474,141.5486434840479,138.42562335302694,9.141105356725253,9.55798403634075,0.41687867961549685,9.989999999999998,0.1912441788741042,0.05979625502039659,3.198263483371501
2022-01-02 00:09:15.000000,2022-01-02 00:00:00,2022-01-02 00:18:30,1110.0,C,C23,S6I,1,1,217.97796389940154,221.12076075313146,219.4532069059413,9.503971704933193,14.942741856653866,5.438770151720673,4.320000000000001,9.534967985903423,2.6575631216734323,3.5878613411445066
2022-01-02 00:10:45.000000,2022-01-02 00:00:00,2022-01-02 00:21:30,1290.0,E,E33,S6X,1,-1,133.37021883510684,130.0844771455168,131.79315490374114,9.261017665819102,3.142771109496276,6.118246556322826,4.55,7.096081399592199,1.545316531327643,4.591992161952525
2022-01-02 00:10:45.000000,2022-01-02 00:00:00,2022-01-02 00:21:30,1290.0,E,E33,S7X,1,-1,133.37021883510684,130.0844771455168,131.79315490374114,9.261017665819102,3.142771109496276,6.118246556322826,4.4799999999999995,31.777595268332245,6.730207617418674,4.72163669751994
2022-01-02 00:10:45.000000,2022-01-02 00:00:00,2022-01-02 00:21:30,1290.0,E,E33,S8X,1,-1,133.37021883510684,130.0844771455168,131.79315490374114,9.261017665819102,3.142771109496276,6.118246556322826,4.54,30.6888309205021,6.52681766409315,4.7019592855082575
2022-01-02 00:13:24.444444,2022-01-02 00:00:00,2022-01-02 00:28:00,1680.0,G,G06,S2X,1,-1,136.3308030829256,133.46036867934956,135.12201449614162,12.797355665591498,2.243700819273288,10.55365484631821,4.5200000000000005,16.86568674416246,3.0110718738382802,5.601223567826494
2022-01-02 00:14:28.421052,2022-01-02 00:00:00,2022-01-02 00:29:30,1770.0,C,C19,S6I,1,-1,140.03274017015283,149.6379078930119,144.84926998899724,5.016095786647753,2.00321728425218,3.0128785023955733,4.18,22.064273830437156,8.627574680656064,2.5574132531020095
2022-01-02 00:40:46.363636,2022-01-02 00:13:30,2022-01-02 01:08:30,3300.0,R,R05,S2C,2,-1,141.78823542292724,165.54534369929988,154.1325967599382,9.55699530303425,2.0504275783157833,7.506567724718467,4.4799999999999995,19.14318445308205,5.042781736738383,3.796155664167939
2022-01-02 00:41:00.000000,2022-01-02 00:13:30,2022-01-02 01:08:30,3300.0,R,R05,S2P,2,-1,141.78823542292724,165.54534369929988,154.22739827393733,9.55699530303425,2.0504275783157833,7.506567724718467,4.449999999999999,19.19483753709289,4.820689089351097,3.9817621882096255
2022-01-02 00:43:15.000000,2022-01-02 00:37:00,2022-01-02 00:49:30,750.0,E,E02,S6X,1,1,219.8461997674879,220.13315552726456,219.95403829053868,11.104490181754064,14.893696596238742,3.7892064144846778,4.55,3.6886116158011797,1.2638018033001042,2.9186630420761293
2022-01-02 00:43:15.000000,2022-01-02 00:37:00,2022-01-02 00:49:30,750.0,E,E02,S7X,1,1,219.8461997674879,220.13315552726456,219.95403829053868,11.104490181754064,14.893696596238742,3.7892064144846778,4.57,12.028616879087435,4.107810137935605,2.928230973482251
2022-01-02 00:43:15.000000,2022-01-02 00:37:00,2022-01-02 00:49:30,750.0,E,E02,S8X,1,1,219.8461997674879,220.13315552726456,219.95403829053868,11.104490181754064,14.893696596238742,3.7892064144846778,4.8100000000000005,11.768790890640068,4.1941432009243105,2.806005977107898
2022-01-02 01:13:43.714285,2022-01-02 00:56:00,2022-01-02 01:31:00,2100.0,G,G26,S2X,1,1,220.42177228423986,222.3794608099983,221.07085641412345,2.331113726718347,14.963462281352319,12.632348554633971,4.490000000000001,12.227449155795664,2.1659755615610776,5.645238742667535
2022-01-02 01:50:15.000000,2022-01-02 01:47:30,2022-01-02 01:53:00,330.0,G,G31,S2X,2,-1,267.5168946049543,269.8421935221287,268.6829598227166,14.936524133895546,13.926480325576465,1.0100438083190806,10.000000000000004,1.447803616638804,0.41218654790513587,3.5124960384976314
2022-01-02 02:00:58.000000,2022-01-02 01:42:00,2022-01-02 02:19:30,2250.0,R,R14,S2P,1,1,200.0473390472766,210.82706509088646,204.96342457870426,2.1511239691407806,14.994854830324048,12.843730861183268,4.489999999999999,15.487100969138945,2.3652499644780813,6.547765014999734
2022-01-02 02:01:12.162162,2022-01-02 01:42:00,2022-01-02 02:19:30,2250.0,R,R14,S2C,1,1,200.0473390472766,210.82706509088646,205.02568547280706,2.1511239691407806,14.994854830324048,12.843730861183268,4.499999999999999,14.092191941664026,2.443869346078311,5.766344245971182
2022-01-02 02:21:15.000000,2022-01-02 01:59:00,2022-01-02 02:43:30,2670.0,R,R24,S2C,1,1,267.5973874341377,248.95435217822325,258.33089277983163,2.178795342871958,14.88082913996018,12.702033797088223,4.539999999999999,21.25330828390803,3.5164604397892174,6.043949206259801
2022-01-02 02:21:28.651685,2022-01-02 01:59:00,2022-01-02 02:43:30,2670.0,R,R24,S2P,1,1,267.5973874341377,248.95435217822325,258.2359327352783,2.178795342871958,14.88082913996018,12.702033797088223,4.539999999999999,19.120327408830278,2.9738791356089864,6.429423166491548
2022-01-02 02:24:15.000000,2022-01-02 02:00:00,2022-01-02 02:48:30,2910.0,C,C22,S6I,2,-1,138.3865840883657,148.50991833878297,144.06780152094709,14.92127598529728,2.0312467956488707,12.89002918964841,4.6,15.067796611745635,2.185705598115861,6.893790556575641
2022-01-02 02:25:15.000000,2022-01-02 01:48:00,2022-01-02 03:02:30,4470.0,C,C37,S6I,1,1,210.95322522672993,234.87502087237698,222.09187730547185,2.2194661493290044,10.931816350425201,8.712350201096196,4.5,13.835662646429187,3.0393182604155586,4.552225683840517
2022-01-02 02:33:15.000000,2022-01-02 02:10:30,2022-01-02 02:56:00,2730.0,C,C28,S6I,1,1,258.5867584008395,245.88550534687187,252.1514839356819,2.767884141249121,14.945529801802156,12.177645660553035,4.5600000000000005,19.57024662481596,3.0379362730636355,6.441954295861566
2022-01-02 03:24:30.000000,2022-01-02 03:20:00,2022-01-02 03:29:00,540.0,E,E30,S6X,1,1,219.36725709999195,221.739282250265,220.53699534722784,13.426536942429184,14.99080694412309,1.564270001693906,5.939999999999996,2.8302556741956084,1.3937284436540849,2.0307081247299714
2022-01-02 03:24:30.000000,2022-01-02 03:20:00,2022-01-02 03:29:00,540.0,E,E30,S7X,1,1,219.36725709999195,221.739282250265,220.53699534722784,13.426536942429184,14.99080694412309,1.564270001693906,6.179999999999998,8.674668088962978,4.47512433641678,1.9384194576164027
2022-01-02 03:24:30.000000,2022-01-02 03:20:00,2022-01-02 03:29:00,540.0,E,E30,S8X,1,1,219.36725709999195,221.739282250265,220.53699534722784,13.426536942429184,14.99080694412309,1.564270001693906,6.429999999999997,7.398329458504081,4.0525227217267785,1.825610851936607
2022-01-02 03:42:30.000000,2022-01-02 03:03:00,2022-01-02 04:22:00,4740.0,C,C37,S6I,2,-1,235.0616004429039,263.67071381010135,249.66377817967407,10.931193874711129,2.064124453842414,8.867069420868715,4.4799999999999995,14.601647506622434,3.0649844713785637,4.7640200604523555
2022-01-02 03:44:45.000000,2022-01-02 03:27:30,2022-01-02 04:02:00,2070.0,G,G27,S2X,1,1,229.03604068947385,225.1390575671051,226.85773933090422,2.358081262161495,14.821123130915117,12.463041868753622,4.640000000000001,10.014828385350741,1.9980754382054378,5.012237372952001
2022-01-02 03:49:45.000000,2022-01-02 03:20:30,2022-01-02 04:19:00,3510.0,R,R15,S2C,1,1,195.89013928592973,221.05439733987444,207.81261266670924,2.202379878755981,10.431189223403527,8.228809344647546,4.659999999999999,17.107428249146494,4.2060440950806095,4.067344008389106
2022-01-02 03:49:45.000000,2022-01-02 03:20:30,2022-01-02 04:19:00,3510.0,R,R15,S2P,1,1,195.89013928592973,221.05439733987444,207.81261266670924,2.202379878755981,10.431189223403527,8.228809344647546,4.67,15.508478934008188,3.5667219603480613,4.348104255509387
2022-01-02 03:59:46.764706,2022-01-02 03:43:00,2022-01-02 04:17:30,2070.0,G,G05,S2X,2,-1,135.08137858278826,132.14453082467645,133.90829674923594,14.855937532366914,2.095190663084817,12.760746869282098,4.609999999999999,13.020941459652317,2.177706821662423,5.979198545060514
2022-01-02 04:13:45.000000,2022-01-02 04:10:00,2022-01-02 04:17:30,450.0,R,R14,S2C,2,-1,266.51099443874864,269.85735993257424,268.19588700714917,14.960130564387454,12.86275461559706,2.0973759487903934,6.2900000000000045,8.724463667181073,3.8840813845600692,2.246210314197433
2022-01-02 04:13:45.000000,2022-01-02 04:10:00,2022-01-02 04:17:30,450.0,R,R14,S2P,2,-1,266.51099443874864,269.85735993257424,268.19588700714917,14.960130564387454,12.86275461559706,2.0973759487903934,6.720000000000004,6.9157347371708395,3.0330418389363083,2.280131664651285
2022-01-02 04:22:01.016949,2022-01-02 04:07:30,2022-01-02 04:37:00,1770.0,R,R07,S2C,2,-1,151.10725168141755,153.49182299204188,152.60129216919916,14.980652104012238,2.066273417574012,12.914378686438226,4.699999999999998,20.76951734481524,3.041793578127091,6.828049573831883
2022-01-02 04:22:01.016949,2022-01-02 04:07:30,2022-01-02 04:37:00,1770.0,R,R07,S2P,2,-1,151.10725168141755,153.49182299204188,152.60129216919916,14.980652104012238,2.066273417574012,12.914378686438226,4.699999999999998,17.925631078719036,2.78214238156741,6.443103414649847
2022-01-02 04:33:45.000000,2022-01-02 04:16:00,2022-01-02 04:51:30,2130.0,R,R17,S2C,1,1,234.84528796234974,223.70570785819427,229.14462440925436,2.118220158047592,14.950409273004919,12.832189114957327,4.680000000000001,16.520512494604468,3.0591881251553836,5.400293090430766
2022-01-02 04:33:45.000000,2022-01-02 04:16:00,2022-01-02 04:51:30,2130.0,R,R17,S2P,1,1,234.84528796234974,223.70570785819427,229.14462440925436,2.118220158047592,14.950409273004919,12.832189114957327,4.67,15.544729661307581,3.056592456727349,5.0856402616235945
2022-01-02 04:39:30.000000,2022-01-02 04:20:30,2022-01-02 04:58:30,2280.0,C,C21,S6I,2,-1,139.06465056311055,139.04906154998451,139.4016182155422,14.985101003517963,2.037611006204898,12.947489997313065,4.680000000000001,15.660631230524023,2.4367476139243194,6.426858137065324
2022-01-02 04:49:30.991735,2022-01-02 04:19:30,2022-01-02 05:20:00,3630.0,R,R15,S2C,2,-1,221.29533419944698,249.1724953795077,235.47899749834838,10.430222820860042,2.0718434108879045,8.358379409972137,4.7,18.168920819135383,3.774206003450713,4.813971681069806
2022-01-02 04:49:45.000000,2022-01-02 04:19:30,2022-01-02 05:20:00,3630.0,R,R15,S2P,2,-1,221.29533419944698,249.1724953795077,235.58454520599997,10.430222820860042,2.0718434108879045,8.358379409972137,4.6899999999999995,17.27247104591647,3.438844667334134,5.02275406911777
2022-01-02 05:02:23.538461,2022-01-02 04:44:30,2022-01-02 05:18:30,2040.0,G,G08,S2X,1,1,220.53967370507456,221.14602933293713,220.5368895929334,2.1986296506498997,14.863767447522099,12.665137796872198,4.720000000000001,12.088052979957661,2.243103202488328,5.388986546204426
2022-01-02 05:04:45.000000,2022-01-02 04:45:00,2022-01-02 05:24:30,2370.0,C,C27,S6I,1,1,231.86128112981436,226.67706892855153,229.0087952615593,2.0290165405576337,14.94186727670766,12.912850736150027,4.67,13.01397381195159,2.3140575963607546,5.62387636004318
2022-01-02 05:34:00.000000,2022-01-02 05:16:30,2022-01-02 05:51:30,2100.0,E,E30,S6X,2,-1,258.6686030169473,269.86517205021437,264.38118864762885,14.957046723714388,8.387371096243063,6.569675627471325,4.5900000000000025,4.332731609415067,0.8930355430368446,4.851689995093855
2022-01-02 05:34:00.000000,2022-01-02 05:16:30,2022-01-02 05:51:30,2100.0,E,E30,S7X,2,-1,258.6686030169473,269.86517205021437,264.38118864762885,14.957046723714388,8.387371096243063,6.569675627471325,4.64,15.802519635329071,3.660033082367248,4.317589289413818
2022-01-02 05:34:00.000000,2022-01-02 05:16:30,2022-01-02 05:51:30,2100.0,E,E30,S8X,2,-1,258.6686030169473,269.86517205021437,264.38118864762885,14.957046723714388,8.387371096243063,6.569675627471325,4.69,16.348517520213342,3.7025178974713753,4.415513435162196
2022-01-02 05:37:15.000000,2022-01-02 05:30:00,2022-01-02 05:44:30,870.0,E,E27,S7X,1,1,213.47987512767838,217.88816798496575,215.6739121020677,2.0179896480943817,2.3074904970603423,0.2895008489659605,9.989999999999998,0.1656051738946779,0.04393919286090629,3.768962584700108
2022-01-02 05:37:15.000000,2022-01-02 05:30:00,2022-01-02 05:44:30,870.0,E,E27,S8X,1,1,213.47987512767838,217.88816798496575,215.6739121020677,2.0179896480943817,2.3074904970603423,0.2895008489659605,10.000000000000002,0.21647047658407484,0.06488547505011467,3.3361931374761857
2022-01-02 05:37:45.000000,2022-01-02 05:31:00,2022-01-02 05:44:30,810.0,E,E27,S6X,1,1,213.77950742187468,217.88816798496575,215.8252822632488,2.05670247265059,2.3074904970603423,0.25078802440975245,10.000000000000005,0.027589003704958776,0.007257749254692573,3.8013167356423643
2022-01-02 05:50:30.000000,2022-01-02 05:29:00,2022-01-02 06:12:00,2580.0,E,E04,S6X,2,-1,139.83259651452298,142.15570919617343,141.41407789025442,14.94727939169568,2.522595477735976,12.424683913959704,4.770000000000001,6.004221514590238,0.8609652071583145,6.973825962616607
2022-01-02 05:51:01.011236,2022-01-02 05:29:00,2022-01-02 06:13:30,2670.0,E,E04,S8X,2,-1,139.83259651452298,142.14901179114128,141.43060750404865,14.94727939169568,2.0811610365081634,12.866118355187517,4.7299999999999995,25.591108000534096,3.7344521055415707,6.8527075129868
2022-01-02 05:51:15.000000,2022-01-02 05:29:00,2022-01-02 06:13:30,2670.0,E,E04,S7X,2,-1,139.83259651452298,142.14901179114128,141.43866457633675,14.94727939169568,2.0811610365081634,12.866118355187517,4.670000000000001,28.642677943286067,4.44618908814858,6.442073734478317
2022-01-02 05:51:30.000000,2022-01-02 05:45:00,2022-01-02 05:58:00,780.0,E,E27,S6X,2,-1,218.04217436722172,222.07264118184378,220.05411791890046,2.3070613353833545,2.0550495547599685,0.2520117806233859,10.000000000000005,0.039690416469802134,0.01309716325075388,3.030459016956785
2022-01-02 05:51:30.000000,2022-01-02 05:45:00,2022-01-02 05:58:00,780.0,E,E27,S7X,2,-1,218.04217436722172,222.07264118184378,220.05411791890046,2.3070613353833545,2.0550495547599685,0.2520117806233859,9.99000000000001,0.2216945157022216,0.07358910577200807,3.0125996691557853
2022-01-02 05:51:30.000000,2022-01-02 05:45:00,2022-01-02 05:58:00,780.0,E,E27,S8X,2,-1,218.04217436722172,222.07264118184378,220.05411791890046,2.3070613353833545,2.0550495547599685,0.2520117806233859,10.000000000000009,0.20333015681014066,0.06763665405870029,3.0062125283973264
2022-01-02 06:00:00.000000,2022-01-02 05:45:30,2022-01-02 06:14:30,1740.0,R,R08,S2C,2,-1,147.01752408103593,143.84278741973668,145.64597476959375,14.896084586076597,2.1655563245963076,12.73052826148029,4.789999999999999,19.960007043294087,3.379826577492886,5.905630536256738
2022-01-02 06:00:00.000000,2022-01-02 05:45:30,2022-01-02 06:14:30,1740.0,R,R08,S2P,2,-1,147.01752408103593,143.84278741973668,145.64597476959375,14.896084586076597,2.1655563245963076,12.73052826148029,4.789999999999999,18.728332792560384,3.0553582138309165,6.129668432258271
2022-01-02 06:00:40.869565,2022-01-02 05:43:30,2022-01-02 06:20:30,2220.0,G,G15,S2X,2,-1,137.271771714673,140.1595648896811,139.00326251663924,14.89404447757567,2.002916293024082,12.891128184551588,4.720000000000001,11.469247603792882,1.8377923044245028,6.240774638233361
2022-01-02 06:21:00.000000,2022-01-02 06:06:00,2022-01-02 06:36:00,1800.0,R,R18,S2C,1,1,217.50549563112776,212.93438978340544,215.01217680802253,2.0102404148933264,14.989506224959413,12.979265810066087,4.640000000000001,17.051353459682744,3.3550763910606705,5.082254909341169
2022-01-02 06:21:00.000000,2022-01-02 06:06:00,2022-01-02 06:36:00,1800.0,R,R18,S2P,1,1,217.50549563112776,212.93438978340544,215.01217680802253,2.0102404148933264,14.989506224959413,12.979265810066087,4.66,14.42935085261467,2.759551777370869,5.228874837913738
2022-01-02 06:22:15.000000,2022-01-02 06:13:00,2022-01-02 06:31:30,1110.0,E,E15,S7X,1,1,232.32625369976006,229.14550102804645,230.69099603994877,9.723482289993855,14.942354343590663,5.218872053596808,4.7299999999999995,14.485862503312822,3.709610836871052,3.9049547621904246
2022-01-02 06:22:15.000000,2022-01-02 06:13:00,2022-01-02 06:31:30,1110.0,E,E15,S8X,1,1,232.32625369976006,229.14550102804645,230.69099603994877,9.723482289993855,14.942354343590663,5.218872053596808,4.749999999999998,15.579078083793842,3.93201276892813,3.9621127904019273
2022-01-02 06:22:30.000000,2022-01-02 06:13:30,2022-01-02 06:31:30,1080.0,E,E15,S6X,1,1,232.23319774407065,229.14550102804645,230.6468002298931,9.860770876937188,14.942354343590663,5.081583466653475,4.5600000000000005,4.495116186187906,1.0845641516258089,4.14462913922568
2022-01-02 07:20:15.000000,2022-01-02 07:01:00,2022-01-02 07:39:30,2310.0,C,C30,S6I,1,1,216.6255715702757,219.80267775604847,217.82166570374756,2.2963395487093576,14.845724971620028,12.549385422910671,4.630000000000002,13.59298600003457,2.4128833423243456,5.633503187493665
2022-01-02 07:23:35.000000,2022-01-02 07:04:00,2022-01-02 07:40:00,2160.0,G,G01,S2X,1,1,231.95817176942242,226.44906246480875,228.73042994743705,2.237381602978715,14.915182493414433,12.677800890435718,4.68,10.637366293937324,1.9588172323184962,5.430504754824277
2022-01-02 07:36:20.186916,2022-01-02 07:09:30,2022-01-02 08:05:30,3360.0,G,G24,S2X,3,-1,130.04707865054098,147.27042451415596,138.99128246551354,12.924042163258122,2.0286474068583553,10.895394756399767,4.67,17.300095499072256,2.6736994817246864,6.470471201914107
2022-01-02 07:38:00.000000,2022-01-02 07:25:30,2022-01-02 07:50:30,1500.0,R,R01,S2C,2,-1,136.9894103016944,130.11670741548917,133.63244356171134,14.80305455851594,5.27365914610995,9.52939541240599,4.590000000000001,9.468541703437536,1.9673423984559035,4.812859068593782
2022-01-02 07:38:00.000000,2022-01-02 07:25:30,2022-01-02 07:50:30,1500.0,R,R01,S2P,2,-1,136.9894103016944,130.11670741548917,133.63244356171134,14.80305455851594,5.27365914610995,9.52939541240599,4.590000000000001,9.60744696631733,2.056657571344931,4.671388713501117
2022-01-02 07:59:30.000000,2022-01-02 07:49:00,2022-01-02 08:10:00,1260.0,R,R11,S2C,2,1,130.21293805756116,140.30351686151045,135.25028009454024,8.91368266857778,10.00338166134792,1.0896989927701402,8.769999999999996,1.2643874885067312,0.5596800126399474,2.2591256788727514
2022-01-02 07:59:30.000000,2022-01-02 07:49:00,2022-01-02 08:10:00,1260.0,R,R11,S2P,2,1,130.21293805756116,140.30351686151045,135.25028009454024,8.91368266857778,10.00338166134792,1.0896989927701402,9.549999999999995,1.7603079610940715,0.6938537629862094,2.53700138991544
2022-01-02 08:02:30.000000,2022-01-02 07:58:30,2022-01-02 08:06:30,480.0,R,R19,S2C,1,1,207.674369042523,208.09413983955085,207.86113596840076,11.304892186388182,14.960106269670966,3.655214083282784,4.239999999999998,10.416318445675735,3.6632642535772737,2.8434526489602616
2022-01-02 08:02:30.000000,2022-01-02 07:58:30,2022-01-02 08:06:30,480.0,R,R19,S2P,1,1,207.674369042523,208.09413983955085,207.86113596840076,11.304892186388182,14.960106269670966,3.655214083282784,4.6099999999999985,9.229481015886742,3.592052603319071,2.569416997779672
2022-01-02 08:13:00.000000,2022-01-02 08:10:30,2022-01-02 08:15:30,300.0,E,E09,S6X,2,-1,130.67550470200896,130.03806239979735,130.36032026707443,14.864052307601277,13.410820236412947,1.4532320711883298,7.340000000000008,2.7992713719536524,1.482523338588892,1.8881803065697964
2022-01-02 08:13:00.000000,2022-01-02 08:10:30,2022-01-02 08:15:30,300.0,E,E09,S7X,2,-1,130.67550470200896,130.03806239979735,130.36032026707443,14.864052307601277,13.410820236412947,1.4532320711883298,6.749999999999997,12.788771679258838,6.941385186253398,1.842394757833855
2022-01-02 08:13:00.000000,2022-01-02 08:10:30,2022-01-02 08:15:30,300.0,E,E09,S8X,2,-1,130.67550470200896,130.03806239979735,130.36032026707443,14.864052307601277,13.410820236412947,1.4532320711883298,7.07,13.045123195251588,7.092589680619508,1.8392609445457377
2022-01-02 08:19:54.606741,2022-01-02 07:57:30,2022-01-02 08:42:00,2670.0,G,G03,S2X,1,1,266.28492353117394,252.3776132944211,259.26948319271054,2.0656065753810564,14.960616240183525,12.895009664802469,4.549999999999999,15.05513202202486,2.922878810297153,5.1507889991834075
2022-01-02 08:38:45.000000,2022-01-02 08:10:30,2022-01-02 09:07:00,3390.0,R,R11,S2C,3,-1,140.54364364110808,164.87279135891706,153.3142973582793,10.002534503171768,2.1171069988769586,7.885427504294809,4.629999999999999,23.99551141973898,4.700898238097294,5.1044524268305045
2022-01-02 08:38:45.000000,2022-01-02 08:10:30,2022-01-02 09:07:00,3390.0,R,R11,S2P,3,-1,140.54364364110808,164.87279135891706,153.3142973582793,10.002534503171768,2.1171069988769586,7.885427504294809,4.619999999999999,21.30689866066681,4.30904365967623,4.944693148518192
2022-01-02 09:04:30.000000,2022-01-02 09:02:30,2022-01-02 09:06:30,240.0,E,E13,S6X,1,1,217.70625627259753,217.959902800186,217.82943680582372,13.694448414737998,14.904791571284196,1.2103431565461982,6.660000000000005,0.7775503754360308,0.4070720671312334,1.9101049622875774
2022-01-02 09:04:30.000000,2022-01-02 09:02:30,2022-01-02 09:06:30,240.0,E,E13,S7X,1,1,217.70625627259753,217.959902800186,217.82943680582372,13.694448414737998,14.904791571284196,1.2103431565461982,8.680000000000005,3.8546717289633174,1.9300903882156684,1.9971457049360717
2022-01-02 09:04:30.000000,2022-01-02 09:02:30,2022-01-02 09:06:30,240.0,E,E13,S8X,1,1,217.70625627259753,217.959902800186,217.82943680582372,13.694448414737998,14.904791571284196,1.2103431565461982,7.790000000000005,4.151652746731465,2.1056353115392716,1.971686513794501
2022-01-02 09:24:00.000000,2022-01-02 08:51:30,2022-01-02 09:56:30,3900.0,C,C24,S6I,3,-1,130.02387902587864,148.82162218446385,140.2672645540542,13.48284730281741,2.096999239761028,11.385848063056383,4.63,18.27428563923982,2.636431456907126,6.931447275582849
2022-01-02 09:24:45.378151,2022-01-02 08:52:30,2022-01-02 09:54:30,3720.0,G,G17,S2X,1,1,209.43925993966275,233.22641379899423,221.20805843596645,2.168181818598037,9.557122322155063,7.388940503557026,4.410000000000002,9.893133900587662,2.0830231075229295,4.749411499497136
2022-01-02 09:49:00.000000,2022-01-02 09:24:30,2022-01-02 10:13:30,2940.0,C,C20,S6I,1,1,267.3166769425551,252.6598212007163,259.963866015701,2.3442820777058992,14.96226379504526,12.617981717339362,4.360000000000001,17.879043076673835,2.95973478173829,6.040758512211436
2022-01-02 09:52:04.615384,2022-01-02 09:36:30,2022-01-02 10:05:00,1710.0,R,R20,S2C,2,1,199.8007364208012,206.93772360020833,203.35324192794542,4.070400523509084,14.925887044939707,10.855486521430622,4.3100000000000005,9.930451530123392,2.658865162292165,3.7348458548994294
2022-01-02 09:52:04.615384,2022-01-02 09:36:30,2022-01-02 10:05:00,1710.0,R,R20,S2P,2,1,199.8007364208012,206.93772360020833,203.35324192794542,4.070400523509084,14.925887044939707,10.855486521430622,4.3100000000000005,9.789409791718338,2.0349582766507424,4.810619413696453
2022-01-02 09:58:45.000000,2022-01-02 09:15:30,2022-01-02 10:42:00,5190.0,C,C29,S6I,1,1,209.8702956825289,237.16279760560826,222.1938348976659,2.1702130887954834,14.284842874983008,12.114629786187525,4.260000000000002,10.978485396547672,2.3108847816335785,4.750771429109033
2022-01-02 10:06:00.000000,2022-01-02 10:03:30,2022-01-02 10:08:30,300.0,G,G25,S2X,3,1,130.0069158819064,131.93099101400458,130.9696723115689,5.001878141106134,5.042471587520265,0.040593446414130874,9.999999999999977,0.004631760716533051,0.0015454251594652119,2.997078627952358
2022-01-02 10:16:13.333333,2022-01-02 09:53:30,2022-01-02 10:38:30,2700.0,R,R05,S2P,3,1,268.0168603342746,249.12248231368974,258.53510133712894,2.1312921372341704,14.962174009323542,12.830881872089371,4.22,19.550416895747798,3.2103069551223107,6.089890209580578
2022-01-02 10:16:26.629213,2022-01-02 09:53:30,2022-01-02 10:38:30,2700.0,R,R05,S2C,3,1,268.0168603342746,249.12248231368974,258.4423475984094,2.1312921372341704,14.962174009323542,12.830881872089371,4.22,21.402015413483298,3.251132445515587,6.582941720200887
2022-01-02 10:24:50.924369,2022-01-02 09:55:00,2022-01-02 10:59:30,3870.0,G,G17,S2X,2,-1,233.44031551034772,260.14048148013757,246.06706742781012,9.556801762958758,2.4169258883430267,7.139875874615731,4.52,12.37988542794336,3.4245125973058124,3.615079540861687
2022-01-02 10:26:40.476190,2022-01-02 10:09:00,2022-01-02 10:48:30,2370.0,G,G25,S2X,4,-1,132.1228234573854,146.52997758916527,138.7157784481322,5.04187830210396,2.3037717734131964,2.7381065286907638,4.35,16.193310058984256,7.276252970236439,2.2255012470323803
2022-01-02 10:32:00.000000,2022-01-02 10:13:30,2022-01-02 10:50:30,2220.0,R,R12,S2C,4,-1,149.72320997083327,160.38368443958382,155.57264149159622,14.863987971866731,2.133347055535945,12.730640916330787,4.319999999999999,18.54535536465993,3.3206877404665276,5.584793516916008
2022-01-02 10:32:00.000000,2022-01-02 10:13:30,2022-01-02 10:50:30,2220.0,R,R12,S2P,4,-1,149.72320997083327,160.38368443958382,155.57264149159622,14.863987971866731,2.133347055535945,12.730640916330787,4.359999999999999,18.569165639534543,3.0454833222308824,6.097280357435097
2022-01-02 11:19:45.182926,2022-01-02 10:39:00,2022-01-02 12:01:00,4920.0,E,E24,S6X,3,-1,130.1195379983271,151.1417526295397,141.78258782607242,14.931963459078801,2.092306873193813,12.839656585884988,4.35,4.96048286909675,0.9964942585356169,4.977934219497012
2022-01-02 11:19:45.182926,2022-01-02 10:39:00,2022-01-02 12:01:00,4920.0,E,E24,S7X,3,-1,130.1195379983271,151.1417526295397,141.78258782607242,14.931963459078801,2.092306873193813,12.839656585884988,4.330000000000001,21.52669619722997,3.5749020316161575,6.021618496632784
2022-01-02 11:19:45.182926,2022-01-02 10:39:00,2022-01-02 12:01:00,4920.0,E,E24,S8X,3,-1,130.1195379983271,151.1417526295397,141.78258782607242,14.931963459078801,2.092306873193813,12.839656585884988,4.39,20.465360378933557,3.4948490055261283,5.855863971969405
2022-01-02 11:21:10.500000,2022-01-02 10:59:30,2022-01-02 11:41:00,2490.0,G,G06,S2X,2,1,210.70092282636907,220.77209024762305,215.41085488087649,2.568814687292573,14.923320688389337,12.354506001096764,4.02,11.720726921236235,2.0431951745845116,5.736469558577374
2022-01-02 11:26:45.000000,2022-01-02 10:42:30,2022-01-02 12:11:00,5310.0,C,C29,S6I,2,-1,237.35660351397468,269.96758068140247,254.16307552481965,14.284474429949457,2.911797457334749,11.372676972614707,4.220000000000001,13.606907958101885,2.468439654231724,5.512351875718385
2022-01-02 11:39:15.000000,2022-01-02 11:11:00,2022-01-02 12:07:30,3390.0,E,E26,S6X,1,1,210.34743236222783,225.1425634082083,217.13188600156371,5.644779564092768,14.982772679262025,9.337993115169258,4.0,4.409623855692344,0.8475276884361934,5.202926011572217
2022-01-02 11:39:15.000000,2022-01-02 11:11:00,2022-01-02 12:07:30,3390.0,E,E26,S7X,1,1,210.34743236222783,225.1425634082083,217.13188600156371,5.644779564092768,14.982772679262025,9.337993115169258,3.93,16.303719710105703,3.3501323643865004,4.866589715505571
2022-01-02 11:39:15.000000,2022-01-02 11:11:00,2022-01-02 12:07:30,3390.0,E,E26,S8X,1,1,210.34743236222783,225.1425634082083,217.13188600156371,5.644779564092768,14.982772679262025,9.337993115169258,3.9600000000000017,15.080459535914695,3.1740358261036437,4.751193862366399
2022-01-02 11:44:00.000000,2022-01-02 11:29:00,2022-01-02 11:59:00,1800.0,E,E07,S6X,1,1,263.8484040643982,255.36245256349258,259.5909013919204,8.319000697134637,14.980910499006793,6.661909801872156,4.0600000000000005,4.137401101490158,0.9552638913369158,4.331160362085666
2022-01-02 11:44:00.000000,2022-01-02 11:29:00,2022-01-02 11:59:00,1800.0,E,E07,S7X,1,1,263.8484040643982,255.36245256349258,259.5909013919204,8.319000697134637,14.980910499006793,6.661909801872156,4.0200000000000005,20.42067288327438,5.04324250692132,4.049115793113092
2022-01-02 11:44:00.000000,2022-01-02 11:29:00,2022-01-02 11:59:00,1800.0,E,E07,S8X,1,1,263.8484040643982,255.36245256349258,259.5909013919204,8.319000697134637,14.980910499006793,6.661909801872156,4.080000000000001,18.028822890419942,4.695572913756746,3.8395363508466485
2022-01-02 11:51:00.000000,2022-01-02 11:20:30,2022-01-02 12:21:30,3660.0,R,R21,S2C,2,1,193.41670311085588,219.76849288664235,205.82238452138958,2.087306187611008,11.330204373503586,9.242898185892578,3.98,14.101870415708483,2.8266055385474202,4.988977140034676
2022-01-02 11:51:00.000000,2022-01-02 11:20:30,2022-01-02 12:21:30,3660.0,R,R21,S2P,2,1,193.41670311085588,219.76849288664235,205.82238452138958,2.087306187611008,11.330204373503586,9.242898185892578,3.99,13.220513223503174,2.3443492971585393,5.639310336359455
2022-01-02 11:51:26.033057,2022-01-02 11:20:30,2022-01-02 12:21:30,3660.0,R,R21,S3X,2,1,193.41670311085588,219.76849288664235,206.00335069121977,2.087306187611008,11.330204373503586,9.242898185892578,3.8899999999999997,12.828426702263783,3.104227630936224,4.1325663667244585
2022-01-02 12:00:00.000000,2022-01-02 11:40:30,2022-01-02 12:19:30,2340.0,C,C25,S6I,4,-1,138.86468933487225,141.0747819791928,140.356037321111,14.884495702186632,2.0597930603314563,12.824702641855176,4.169999999999999,17.988195850730783,2.782739101879251,6.464204940586388
2022-01-02 12:04:18.000000,2022-01-02 11:56:30,2022-01-02 12:21:30,1500.0,R,R13,S2C,4,-1,150.98916280814373,153.54866343659046,152.028526331248,14.946904055799838,4.125035916588358,10.82186813921148,4.159999999999999,5.11564833419303,1.718009435489184,2.9776602086800565
2022-01-02 12:04:18.000000,2022-01-02 11:56:30,2022-01-02 12:21:30,1500.0,R,R13,S2P,4,-1,150.98916280814373,153.54866343659046,152.028526331248,14.946904055799838,4.125035916588358,10.82186813921148,4.21,6.47139047733892,1.8725006195930083,3.4560151327188824
2022-01-02 12:22:14.250000,2022-01-02 12:01:30,2022-01-02 12:42:00,2430.0,C,C19,S6I,2,1,237.30491257837332,230.08136559153664,233.37964041937119,2.1326084642943735,14.850627070670551,12.718018606376178,3.8400000000000003,16.928327777503757,2.7146067208184816,6.236014833264575
2022-01-02 12:28:38.507462,2022-01-02 12:12:00,2022-01-02 12:46:00,2040.0,G,G31,S2X,4,-1,133.64914095775993,130.04603955064195,132.11534287570706,14.845514826297771,2.221599562095426,12.623915264202346,4.01,14.193125681572475,2.253695012148434,6.297713579284295
2022-01-02 12:52:51.532258,2022-01-02 12:22:00,2022-01-02 13:25:00,3780.0,R,R21,S3X,3,-1,220.01342546804332,249.26629914169777,234.77551770768952,11.329629985245688,2.047937026961315,9.281692958284374,3.919999999999999,13.59698883295913,2.804901808817632,4.847581041951253
2022-01-02 12:53:03.840000,2022-01-02 12:22:00,2022-01-02 13:25:00,3780.0,R,R21,S2C,3,-1,220.01342546804332,249.26629914169777,234.86996596619923,11.329629985245688,2.047937026961315,9.281692958284374,3.8100000000000005,14.474449822324726,2.870082982558814,5.043216488960216
2022-01-02 12:53:17.142857,2022-01-02 12:22:00,2022-01-02 13:25:00,3780.0,R,R21,S2P,3,-1,220.01342546804332,249.26629914169777,234.97122503520808,11.329629985245688,2.047937026961315,9.281692958284374,3.8300000000000005,14.698733167340789,3.069459496386427,4.78870406488345
2022-01-02 13:10:18.270676,2022-01-02 12:33:30,2022-01-02 13:43:30,4200.0,G,G11,S2X,2,1,210.58024948020687,235.9420490301389,223.0886775178948,2.1035839736300916,10.899340806123615,8.795756832493524,3.7000000000000006,13.057971520357071,3.143016055310517,4.1545990509001705
2022-01-02 13:35:00.000000,2022-01-02 13:35:00,2022-01-02 13:35:00,0.0,R,R22,S2P,2,-1,210.28326617323683,210.28326617323683,210.28326617323683,2.7529177917816603,2.7529177917816603,0.0,,,,
2022-01-02 13:41:30.000000,2022-01-02 13:03:30,2022-01-02 14:19:30,4560.0,E,E26,S6X,2,-1,244.63922412697565,268.9961115181709,257.27983891530727,14.988025421075827,2.064215962367061,12.923809458708766,3.8200000000000007,5.609885406779456,0.8301744193326195,6.7574780385178155
2022-01-02 13:41:30.000000,2022-01-02 13:03:30,2022-01-02 14:19:30,4560.0,E,E26,S7X,2,-1,244.63922412697565,268.9961115181709,257.27983891530727,14.988025421075827,2.064215962367061,12.923809458708766,3.81,24.644298802299343,3.7344607029454018,6.599158690533862
2022-01-02 13:41:30.000000,2022-01-02 13:03:30,2022-01-02 14:19:30,4560.0,E,E26,S8X,2,-1,244.63922412697565,268.9961115181709,257.27983891530727,14.988025421075827,2.064215962367061,12.923809458708766,3.86,23.326562295803633,3.551537118138722,6.568018725376167
2022-01-02 13:41:45.000000,2022-01-02 13:36:30,2022-01-02 13:47:00,630.0,E,E33,S6X,2,1,211.89373730042047,215.1307778667784,213.50753209358552,2.008201821489438,2.1707931876814683,0.1625913661920304,9.98999999999999,0.08251989750227355,0.0274512103137121,3.0060568025685264
2022-01-02 13:41:45.000000,2022-01-02 13:36:30,2022-01-02 13:47:00,630.0,E,E33,S7X,2,1,211.89373730042047,215.1307778667784,213.50753209358552,2.008201821489438,2.1707931876814683,0.1625913661920304,9.990000000000018,0.17789380128392077,0.05927280782311865,3.0012717098671917
2022-01-02 13:41:45.000000,2022-01-02 13:36:30,2022-01-02 13:47:00,630.0,E,E33,S8X,2,1,211.89373730042047,215.1307778667784,213.50753209358552,2.008201821489438,2.1707931876814683,0.1625913661920304,9.990000000000004,0.14370712040835146,0.04796327604009427,2.9961906748867904
2022-01-02 13:52:45.000000,2022-01-02 13:47:30,2022-01-02 13:58:00,630.0,E,E33,S6X,3,-1,215.28626957295822,218.56914227878474,216.92547521569878,2.1706696237668535,2.004234355889562,0.16643526787729135,10.0,0.005774139709509414,0.0014872450514365006,3.8824400215232093
2022-01-02 13:52:45.000000,2022-01-02 13:47:30,2022-01-02 13:58:00,630.0,E,E33,S7X,3,-1,215.28626957295822,218.56914227878474,216.92547521569878,2.1706696237668535,2.004234355889562,0.16643526787729135,10.0,0.03845448231247604,0.012248283501382316,3.1395813387350278
2022-01-02 13:52:45.000000,2022-01-02 13:47:30,2022-01-02 13:58:00,630.0,E,E33,S8X,3,-1,215.28626957295822,218.56914227878474,216.92547521569878,2.1706696237668535,2.004234355889562,0.16643526787729135,9.990000000000009,0.012595189356453769,0.0035975164426950905,3.501079024121998
2022-01-02 13:57:00.000000,2022-01-02 13:39:30,2022-01-02 14:14:30,2100.0,G,G26,S2X,4,-1,138.01105377508483,142.03151641902372,140.37987501347467,14.960854455940112,2.6991545060544353,12.261699949885676,3.84,14.281319803228023,2.536570435890298,5.630168829991703
2022-01-02 14:00:46.034482,2022-01-02 13:46:30,2022-01-02 14:16:00,1770.0,R,R14,S2C,4,-1,146.23349397724857,142.82988337629058,144.8112893870837,14.849993901136122,2.026376903258983,12.823616997877139,3.85,16.821769810792947,3.0994739506474396,5.427298334699377
2022-01-02 14:00:46.034482,2022-01-02 13:46:30,2022-01-02 14:16:00,1770.0,R,R14,S2P,4,-1,146.23349397724857,142.82988337629058,144.8112893870837,14.849993901136122,2.026376903258983,12.823616997877139,3.84,16.606846814287838,2.7263255768416386,6.091292601056966
2022-01-02 14:02:15.000000,2022-01-02 13:52:00,2022-01-02 14:12:30,1230.0,C,C23,S6I,4,-1,132.22397917610803,130.0471333047114,131.21074253940182,14.87064233022104,8.04673272443449,6.82390960578655,3.93,14.64604582055488,3.0484162220092403,4.8044770641266075
2022-01-02 14:14:30.000000,2022-01-02 13:53:00,2022-01-02 14:36:00,2580.0,E,E25,S6X,4,-1,140.60059787484326,141.16603312795812,141.29035544002454,14.906747438669901,2.008587070090716,12.898160368579186,3.9300000000000006,5.846679990411766,0.8780656391854424,6.658591031799823
2022-01-02 14:14:30.000000,2022-01-02 13:53:00,2022-01-02 14:36:00,2580.0,E,E25,S7X,4,-1,140.60059787484326,141.16603312795812,141.29035544002454,14.906747438669901,2.008587070090716,12.898160368579186,3.8699999999999983,27.343932889629954,3.846274010433051,7.109200440597655
2022-01-02 14:14:30.000000,2022-01-02 13:53:00,2022-01-02 14:36:00,2580.0,E,E25,S8X,4,-1,140.60059787484326,141.16603312795812,141.29035544002454,14.906747438669901,2.008587070090716,12.898160368579186,3.9299999999999997,25.02376913031845,3.500133184216559,7.149376270354571
2022-01-02 14:20:32.448979,2022-01-02 13:44:00,2022-01-02 14:58:00,4440.0,G,G11,S2X,3,-1,236.14988055668292,265.8708186119367,251.14955861024526,10.898563077349472,2.100385517934287,8.798177559415185,3.749999999999999,17.216486289653098,4.043953829100004,4.25733997400378
2022-01-02 14:33:30.000000,2022-01-02 14:19:00,2022-01-02 14:48:00,1740.0,R,R07,S2C,3,1,216.48982114601435,213.1687316543012,214.61631410514815,2.187167868190614,14.89994515878176,12.712777290591145,3.7299999999999995,18.452138475824615,3.510628826624381,5.256077867271184
2022-01-02 14:33:30.000000,2022-01-02 14:19:00,2022-01-02 14:48:00,1740.0,R,R07,S2P,3,1,216.48982114601435,213.1687316543012,214.61631410514815,2.187167868190614,14.89994515878176,12.712777290591145,3.6799999999999997,16.02741105100532,3.1357374795476454,5.1112094540890585
2022-01-02 14:42:00.000000,2022-01-02 14:23:00,2022-01-02 15:01:00,2280.0,C,C22,S6I,3,1,219.91246142066674,220.52407534469887,219.86439256523073,2.0576321963457285,14.93098817962257,12.873355983276841,3.7100000000000013,14.78590398099005,2.7953176156948745,5.28952556159329
2022-01-02 15:10:43.666666,2022-01-02 14:47:30,2022-01-02 15:33:00,2730.0,G,G05,S2X,3,1,212.21451670229,223.17620988671837,217.19651277948992,2.1037126712615852,14.898549724594425,12.79483705333284,3.75,9.751634195508075,1.7392477242238307,5.606811531037024
2022-01-02 15:46:00.000000,2022-01-02 15:35:00,2022-01-02 15:57:00,1320.0,R,R15,S2C,4,-1,136.2533309441311,130.03579558741248,133.20263364923179,14.801454449542573,6.459200192426847,8.342254257115727,3.619999999999999,14.89199909557313,3.2182234093730826,4.62739754244536
2022-01-02 15:46:00.000000,2022-01-02 15:35:00,2022-01-02 15:57:00,1320.0,R,R15,S2P,4,-1,136.2533309441311,130.03579558741248,133.20263364923179,14.801454449542573,6.459200192426847,8.342254257115727,3.7199999999999993,12.86144791038498,2.7331016316232435,4.705806678234029
2022-01-02 16:00:30.000000,2022-01-02 15:49:00,2022-01-02 16:12:00,1380.0,R,R17,S2C,3,1,130.130948305107,141.29226676401836,135.69804613672514,9.100412404125427,10.434155999874658,1.3337435957492314,7.01,2.783482145843728,1.3950025680358173,1.9953240299499297
2022-01-02 16:00:30.000000,2022-01-02 15:49:00,2022-01-02 16:12:00,1380.0,R,R17,S2P,3,1,130.130948305107,141.29226676401836,135.69804613672514,9.100412404125427,10.434155999874658,1.3337435957492314,6.640000000000001,2.9989241787883505,1.441702810243961,2.0801264709200926
2022-01-02 16:11:30.000000,2022-01-02 15:57:00,2022-01-02 16:26:00,1740.0,R,R08,S2C,3,1,206.71728312575692,208.92857529216442,207.518348561665,2.175854078346005,14.938213490085756,12.762359411739752,3.77,15.78220351190567,3.103120502367378,5.085913840556753
2022-01-02 16:11:30.000000,2022-01-02 15:57:00,2022-01-02 16:26:00,1740.0,R,R08,S2P,3,1,206.71728312575692,208.92857529216442,207.518348561665,2.175854078346005,14.938213490085756,12.762359411739752,3.77,15.138552424965482,2.4660915533925074,6.138682241598029
2022-01-02 16:24:00.000000,2022-01-02 16:23:30,2022-01-02 16:24:30,60.0,E,E02,S6X,4,-1,130.17596213345718,130.03171216771005,130.10391209404125,14.860597755277235,14.571225402936067,0.289372352341168,,,,
2022-01-02 16:24:00.000000,2022-01-02 16:23:30,2022-01-02 16:24:30,60.0,E,E02,S7X,4,-1,130.17596213345718,130.03171216771005,130.10391209404125,14.860597755277235,14.571225402936067,0.289372352341168,,,,
2022-01-02 16:24:00.000000,2022-01-02 16:23:30,2022-01-02 16:24:30,60.0,E,E02,S8X,4,-1,130.17596213345718,130.03171216771005,130.10391209404125,14.860597755277235,14.571225402936067,0.289372352341168,,,,
2022-01-02 16:32:00.631579,2022-01-02 16:08:30,2022-01-02 16:56:00,2850.0,G,G27,S2X,4,-1,136.9578657369987,149.27033383034882,143.69229041210312,14.92328952464073,2.120125711418074,12.803163813222655,3.8099999999999996,17.78453258011228,2.543223427872843,6.992910015376548
2022-01-02 16:41:15.000000,2022-01-02 16:12:30,2022-01-02 17:10:00,3450.0,R,R17,S2C,4,-1,141.5351281496229,166.441662830848,154.64180462333312,10.433222648813265,2.108590073776906,8.32463257503636,3.7699999999999996,21.174283841870054,4.715272459896322,4.4905748335771944
2022-01-02 16:41:15.000000,2022-01-02 16:12:30,2022-01-02 17:10:00,3450.0,R,R17,S2P,4,-1,141.5351281496229,166.441662830848,154.64180462333312,10.433222648813265,2.108590073776906,8.32463257503636,3.73,19.45289297342399,4.044405350296034,4.8098277221396994
2022-01-02 16:57:15.000000,2022-01-02 16:24:30,2022-01-02 17:30:00,3930.0,C,C28,S6I,4,-1,130.14420399836288,150.61281535954114,141.1056587567912,11.314599703421914,2.0576935990461074,9.256906104375807,3.6899999999999995,18.750562946729854,3.416044117369697,5.488969785661758
2022-01-02 16:58:30.000000,2022-01-02 16:33:00,2022-01-02 17:24:00,3060.0,C,C21,S6I,3,1,211.0362377524162,222.62310201774707,216.15945537808088,2.092672245196586,14.940618801587881,12.847946556391296,3.8200000000000003,16.73076149672519,2.7443247649504814,6.096494740857349
2022-01-02 17:00:16.153846,2022-01-02 16:43:00,2022-01-02 17:16:30,2010.0,E,E36,S6X,3,1,131.78908623754452,142.39665770014037,137.25755599709694,2.021391452283658,3.5790154758197423,1.5576240235360843,5.380000000000003,4.982428288350264,2.329656189296626,2.1386968219780824
2022-01-02 17:00:16.153846,2022-01-02 16:43:00,2022-01-02 17:16:30,2010.0,E,E36,S7X,3,1,131.78908623754452,142.39665770014037,137.25755599709694,2.021391452283658,3.5790154758197423,1.5576240235360843,5.94,23.638978663707558,12.32427686123446,1.9180824100165306
2022-01-02 17:00:16.153846,2022-01-02 16:43:00,2022-01-02 17:16:30,2010.0,E,E36,S8X,3,1,131.78908623754452,142.39665770014037,137.25755599709694,2.021391452283658,3.5790154758197423,1.5576240235360843,5.97,21.058662266220512,10.935059222540211,1.9257931610295012
2022-01-02 17:05:30.000000,2022-01-02 17:00:00,2022-01-02 17:11:00,660.0,C,C45,S6I,1,1,269.8849453072379,266.4558602507017,268.17354804348224,12.08669076092366,14.949981288947562,2.863290528023903,3.4800000000000018,10.946819892452778,4.39370842746118,2.491476180812068
2022-01-02 17:12:39.324324,2022-01-02 16:53:30,2022-01-02 17:31:00,2250.0,G,G15,S2X,3,1,219.57140918051198,222.72116819056546,220.78805701623256,2.149256804816665,14.993284295615258,12.844027490798592,3.7800000000000002,8.475312731180225,1.6436284690298948,5.156465035059011
2022-01-02 17:31:09.411764,2022-01-02 17:17:00,2022-01-02 17:49:00,1920.0,E,E36,S6X,4,-1,142.5537904163074,152.23479873261013,146.90429207138038,3.5784320661919042,2.045351907982344,1.5330801582095601,6.48,2.8751469523648354,1.4059151085597958,2.045035959041727
2022-01-02 17:32:55.423728,2022-01-02 17:17:00,2022-01-02 17:49:00,1920.0,E,E36,S8X,4,-1,142.5537904163074,152.23479873261013,147.4471460315406,3.5784320661919042,2.045351907982344,1.5330801582095601,7.76,12.10321915415309,5.886832404658488,2.0559816081353572
2022-01-02 17:33:04.655172,2022-01-02 17:17:00,2022-01-02 17:49:00,1920.0,E,E36,S7X,4,-1,142.5537904163074,152.23479873261013,147.49384634406977,3.5784320661919042,2.045351907982344,1.5330801582095601,7.860000000000001,13.26050824881488,6.132594075577159,2.1623000129136853
2022-01-02 17:45:30.000000,2022-01-02 17:27:30,2022-01-02 18:03:30,2160.0,R,R01,S2C,3,1,200.30525445765957,209.98963092544804,204.65090256783185,2.0785409985188164,14.894417480370862,12.815876481852046,3.9,8.0437630160712,1.880039214969578,4.278508103460683
2022-01-02 17:45:54.929577,2022-01-02 17:27:30,2022-01-02 18:03:30,2160.0,R,R01,S2P,3,1,200.30525445765957,209.98963092544804,204.75552131210517,2.0785409985188164,14.894417480370862,12.815876481852046,3.8900000000000006,7.520355769597198,1.6701020534454882,4.502931874182418
2022-01-02 17:47:17.647058,2022-01-02 17:30:30,2022-01-02 18:05:30,2100.0,G,G08,S2X,4,-1,139.9056020279585,144.6280066439779,142.5566769155231,14.867167240565452,2.5906294849652407,12.276537755600211,3.8,13.868989451823534,2.204224483724738,6.292004083171904
2022-01-02 18:17:45.000000,2022-01-02 17:55:30,2022-01-02 18:40:00,2670.0,R,R11,S2C,4,1,265.85703576651736,247.42037878802998,256.6795728385752,2.1388022571998357,14.934722688792103,12.795920431592268,3.8900000000000006,19.687790469229142,2.9385007401758747,6.69994402249182
2022-01-02 18:17:45.000000,2022-01-02 17:55:30,2022-01-02 18:40:00,2670.0,R,R11,S2P,4,1,265.85703576651736,247.42037878802998,256.6795728385752,2.1388022571998357,14.934722688792103,12.795920431592268,3.8900000000000006,18.743792223757364,2.824519490711671,6.636099444665063
2022-01-02 18:24:30.400000,2022-01-02 18:06:00,2022-01-02 18:43:30,2250.0,R,R18,S2C,4,-1,151.3414491332558,162.61108252380686,157.44700815273822,14.89222955168162,2.0858986804531408,12.806330871228479,3.94,16.04474210849569,3.120021788297574,5.1425096352453465
2022-01-02 18:24:30.400000,2022-01-02 18:06:00,2022-01-02 18:43:30,2250.0,R,R18,S2P,4,-1,151.3414491332558,162.61108252380686,157.44700815273822,14.89222955168162,2.0858986804531408,12.806330871228479,3.9499999999999997,16.84910352520604,2.650786645631384,6.356265432743945
2022-01-02 18:51:28.800000,2022-01-02 18:32:30,2022-01-02 19:10:00,2250.0,G,G24,S2X,4,1,235.6751378690212,230.30492973664875,232.73067622064102,2.0405597709883714,14.926913588505572,12.8863538175172,4.050000000000001,15.709635276387653,2.660978915481833,5.903705281160806
2022-01-02 19:13:36.891892,2022-01-02 18:53:00,2022-01-02 19:32:00,2340.0,C,C42,S6I,3,1,211.64651809179875,224.86896057737474,218.49754146465622,2.034994604052913,4.423709954270588,2.3887153502176752,4.140000000000001,25.330929959062484,10.889869514474567,2.326100411524049
2022-01-02 19:20:15.000000,2022-01-02 19:00:00,2022-01-02 19:40:30,2430.0,C,C27,S6I,4,-1,140.27469428343244,145.35938716578355,143.26210269122478,14.911402400995968,2.291708300860469,12.619694100135499,4.040000000000001,18.411264472603925,3.0175415669773473,6.101412048168196
2022-01-02 19:20:45.000000,2022-01-02 19:15:30,2022-01-02 19:26:00,630.0,C,C21,S6I,4,-1,266.0775179022564,269.9578235185318,268.03013954590494,14.966220920249526,12.951113815771336,2.01510710447819,5.780000000000003,4.791356665493316,2.143660411939048,2.2351285860428307
2022-01-02 19:40:00.000000,2022-01-02 19:18:30,2022-01-02 20:01:30,2580.0,C,C26,S6I,4,1,244.3327036018032,235.30373111717245,239.62626590235288,2.1298420367627244,14.903235142962082,12.773393106199357,4.1400000000000015,17.3777147624109,2.639254621790908,6.584326733363444
2022-01-02 19:48:45.000000,2022-01-02 19:19:00,2022-01-02 20:18:30,3570.0,R,R02,S2C,3,1,195.129228352675,220.76096634533934,207.24690964827084,2.099465387161957,10.743595596574222,8.644130209412264,4.31,14.294908057407822,3.184837204513168,4.488426610048011
2022-01-02 19:48:45.000000,2022-01-02 19:19:00,2022-01-02 20:18:30,3570.0,R,R02,S2P,3,1,195.129228352675,220.76096634533934,207.24690964827084,2.099465387161957,10.743595596574222,8.644130209412264,4.289999999999999,13.291627239835659,2.6911161865211426,4.93907595161025
2022-01-02 19:51:31.168831,2022-01-02 19:32:30,2022-01-02 20:12:00,2370.0,C,C42,S6I,4,-1,225.04697603156725,239.15737627039402,231.85714384275025,4.4231837566695305,2.020331115963965,2.4028526407055653,3.92,23.47731158804817,9.17886386031836,2.5577579039541263
2022-01-02 19:52:49.411764,2022-01-02 19:40:00,2022-01-02 20:09:00,1740.0,R,R19,S2C,4,-1,153.42744781394072,157.48955017822703,155.56949762240154,14.853792660703732,2.4241413681011372,12.429651292602594,4.239999999999999,10.934572825922592,2.259928132591007,4.838460421918863
2022-01-02 19:53:06.923077,2022-01-02 19:40:00,2022-01-02 20:09:00,1740.0,R,R19,S2P,4,-1,153.42744781394072,157.48955017822703,155.60494862325518,14.853792660703732,2.4241413681011372,12.429651292602594,4.219999999999999,11.939128142249443,2.2402166216721837,5.329452530058284
2022-01-02 19:57:15.000000,2022-01-02 19:46:00,2022-01-02 20:08:30,1350.0,G,G12,S2X,2,1,269.85403143892836,262.4790338818375,266.18028039945256,8.408153208109526,14.881378376786296,6.47322516867677,4.209999999999999,7.706790333017914,1.7903993144143104,4.30450920695254
2022-01-02 20:02:30.000000,2022-01-02 20:02:30,2022-01-02 20:02:30,0.0,R,R01,S2C,4,-1,269.97319746764356,269.97319746764356,269.97319746764356,14.970469054872508,14.970469054872508,0.0,,,,
2022-01-02 20:02:30.000000,2022-01-02 20:02:30,2022-01-02 20:02:30,0.0,R,R01,S2P,4,-1,269.97319746764356,269.97319746764356,269.97319746764356,14.970469054872508,14.970469054872508,0.0,,,,
2022-01-02 20:09:01.682243,2022-01-02 19:42:30,2022-01-02 20:36:30,3240.0,G,G01,S2X,4,-1,134.9201154687373,150.7980349352806,143.49090408596197,14.940713433487238,2.309996419087274,12.630717014399963,4.159999999999999,14.071506143552634,2.2861115440645463,6.155214158332135
2022-01-02 20:12:30.000000,2022-01-02 20:08:00,2022-01-02 20:17:00,540.0,E,E01,S6X,1,1,253.5201469136586,251.00500693816986,252.259780723019,12.875104431292975,14.925378519151563,2.050274087858588,4.3900000000000015,2.4178009928291915,1.236786402858911,1.9549058651035374
2022-01-02 20:12:30.000000,2022-01-02 20:08:00,2022-01-02 20:17:00,540.0,E,E01,S7X,1,1,253.5201469136586,251.00500693816986,252.259780723019,12.875104431292975,14.925378519151563,2.050274087858588,4.650000000000003,12.117138911225718,5.521515786525295,2.194531244626046
2022-01-02 20:12:30.000000,2022-01-02 20:08:00,2022-01-02 20:17:00,540.0,E,E01,S8X,1,1,253.5201469136586,251.00500693816986,252.259780723019,12.875104431292975,14.925378519151563,2.050274087858588,4.759999999999998,9.444905069929545,4.5604869596202935,2.0710299478009975
2022-01-02 20:34:15.000000,2022-01-02 20:17:00,2022-01-02 20:51:30,2070.0,R,R12,S2C,5,1,234.4557797928192,224.19113764203271,229.19145943105815,2.3053027641004955,14.946592125675922,12.641289361575426,4.199999999999999,16.673301112050435,3.353993000459411,4.971179459756362
2022-01-02 20:34:15.000000,2022-01-02 20:17:00,2022-01-02 20:51:30,2070.0,R,R12,S2P,5,1,234.4557797928192,224.19113764203271,229.19145943105815,2.3053027641004955,14.946592125675922,12.641289361575426,4.2299999999999995,14.68628644919363,3.1399014487334647,4.677308090391692
2022-01-02 20:34:45.000000,2022-01-02 20:25:30,2022-01-02 20:44:00,1110.0,E,E04,S6X,3,1,227.80357673124257,233.86690796288576,230.81164826197937,12.406518354569684,12.928808661242062,0.5222903066723781,9.999999999999996,0.17692338646544276,0.05371162642954468,3.2939495268779284
2022-01-02 20:34:45.000000,2022-01-02 20:25:30,2022-01-02 20:44:00,1110.0,E,E04,S7X,3,1,227.80357673124257,233.86690796288576,230.81164826197937,12.406518354569684,12.928808661242062,0.5222903066723781,10.000000000000002,0.8162401428456372,0.254383028951515,3.208705180569303
2022-01-02 20:34:45.000000,2022-01-02 20:25:30,2022-01-02 20:44:00,1110.0,E,E04,S8X,3,1,227.80357673124257,233.86690796288576,230.81164826197937,12.406518354569684,12.928808661242062,0.5222903066723781,9.990000000000014,0.37097558915891654,0.1074314962178424,3.453136205109506
2022-01-02 20:49:17.459016,2022-01-02 20:19:00,2022-01-02 21:20:30,3690.0,R,R02,S2C,4,-1,221.0032101844627,249.38728076334513,235.3686831789182,10.743039050870188,2.083815245392362,8.659223805477826,3.9800000000000004,16.684550103795,4.459367084592853,3.7414614646639537
2022-01-02 20:49:45.000000,2022-01-02 20:19:00,2022-01-02 21:20:30,3690.0,R,R02,S2P,4,-1,221.0032101844627,249.38728076334513,235.57666526683005,10.743039050870188,2.083815245392362,8.659223805477826,4.0200000000000005,16.508329907876416,4.381387170226444,3.7678317999509763
2022-01-02 21:30:02.622950,2022-01-02 20:44:30,2022-01-02 22:17:30,5580.0,E,E04,S6X,4,-1,234.03428744211993,263.98579175056375,249.11386880248654,12.928748116394143,2.0824432926314875,10.846304823762654,4.26,6.071404048273296,1.0947607687480632,5.5458728715830565
2022-01-02 21:31:00.000000,2022-01-02 20:44:30,2022-01-02 22:17:30,5580.0,E,E04,S7X,4,-1,234.03428744211993,263.98579175056375,249.4153522997931,12.928748116394143,2.0824432926314875,10.846304823762654,4.279999999999999,24.211810940354955,4.126896894564614,5.866832043282558
2022-01-02 21:31:00.000000,2022-01-02 20:44:30,2022-01-02 22:17:30,5580.0,E,E04,S8X,4,-1,234.03428744211993,263.98579175056375,249.4153522997931,12.928748116394143,2.0824432926314875,10.846304823762654,4.33,23.099083009292485,3.975676540774024,5.810101192184847
2022-01-02 21:32:20.649350,2022-01-02 21:11:00,2022-01-02 21:51:30,2430.0,G,G25,S2X,5,1,250.76668546728578,240.3702786559631,245.1643322436451,2.3927886483668552,14.876444017896285,12.48365536952943,4.25,16.122195833869235,2.748351918740639,5.866132253273014
2022-01-02 21:34:00.000000,2022-01-02 21:15:00,2022-01-02 21:53:00,2280.0,C,C30,S6I,4,-1,135.4727202555897,132.02468438765558,134.02602006619136,14.995885264878897,2.2413529313668086,12.754532333512088,4.37,18.99814474945734,2.9255687568104563,6.493829517843803
2022-01-02 21:48:30.000000,2022-01-02 21:35:00,2022-01-02 22:04:00,1740.0,G,G32,S2X,3,1,215.92943868616186,226.9887643225683,221.01020156376867,2.0430480566889866,3.3613504702330075,1.318302413544021,6.790000000000001,7.156613639453198,3.653593341065256,1.9587876841724776
2022-01-02 21:50:07.200000,2022-01-02 21:37:30,2022-01-02 22:05:30,1680.0,R,R20,S2C,5,-1,149.46458210786452,146.88584839685385,148.5258495100456,14.86998934566271,2.3473183446610943,12.522671001001616,4.37,14.93259837896011,2.9618953618418926,5.041568507563374
2022-01-02 21:50:07.200000,2022-01-02 21:37:30,2022-01-02 22:05:30,1680.0,R,R20,S2P,5,-1,149.46458210786452,146.88584839685385,148.5258495100456,14.86998934566271,2.3473183446610943,12.522671001001616,4.38,15.719974366945749,2.890949236355117,5.437651470755451
2022-01-02 21:51:45.000000,2022-01-02 21:33:00,2022-01-02 22:10:30,2250.0,C,C24,S6I,4,1,226.1070527983034,224.09901169530178,224.81030918876652,2.2695420577847303,14.853647583016807,12.584105525232076,4.4,15.872821149784937,2.8403531926356154,5.588326547184175
2022-01-02 22:18:28.125000,2022-01-02 22:04:30,2022-01-02 22:29:00,1470.0,G,G32,S2X,4,-1,227.18459468235795,236.80319788022018,232.67162561159532,3.3585158362691607,2.211072514916165,1.1474433213529958,9.999999999999998,5.033986911594183,2.0577937466588088,2.4463029493445343
2022-01-02 22:26:45.000000,2022-01-02 22:06:00,2022-01-02 22:47:30,2490.0,E,E15,S6X,4,-1,141.38866883029016,140.77957112124528,141.4550201396996,14.906710604335826,2.1866394686082957,12.72007113572753,4.3999999999999995,6.5090352614757,1.0249213470194731,6.350765627435049
2022-01-02 22:26:45.000000,2022-01-02 22:06:00,2022-01-02 22:47:30,2490.0,E,E15,S7X,4,-1,141.38866883029016,140.77957112124528,141.4550201396996,14.906710604335826,2.1866394686082957,12.72007113572753,4.420000000000001,27.903738066172437,4.060377180893937,6.872203448850316
2022-01-02 22:26:45.000000,2022-01-02 22:06:00,2022-01-02 22:47:30,2490.0,E,E15,S8X,4,-1,141.38866883029016,140.77957112124528,141.4550201396996,14.906710604335826,2.1866394686082957,12.72007113572753,4.460000000000001,26.205048980810382,3.901006861346013,6.717509071944705
2022-01-02 23:40:03.076923,2022-01-02 23:17:30,2022-01-02 23:59:30,2520.0,G,G31,S2X,5,1,212.09117085810652,223.03200563378036,217.44445405759907,2.3256371421001965,13.411231474089112,11.085594331988915,4.380000000000001,9.696110491272847,1.7522344663725267,5.533569095547882
2022-01-02 23:49:00.000000,2022-01-02 23:38:30,2022-01-02 23:59:30,1260.0,R,R21,S2C,5,-1,137.50724398893885,131.3010175442997,134.45490024110126,14.977339498324229,7.056931799787145,7.920407698537084,4.45,17.068483228796193,3.9182842812023972,4.3561115028535955
2022-01-02 23:49:00.000000,2022-01-02 23:38:30,2022-01-02 23:59:30,1260.0,R,R21,S2P,5,-1,137.50724398893885,131.3010175442997,134.45490024110126,14.977339498324229,7.056931799787145,7.920407698537084,4.44,13.076377546015388,2.981992905731906,4.3851135664609835
2022-01-02 23:49:00.000000,2022-01-02 23:38:30,2022-01-02 23:59:30,1260.0,R,R21,S3X,5,-1,137.50724398893885,131.3010175442997,134.45490024110126,14.977339498324229,7.056931799787145,7.920407698537084,4.480000000000001,13.971020976867196,3.0015089117631764,4.654665832279738
2022-01-02 23:51:15.000000,2022-01-02 23:51:00,2022-01-02 23:51:30,30.0,C,C20,S6I,3,1,130.10341013529003,130.286708943591,130.1950595394405,8.150940152875917,8.151385957306541,0.0004458044306243636,,,,
2022-01-02 23:55:00.000000,2022-01-02 23:50:30,2022-01-02 23:59:30,540.0,G,G06,S2X,5,-1,136.64023789715242,136.07595528123161,136.37687787536905,14.902129935520751,11.395807430186075,3.5063225053346763,3.6300000000000017,6.7741113666650605,2.496889253728151,2.713020353846496
2022-01-02 23:55:45.000000,2022-01-02 23:52:00,2022-01-02 23:59:30,450.0,C,C20,S6I,4,-1,130.46988591951484,133.19980500014668,131.83766001875003,8.151010069152187,8.046339513680893,0.10467055547129434,10.000000000000028,0.004426837156823682,0.0014815517722944112,2.9879733125816066
2022-01-02 23:58:30.000000,2022-01-02 23:57:30,2022-01-02 23:59:30,120.0,R,R14,S2C,5,1,206.82062226154733,206.8773957197463,206.84805522420487,2.1322312729725232,3.000550118578559,0.8683188456060358,9.340000000000002,20.681144964473198,8.361701289111686,2.4733178392061745
2022-01-02 23:58:30.000000,2022-01-02 23:57:30,2022-01-02 23:59:30,120.0,R,R14,S2P,5,1,206.82062226154733,206.8773957197463,206.84805522420487,2.1322312729725232,3.000550118578559,0.8683188456060358,9.31,18.680744322057613,7.5623254302051395,2.470238089390299
2022-01-02 23:58:45.000000,2022-01-02 23:58:00,2022-01-02 23:59:30,90.0,C,C25,S6I,5,1,213.86419749700252,214.03549989204674,213.94948236813477,2.4684019722250587,2.9272094724829794,0.4588075002579206,,,,
2022-01-03 00:01:45.000000,2022-01-03 00:00:00,2022-01-03 00:03:30,210.0,R,R21,S2C,1,-1,131.14580657647969,130.05009490666876,130.599100163198,6.876956049392606,5.627869464258746,1.2490865851338606,6.490000000000002,7.995590932020498,4.154964604399636,1.9243463406533174
2022-01-03 00:01:45.000000,2022-01-03 00:00:00,2022-01-03 00:03:30,210.0,R,R21,S2P,1,-1,131.14580657647969,130.05009490666876,130.599100163198,6.876956049392606,5.627869464258746,1.2490865851338606,6.490000000000002,8.936829528286214,4.303101789670313,2.0768343313977056
2022-01-03 00:01:45.000000,2022-01-03 00:00:00,2022-01-03 00:03:30,210.0,R,R21,S3X,1,-1,131.14580657647969,130.05009490666876,130.599100163198,6.876956049392606,5.627869464258746,1.2490865851338606,7.67,8.168794522491575,4.287748115833599,1.9051479475499566
2022-01-03 00:03:30.000000,2022-01-03 00:00:00,2022-01-03 00:07:00,420.0,G,G31,S2X,1,1,223.19864033499832,225.61830420960953,224.39603740884814,13.517260724249144,14.919851138312922,1.402590414063777,9.030000000000006,3.936352831474919,1.8082383401879296,2.176899330132451
2022-01-03 00:11:35.106383,2022-01-03 00:00:00,2022-01-03 00:24:00,1440.0,G,G06,S2X,1,-1,136.03774006076765,133.44614712420693,134.9054283367028,11.20289469339016,2.200805877793284,9.002088815596876,4.470000000000001,20.21170785913784,3.406428191313872,5.933402004679309
2022-01-03 00:13:30.000000,2022-01-03 00:00:00,2022-01-03 00:27:00,1620.0,R,R14,S2C,1,1,206.89398514174133,209.37264026362038,207.8657453864154,3.217798610056894,14.945755062193381,11.727956452136487,4.4,17.38032881878687,3.27961113976679,5.299509020457458
2022-01-03 00:13:30.000000,2022-01-03 00:00:00,2022-01-03 00:27:00,1620.0,R,R14,S2P,1,1,206.89398514174133,209.37264026362038,207.8657453864154,3.217798610056894,14.945755062193381,11.727956452136487,4.4399999999999995,15.998929487073038,3.0485146171822564,5.248106535851502
2022-01-03 00:21:15.000000,2022-01-03 00:00:00,2022-01-03 00:42:30,2550.0,C,C25,S6I,1,1,214.09406913641726,221.9453877654179,217.53836628173988,3.079733359782454,14.907726742773189,11.827993382990735,4.46,12.156698037036222,2.284847593916442,5.320572833568521
2022-01-03 00:26:45.000000,2022-01-03 00:00:00,2022-01-03 00:53:30,3210.0,C,C20,S6I,1,-1,133.38040851440908,150.6982015946316,142.4331917586523,8.032740127777956,2.008361435374657,6.024378692403299,4.390000000000001,21.897501499474753,5.621317062402931,3.8954396730139753
2022-01-03 01:10:42.461538,2022-01-03 00:52:30,2022-01-03 01:27:00,2070.0,G,G26,S2X,1,1,220.4241313082268,222.39148659151584,221.12313517850745,2.5401296739339316,14.991428686464857,12.451299012530926,4.48,12.771184832675862,2.51539547717423,5.077207520076676
2022-01-03 01:15:15.000000,2022-01-03 01:03:00,2022-01-03 01:27:30,1470.0,E,E08,S6X,1,1,130.11233475829147,137.77769394695798,133.9519945873187,3.3329654002064872,4.138930931103792,0.8059655308973044,10.000000000000004,2.6896236997524827,0.8809973513235216,3.0529305175683707
2022-01-03 01:15:15.000000,2022-01-03 01:03:00,2022-01-03 01:27:30,1470.0,E,E08,S7X,1,1,130.11233475829147,137.77769394695798,133.9519945873187,3.3329654002064872,4.138930931103792,0.8059655308973044,9.999999999999998,1.9613186557374727,0.5299249982277953,3.7011249937191564
2022-01-03 01:15:15.000000,2022-01-03 01:03:00,2022-01-03 01:27:30,1470.0,E,E08,S8X,1,1,130.11233475829147,137.77769394695798,133.9519945873187,3.3329654002064872,4.138930931103792,0.8059655308973044,10.000000000000005,1.5009716370773638,0.39277261830432575,3.8214772800541557
2022-01-03 01:29:43.750000,2022-01-03 01:10:30,2022-01-03 01:47:30,2220.0,C,C11,S6I,1,1,269.9404301809939,258.088701822913,263.79702465017795,5.568825006704416,14.962379288791785,9.393554282087369,4.490000000000001,12.400436367245101,2.534377710022001,4.892891978259016
2022-01-03 01:29:43.750000,2022-01-03 01:10:30,2022-01-03 01:47:30,2220.0,C,C11,S7I,1,1,269.9404301809939,258.088701822913,263.79702465017795,5.568825006704416,14.962379288791785,9.393554282087369,4.569999999999999,17.519867681732855,3.3687970424536373,5.2006302133809745
2022-01-03 01:41:00.000000,2022-01-03 01:38:30,2022-01-03 01:43:30,300.0,E,E24,S6X,1,1,218.16830415229282,218.78286019335448,218.46964353200434,13.562201041172711,14.950638833751228,1.3884377925785163,8.170000000000012,1.6752510407413619,0.7378809079724478,2.2703542301218005
2022-01-03 01:41:00.000000,2022-01-03 01:38:30,2022-01-03 01:43:30,300.0,E,E24,S7X,1,1,218.16830415229282,218.78286019335448,218.46964353200434,13.562201041172711,14.950638833751228,1.3884377925785163,9.989999999999998,4.199940643468936,1.146258436885084,3.6640433852614622
2022-01-03 01:41:00.000000,2022-01-03 01:38:30,2022-01-03 01:43:30,300.0,E,E24,S8X,1,1,218.16830415229282,218.78286019335448,218.46964353200434,13.562201041172711,14.950638833751228,1.3884377925785163,8.769999999999994,4.418044162164574,2.047256436239485,2.158031638811152
2022-01-03 01:46:15.000000,2022-01-03 01:43:30,2022-01-03 01:49:00,330.0,G,G31,S2X,2,-1,267.5660930548218,269.89049926742877,268.73171355792465,14.919929330823319,13.908511641831643,1.011417688991676,10.0,1.9644640861856204,0.5465968087737154,3.593991136890968
2022-01-03 01:47:11.298701,2022-01-03 01:28:00,2022-01-03 02:06:30,2310.0,E,E08,S6X,2,-1,137.93259626684312,149.27267131910213,143.6993632482886,4.138507459479205,2.048440105876607,2.0900673536025978,4.140000000000001,6.18175773392741,2.7949864395226016,2.2117308501086277
2022-01-03 01:47:11.298701,2022-01-03 01:28:00,2022-01-03 02:06:30,2310.0,E,E08,S7X,2,-1,137.93259626684312,149.27267131910213,143.6993632482886,4.138507459479205,2.048440105876607,2.0900673536025978,4.539999999999999,31.102192239143815,13.613082350948293,2.2847281341082333
2022-01-03 01:47:11.298701,2022-01-03 01:28:00,2022-01-03 02:06:30,2310.0,E,E08,S8X,2,-1,137.93259626684312,149.27267131910213,143.6993632482886,4.138507459479205,2.048440105876607,2.0900673536025978,4.61,32.352297575106086,14.40756290078641,2.2455079875681263
2022-01-03 01:54:30.000000,2022-01-03 01:36:00,2022-01-03 02:13:00,2220.0,R,R15,S2C,1,1,199.86056569690717,210.22431071479207,204.52046117497855,2.0026500425316884,14.923372244997003,12.920722202465313,4.48,14.469670454864096,3.048296888516636,4.746804850070013
2022-01-03 01:54:30.000000,2022-01-03 01:36:00,2022-01-03 02:13:00,2220.0,R,R15,S2P,1,1,199.86056569690717,210.22431071479207,204.52046117497855,2.0026500425316884,14.923372244997003,12.920722202465313,4.48,14.627282937848923,2.6734155247860585,5.47138400380894
2022-01-03 02:17:30.000000,2022-01-03 01:55:00,2022-01-03 02:40:00,2700.0,R,R17,S2C,1,1,266.641781362667,247.56885645976527,257.15513732221,2.1255575884304223,14.871571342982936,12.746013754552514,4.540000000000002,21.10139139517551,3.2658768901980917,6.46117171731345
2022-01-03 02:17:30.000000,2022-01-03 01:55:00,2022-01-03 02:40:00,2700.0,R,R17,S2P,1,1,266.641781362667,247.56885645976527,257.15513732221,2.1255575884304223,14.871571342982936,12.746013754552514,4.5500000000000025,19.901798998602068,2.971818271781738,6.696842531582542
2022-01-03 02:34:30.000000,2022-01-03 02:16:30,2022-01-03 02:52:30,2160.0,R,R07,S2C,2,-1,150.18734442822196,160.32487478675856,155.75395480779957,14.850661912010024,2.2397640113350774,12.610897900674946,4.55,18.22303197240066,3.06313921002908,5.949136073455721
2022-01-03 02:34:30.000000,2022-01-03 02:16:30,2022-01-03 02:52:30,2160.0,R,R07,S2P,2,-1,150.18734442822196,160.32487478675856,155.75395480779957,14.850661912010024,2.2397640113350774,12.610897900674946,4.56,17.78088785143072,2.92572006505014,6.077439897219284
2022-01-03 02:38:49.090909,2022-01-03 02:17:00,2022-01-03 03:01:30,2670.0,C,C19,S6I,2,-1,139.57555310773134,147.58309577324738,144.04588061393744,14.901461279502447,2.169217643072406,12.732243636430042,4.65,15.641696806796055,2.419188882909887,6.465678193751313
2022-01-03 02:39:15.000000,2022-01-03 02:08:00,2022-01-03 03:10:30,3750.0,C,C23,S6I,1,1,211.4835785601361,231.8801513272385,221.19081795444345,2.2715414519146844,8.35713845839096,6.085597006476275,4.550000000000002,17.59677235212883,3.936509399451185,4.470146153996765
2022-01-03 02:49:42.065217,2022-01-03 02:26:00,2022-01-03 03:12:30,2790.0,C,C43,S6I,1,1,253.40449984180094,241.45048017413532,247.1719828831835,2.0780059083936813,14.960049465622086,12.882043557228405,4.5600000000000005,17.47056477134062,2.7026457124853365,6.464245272931018
2022-01-03 03:40:45.000000,2022-01-03 03:23:30,2022-01-03 03:58:00,2070.0,G,G27,S2X,1,1,229.020335632275,225.13112784355022,226.8456941433473,2.396422776552858,14.862571122945209,12.466148346392352,4.64,10.705955478491889,2.1137206192765707,5.064981332374969
2022-01-03 03:44:15.000000,2022-01-03 03:11:00,2022-01-03 04:17:30,3990.0,C,C23,S6I,2,-1,232.06204156624602,255.923931592928,244.14358201443497,8.356718524276062,2.0221173427285524,6.334601181547509,4.529999999999999,21.667088198351408,4.724076902014647,4.586523176434994
2022-01-03 03:55:02.307692,2022-01-03 03:39:00,2022-01-03 04:13:00,2040.0,G,G05,S2X,2,-1,135.079865286187,132.19747872906402,133.97429988883553,14.811896242924877,2.232385188743729,12.579511054181149,4.630000000000002,13.450857647697141,2.344517032378887,5.737155013989853
2022-01-03 04:09:15.000000,2022-01-03 04:07:00,2022-01-03 04:11:30,270.0,R,R15,S2C,2,-1,267.7829943142041,269.79418742893256,268.79271280894324,14.909342824661936,13.632001097020327,1.277341727641609,7.259999999999995,8.201905261173387,4.328586974120947,1.8948227932601578
2022-01-03 04:09:15.000000,2022-01-03 04:07:00,2022-01-03 04:11:30,270.0,R,R15,S2P,2,-1,267.7829943142041,269.79418742893256,268.79271280894324,14.909342824661936,13.632001097020327,1.277341727641609,8.589999999999996,3.1742353813512785,1.6859381121496373,1.8827709976281417
2022-01-03 04:11:45.000000,2022-01-03 03:57:00,2022-01-03 04:26:30,1770.0,R,R08,S2C,2,-1,151.26521238913597,154.03110226231226,152.9690808952038,14.913908676305748,2.0522870369872814,12.861621639318468,4.6499999999999995,18.297146402381763,3.147318898044657,5.813566084373998
2022-01-03 04:11:45.000000,2022-01-03 03:57:00,2022-01-03 04:26:30,1770.0,R,R08,S2P,2,-1,151.26521238913597,154.03110226231226,152.9690808952038,14.913908676305748,2.0522870369872814,12.861621639318468,4.669999999999999,15.828530615381393,2.8667052425403527,5.521506145973634
2022-01-03 04:14:30.000000,2022-01-03 03:47:30,2022-01-03 04:41:30,3240.0,E,E07,S6X,2,-1,137.93040681301017,147.77885172840578,143.5070346302993,14.931912747668154,2.5259464252200527,12.405966322448101,4.64,6.202941352643129,0.8457581847667255,7.334178331781685
2022-01-03 04:15:15.000000,2022-01-03 03:47:30,2022-01-03 04:43:00,3330.0,E,E07,S7X,2,-1,137.93040681301017,147.94127539975014,143.624409432427,14.931912747668154,2.1257717496392137,12.80614099802894,4.62,27.213145240945163,4.094873381545491,6.645662198882045
2022-01-03 04:15:15.000000,2022-01-03 03:47:30,2022-01-03 04:43:00,3330.0,E,E07,S8X,2,-1,137.93040681301017,147.94127539975014,143.624409432427,14.931912747668154,2.1257717496392137,12.80614099802894,4.680000000000001,25.19792749539133,3.731461982720787,6.752829752004687
2022-01-03 04:15:30.000000,2022-01-03 03:36:30,2022-01-03 04:54:30,4680.0,E,E25,S7X,1,1,208.37542922759903,230.3903865413553,218.5491950273169,2.645231551582544,11.259940423119712,8.614708871537168,4.679999999999999,20.374954518679647,4.201723235274996,4.849190053172586
2022-01-03 04:15:30.000000,2022-01-03 03:36:30,2022-01-03 04:54:30,4680.0,E,E25,S8X,1,1,208.37542922759903,230.3903865413553,218.5491950273169,2.645231551582544,11.259940423119712,8.614708871537168,4.760000000000001,19.38740386955468,4.020017148717058,4.822716707997612
2022-01-03 04:16:30.000000,2022-01-03 03:38:30,2022-01-03 04:54:30,4560.0,E,E25,S6X,1,1,208.79565894869592,230.3903865413553,218.81134224393531,3.051747061479045,11.259940423119712,8.208193361640667,4.680000000000001,5.154961267908094,1.2532264267379423,4.113351871557708
2022-01-03 04:23:15.000000,2022-01-03 04:05:00,2022-01-03 04:41:30,2190.0,R,R18,S2C,1,1,236.32653422882504,224.45115502318473,230.26299675779458,2.088258274440083,14.989820807690268,12.901562533250186,4.6899999999999995,17.3006670865369,3.05280238184754,5.667142815863052
2022-01-03 04:23:15.000000,2022-01-03 04:05:00,2022-01-03 04:41:30,2190.0,R,R18,S2P,1,1,236.32653422882504,224.45115502318473,230.26299675779458,2.088258274440083,14.989820807690268,12.901562533250186,4.72,15.842910371520246,2.6986507862315268,5.870678211627277
2022-01-03 04:55:45.000000,2022-01-03 04:37:00,2022-01-03 05:14:30,2250.0,C,C22,S6I,2,-1,138.19381212839875,137.0087159097326,137.91663844463383,14.850000778083341,2.0608183780688747,12.789182400014466,4.7700000000000005,17.673203763413273,2.8329941443247164,6.238348144424395
2022-01-03 04:59:04.354838,2022-01-03 04:40:30,2022-01-03 05:14:30,2040.0,G,G08,S2X,1,1,220.53261127206142,221.14680496630828,220.53884737618597,2.21789174359977,14.883132773205135,12.665241029605365,4.629999999999998,11.462476626069543,2.265628671253028,5.059291829905256
2022-01-03 05:21:45.000000,2022-01-03 05:02:30,2022-01-03 05:41:00,2310.0,C,C28,S6I,1,1,228.98596225006457,225.02923446225813,226.73314434755747,2.1398837267912514,14.990896585912129,12.851012859120878,4.73,11.853959280385158,2.099906350207968,5.64499425377288
2022-01-03 05:35:45.731707,2022-01-03 04:55:00,2022-01-03 06:18:30,5010.0,E,E25,S6X,2,-1,230.5570023565917,257.5836212905198,244.05390086786798,11.25960443540368,2.094631267607844,9.164973167795836,4.5600000000000005,6.617425393854464,1.5198838144552733,4.353902141017372
2022-01-03 05:36:16.445783,2022-01-03 04:55:00,2022-01-03 06:18:30,5010.0,E,E25,S7X,2,-1,230.5570023565917,257.5836212905198,244.2160473236985,11.25960443540368,2.094631267607844,9.164973167795836,4.53,24.80982532042283,5.093383344976994,4.8709911742437075
2022-01-03 05:36:16.445783,2022-01-03 04:55:00,2022-01-03 06:18:30,5010.0,E,E25,S8X,2,-1,230.5570023565917,257.5836212905198,244.2160473236985,11.25960443540368,2.094631267607844,9.164973167795836,4.6,23.117946855269757,4.694432357219497,4.924545737615543
2022-01-03 05:46:01.052631,2022-01-03 05:32:00,2022-01-03 06:01:00,1740.0,R,R01,S2C,2,-1,146.93678058140694,144.03135606878993,145.75824713912525,14.817454794938588,2.120245479917353,12.697209315021235,4.800000000000001,9.7352110197877,1.6941938318351488,5.74622031839328
2022-01-03 05:46:16.551724,2022-01-03 05:32:00,2022-01-03 06:01:00,1740.0,R,R01,S2P,2,-1,146.93678058140694,144.03135606878993,145.72849832854536,14.817454794938588,2.120245479917353,12.697209315021235,4.770000000000001,9.578553975483423,1.7007944052354251,5.6318117851272875
2022-01-03 05:56:47.571428,2022-01-03 05:39:30,2022-01-03 06:16:00,2190.0,G,G15,S2X,2,-1,137.28240318817424,140.15079207967358,139.02035760415927,14.878114551385737,2.1617415231214627,12.716373028264275,4.74,12.537577153223316,2.002628626061822,6.260560240706494
2022-01-03 06:05:22.352941,2022-01-03 05:51:30,2022-01-03 06:18:00,1590.0,R,R19,S2C,1,1,219.1269283097824,214.23664368067585,216.41700134935365,3.6045143818568035,14.880146639093725,11.275632257236921,4.769999999999999,10.210328889792802,2.08499776295036,4.89704548907753
2022-01-03 06:05:22.352941,2022-01-03 05:51:30,2022-01-03 06:18:00,1590.0,R,R19,S2P,1,1,219.1269283097824,214.23664368067585,216.41700134935365,3.6045143818568035,14.880146639093725,11.275632257236921,4.719999999999999,10.070091790532604,2.0382675809528474,4.940515114225114
2022-01-03 07:19:07.058823,2022-01-03 07:00:00,2022-01-03 07:36:00,2160.0,G,G01,S2X,1,1,231.94184813721827,226.43976112985587,228.79234712629864,2.2658064819715773,14.94660928365427,12.680802801682693,4.700000000000001,11.367378319812017,2.1923511161858564,5.185017233730525
2022-01-03 07:19:39.230769,2022-01-03 07:11:00,2022-01-03 07:26:00,900.0,C,C45,S6I,2,1,131.9015446376569,137.13561352151177,134.92583963879935,2.019998323300474,2.3505939705570116,0.33059564725653745,9.990000000000006,0.942403310700071,0.3128603245871555,3.012217391079065
2022-01-03 07:22:30.000000,2022-01-03 07:13:30,2022-01-03 07:31:30,1080.0,E,E36,S6X,1,1,224.65039180259433,223.02467328539404,223.7787313928093,9.409281045955346,14.883804767920495,5.474523721965149,4.450000000000001,3.0094100323120196,0.8953908677396509,3.3610014807377433
2022-01-03 07:22:30.000000,2022-01-03 07:13:30,2022-01-03 07:31:30,1080.0,E,E36,S7X,1,1,224.65039180259433,223.02467328539404,223.7787313928093,9.409281045955346,14.883804767920495,5.474523721965149,4.679999999999999,14.825989558190672,4.1734349980052325,3.5524668684853165
2022-01-03 07:22:30.000000,2022-01-03 07:13:30,2022-01-03 07:31:30,1080.0,E,E36,S8X,1,1,224.65039180259433,223.02467328539404,223.7787313928093,9.409281045955346,14.883804767920495,5.474523721965149,4.79,14.088475089181967,4.0940569254280454,3.4412015626062593
2022-01-03 07:31:47.714285,2022-01-03 07:05:30,2022-01-03 08:01:30,3360.0,G,G24,S2X,3,-1,130.08024769630893,147.28953701161666,138.8633699090291,12.913572467274964,2.003890514280452,10.90968195299451,4.809999999999999,18.275127873996787,3.2189297914525294,5.677392505584972
2022-01-03 07:33:45.000000,2022-01-03 07:26:30,2022-01-03 07:41:00,870.0,C,C45,S6I,3,-1,137.30890970808971,142.27057802965993,139.80095974735403,2.3500404130597925,2.0028241396178053,0.34721627344198724,9.989999999999998,0.42092759848372296,0.13447278769672633,3.1302065324400963
2022-01-03 07:37:00.000000,2022-01-03 07:17:00,2022-01-03 07:57:00,2400.0,C,C27,S6I,1,1,215.65423699130548,219.69660024936198,217.24594968637206,2.1610224853738838,14.972845944069734,12.81182345869585,4.710000000000001,11.299516027513304,2.316615190690934,4.877597312198927
2022-01-03 07:46:00.000000,2022-01-03 07:34:30,2022-01-03 07:57:30,1380.0,R,R02,S2C,2,-1,136.70530212864372,130.1240682678639,133.47746523593136,14.874745444120375,6.1812773159769385,8.693468128143437,4.660000000000002,14.751932518491317,3.504157956490804,4.209836628844339
2022-01-03 07:46:00.000000,2022-01-03 07:34:30,2022-01-03 07:57:30,1380.0,R,R02,S2P,2,-1,136.70530212864372,130.1240682678639,133.47746523593136,14.874745444120375,6.1812773159769385,8.693468128143437,4.6400000000000015,15.52893385224142,3.096367148123869,5.01521076454083
2022-01-03 07:59:30.000000,2022-01-03 07:49:30,2022-01-03 08:09:30,1200.0,R,R12,S2C,2,1,130.20279013633444,139.80554202070536,134.9977893394081,9.033489182881162,10.02171609082874,0.9882269079475776,8.949999999999992,7.815915499193528,3.2467303469936453,2.4073189528754004
2022-01-03 07:59:30.000000,2022-01-03 07:49:30,2022-01-03 08:09:30,1200.0,R,R12,S2P,2,1,130.20279013633444,139.80554202070536,134.9977893394081,9.033489182881162,10.02171609082874,0.9882269079475776,8.929999999999993,7.122836995514862,2.969558683082614,2.398618029033475
2022-01-03 08:10:30.000000,2022-01-03 08:04:30,2022-01-03 08:16:30,720.0,R,R20,S2C,1,1,206.70984472111886,207.56768081779205,207.0849059508381,9.351065565068406,14.777396706686527,5.426331141618121,4.68,9.149916479849754,2.9034848216939095,3.151356746033079
2022-01-03 08:10:30.000000,2022-01-03 08:04:30,2022-01-03 08:16:30,720.0,R,R20,S2P,1,1,206.70984472111886,207.56768081779205,207.0849059508381,9.351065565068406,14.777396706686527,5.426331141618121,4.61,8.100383086253135,2.6062409619938256,3.108071434828567
2022-01-03 08:16:36.627907,2022-01-03 07:54:00,2022-01-03 08:38:00,2640.0,G,G03,S2X,1,1,266.10799262351225,252.35789589764508,259.02991502640936,2.2135575441746367,14.969117813374297,12.755560269199659,4.67,14.966639260681996,2.9380779768821155,5.094023840907236
2022-01-03 08:38:30.000000,2022-01-03 08:10:00,2022-01-03 09:07:00,3420.0,R,R12,S2C,3,-1,140.04541940390885,164.5434690824781,152.91089039859799,10.020942530981639,2.0323074079844115,7.988635122997227,4.81,19.76732627072184,4.122690815767859,4.794763215111521
2022-01-03 08:38:30.000000,2022-01-03 08:10:00,2022-01-03 09:07:00,3420.0,R,R12,S2P,3,-1,140.04541940390885,164.5434690824781,152.91089039859799,10.020942530981639,2.0323074079844115,7.988635122997227,4.819999999999999,17.622017170469277,3.7526578695347457,4.695876305039781
2022-01-03 09:20:40.336134,2022-01-03 08:48:00,2022-01-03 09:50:30,3750.0,G,G17,S2X,1,1,209.28549469250504,233.23379770682328,221.18713462437043,2.0581858364656096,9.548699899925682,7.490514063460072,4.52,11.710883619244584,3.1317869555377347,3.739361516445744
2022-01-03 09:29:45.000000,2022-01-03 09:21:30,2022-01-03 09:38:00,990.0,E,E21,S6X,2,1,130.03294517615657,135.34098680902318,132.69209625025863,6.348658948058916,6.737382207770049,0.3887232597111332,9.989999999999995,0.045459336919753346,0.00924556966448286,4.916877874425281
2022-01-03 09:29:45.000000,2022-01-03 09:21:30,2022-01-03 09:38:00,990.0,E,E21,S7X,2,1,130.03294517615657,135.34098680902318,132.69209625025863,6.348658948058916,6.737382207770049,0.3887232597111332,9.99000000000001,0.151082284555427,0.049649621196221363,3.042969531596855
2022-01-03 09:29:45.000000,2022-01-03 09:21:30,2022-01-03 09:38:00,990.0,E,E21,S8X,2,1,130.03294517615657,135.34098680902318,132.69209625025863,6.348658948058916,6.737382207770049,0.3887232597111332,9.999999999999984,0.06563548997067903,0.020285872937522646,3.2355270178821582
2022-01-03 09:56:30.000000,2022-01-03 09:29:30,2022-01-03 10:23:30,3240.0,C,C26,S6I,3,-1,134.98717766103354,147.84119572214522,142.13034220137186,14.922514038734738,2.1581999759059354,12.764314062828802,4.669999999999999,15.525272387762165,2.164994905232961,7.171043382243706
2022-01-03 09:56:45.000000,2022-01-03 09:39:00,2022-01-03 10:14:30,2130.0,R,R21,S2C,2,1,198.2454701878425,208.05476229042574,202.6586371882941,2.171507416531581,14.917977205916864,12.746469789385284,4.590000000000001,12.071604238389929,3.4742179146064047,3.4746249472832864
2022-01-03 09:56:45.000000,2022-01-03 09:39:00,2022-01-03 10:14:30,2130.0,R,R21,S2P,2,1,198.2454701878425,208.05476229042574,202.6586371882941,2.171507416531581,14.917977205916864,12.746469789385284,4.530000000000001,12.234617444500103,3.0665385721795264,3.989715816880924
2022-01-03 09:57:19.565217,2022-01-03 09:39:00,2022-01-03 10:14:30,2130.0,R,R21,S3X,2,1,198.2454701878425,208.05476229042574,202.81026197105473,2.171507416531581,14.917977205916864,12.746469789385284,4.5200000000000005,12.736724822967167,2.514405420385029,5.06550165685564
2022-01-03 10:02:00.000000,2022-01-03 09:59:30,2022-01-03 10:04:30,300.0,G,G25,S2X,3,1,130.01464397329246,131.93864773510205,130.97736811568532,5.007723605294482,5.0474728091313334,0.039749203836851876,9.999999999999924,0.003654376491690214,0.001219674744594419,2.996189359406152
2022-01-03 10:04:15.000000,2022-01-03 09:41:00,2022-01-03 10:27:30,2790.0,C,C32,S6I,1,1,262.468195258947,248.99507950688542,255.67434251785693,2.7294705264825088,14.930120463048016,12.200649936565508,4.460000000000001,18.248972789160522,3.1276870433659014,5.834654342373606
2022-01-03 10:06:02.727272,2022-01-03 09:38:30,2022-01-03 10:35:30,3420.0,E,E21,S6X,3,-1,135.5004998322617,152.04218971524352,143.8346377613488,6.7370859219387516,2.1064241213625983,4.630661800576153,4.77,6.589806993517633,1.9107718713966393,3.4487670099000094
2022-01-03 10:06:02.727272,2022-01-03 09:38:30,2022-01-03 10:35:30,3420.0,E,E21,S7X,3,-1,135.5004998322617,152.04218971524352,143.8346377613488,6.7370859219387516,2.1064241213625983,4.630661800576153,4.489999999999999,28.304489620798503,9.76372975417353,2.8989423441077604
2022-01-03 10:06:02.727272,2022-01-03 09:38:30,2022-01-03 10:35:30,3420.0,E,E21,S8X,3,-1,135.5004998322617,152.04218971524352,143.8346377613488,6.7370859219387516,2.1064241213625983,4.630661800576153,4.5600000000000005,28.470401572035783,10.002736430299185,2.846261297638153
2022-01-03 10:06:30.000000,2022-01-03 09:26:30,2022-01-03 10:46:30,4800.0,C,C30,S6I,1,1,209.61160525470532,235.17252847392743,221.3518212796409,2.12024130837238,12.41722121063748,10.2969799022651,4.3500000000000005,11.131424212519558,2.444489332119755,4.553680830698029
2022-01-03 10:17:43.269230,2022-01-03 10:04:00,2022-01-03 10:38:00,2040.0,R,R13,S2C,4,-1,149.36818534818576,159.59950449780965,153.95450020561043,14.962684454421375,3.6026912302910197,11.359993224130355,4.680000000000001,5.242172164802721,1.3129224586067256,3.9927507755223552
2022-01-03 10:17:43.269230,2022-01-03 10:04:00,2022-01-03 10:38:00,2040.0,R,R13,S2P,4,-1,149.36818534818576,159.59950449780965,153.95450020561043,14.962684454421375,3.6026912302910197,11.359993224130355,4.620000000000001,8.072815811926505,1.8925791526076425,4.265510269836577
2022-01-03 10:21:55.887096,2022-01-03 09:51:00,2022-01-03 10:55:30,3870.0,G,G17,S2X,2,-1,233.44769609418375,260.1446465483647,246.5192044702083,9.548284930162183,2.3995940628667083,7.148690867295475,4.67,14.42191492242338,3.461227813629668,4.166704909059315
2022-01-03 10:22:36.000000,2022-01-03 10:05:00,2022-01-03 10:44:30,2370.0,G,G25,S2X,4,-1,132.130470529029,146.53539553847705,138.69719708693782,5.046794548317593,2.302098246058584,2.744696302259009,4.21,18.21385320390563,8.119216294695322,2.2433018831886056
2022-01-03 11:16:40.975609,2022-01-03 10:55:00,2022-01-03 11:37:00,2520.0,G,G06,S2X,2,1,210.63878037342306,220.80982156487562,215.3317019034206,2.4400460446818104,14.952396883941487,12.512350839259677,4.27,12.103302089623078,2.3580562735626356,5.132745229755258
2022-01-03 11:29:15.000000,2022-01-03 10:47:00,2022-01-03 12:11:30,5070.0,C,C30,S6I,2,-1,235.36292235470293,266.2495369626764,251.20984898224634,12.416761366742687,2.0983822946423825,10.318379072100305,4.500000000000001,13.87341219950138,3.0511826216967863,4.54689670190448
2022-01-03 11:59:30.000000,2022-01-03 11:45:30,2022-01-03 12:13:30,1680.0,R,R22,S2P,2,1,208.00817145019832,221.43893290006216,214.61785334533735,10.488337871093588,12.560233906990003,2.0718960358964154,9.799999999999999,1.0884802868278336,0.5887393695150698,1.848832171227802
2022-01-03 12:04:30.000000,2022-01-03 11:45:00,2022-01-03 12:24:00,2340.0,C,C24,S6I,4,-1,138.72955859247418,140.77240543591333,140.13450264256332,14.850242088751493,2.0082008614711113,12.842041227280381,4.2700000000000005,19.02613787897989,3.1836616571656395,5.9761808658771045
2022-01-03 12:12:02.033898,2022-01-03 11:57:30,2022-01-03 12:27:00,1770.0,R,R14,S2C,4,-1,150.67627637023153,153.25394993319065,152.26519648445688,14.853869277399037,2.0545275357294397,12.799341741669597,4.19,17.784076624662983,2.8891109059548366,6.1555534569502575
2022-01-03 12:12:15.000000,2022-01-03 11:57:30,2022-01-03 12:27:00,1770.0,R,R14,S2P,4,-1,150.67627637023153,153.25394993319065,152.28070073219885,14.853869277399037,2.0545275357294397,12.799341741669597,4.210000000000001,18.459922621180585,3.220890708402901,5.731309843274395
2022-01-03 12:13:45.000000,2022-01-03 12:11:00,2022-01-03 12:16:30,330.0,R,R21,S2C,3,-1,267.3859480112129,269.8246938269265,268.6118821909395,14.93645913338788,13.300441630282101,1.6360175031057782,5.719999999999994,7.53632559772729,3.6064687875571635,2.089668881574325
2022-01-03 12:13:45.000000,2022-01-03 12:11:00,2022-01-03 12:16:30,330.0,R,R21,S2P,3,-1,267.3859480112129,269.8246938269265,268.6118821909395,14.93645913338788,13.300441630282101,1.6360175031057782,5.749999999999995,5.128477830526589,2.5096154733735214,2.0435313237978616
2022-01-03 12:13:45.000000,2022-01-03 12:11:00,2022-01-03 12:16:30,330.0,R,R21,S3X,3,-1,267.3859480112129,269.8246938269265,268.6118821909395,14.93645913338788,13.300441630282101,1.6360175031057782,7.270000000000003,4.936224488872769,2.7018447209734036,1.826983042568922
2022-01-03 12:24:02.686567,2022-01-03 12:07:30,2022-01-03 12:41:30,2040.0,G,G31,S2X,4,-1,133.67263263875242,130.10260847875855,132.1689824055909,14.991451061193095,2.357790251895784,12.63366080929731,4.24,15.454248452540913,2.476422243896462,6.240554691604138
2022-01-03 12:24:45.000000,2022-01-03 11:51:30,2022-01-03 12:58:00,3990.0,E,E15,S6X,1,1,208.12372713749664,227.71503131906536,217.35782215430143,4.0789463913813915,10.598852102337597,6.5199057109562055,3.85,5.165161565559646,1.418922883113726,3.640198933309937
2022-01-03 12:24:45.000000,2022-01-03 11:51:30,2022-01-03 12:58:00,3990.0,E,E15,S7X,1,1,208.12372713749664,227.71503131906536,217.35782215430143,4.0789463913813915,10.598852102337597,6.5199057109562055,3.959999999999999,20.763950488935375,5.986080437469705,3.468705558810069
2022-01-03 12:24:45.000000,2022-01-03 11:51:30,2022-01-03 12:58:00,3990.0,E,E15,S8X,1,1,208.12372713749664,227.71503131906536,217.35782215430143,4.0789463913813915,10.598852102337597,6.5199057109562055,4.02,18.93227702998023,5.375496034061564,3.521959073175163
2022-01-03 12:32:30.000000,2022-01-03 12:07:00,2022-01-03 12:58:00,3060.0,E,E01,S6X,4,-1,140.61836304910693,148.45425933104767,145.14762832453727,14.949431229860892,2.0147105260676166,12.934720703793275,4.260000000000001,6.449659939238735,0.8904619010099798,7.24304985078351
2022-01-03 12:32:30.000000,2022-01-03 12:07:00,2022-01-03 12:58:00,3060.0,E,E01,S7X,4,-1,140.61836304910693,148.45425933104767,145.14762832453727,14.949431229860892,2.0147105260676166,12.934720703793275,4.250000000000001,28.292409543380074,4.657366983491764,6.074764914094965
2022-01-03 12:32:30.000000,2022-01-03 12:07:00,2022-01-03 12:58:00,3060.0,E,E01,S8X,4,-1,140.61836304910693,148.45425933104767,145.14762832453727,14.949431229860892,2.0147105260676166,12.934720703793275,4.290000000000001,25.640658812253683,4.200717335609522,6.1038762582041795
2022-01-03 12:37:00.000000,2022-01-03 12:19:30,2022-01-03 12:54:30,2100.0,R,R07,S2C,3,1,233.77165847945355,223.47170928753943,228.48019730097482,2.0230836990636014,14.98946262557364,12.966378926510039,3.92,17.80577939316456,3.5770732673387764,4.977750820969756
2022-01-03 12:37:00.000000,2022-01-03 12:19:30,2022-01-03 12:54:30,2100.0,R,R07,S2P,3,1,233.77165847945355,223.47170928753943,228.48019730097482,2.0230836990636014,14.98946262557364,12.966378926510039,3.9299999999999997,16.65129408123986,3.1565721387319345,5.275119132214433
2022-01-03 12:40:57.980769,2022-01-03 12:14:00,2022-01-03 13:18:30,3870.0,R,R22,S2P,3,-1,221.68777271761002,251.9774912485571,234.83664801355246,12.558955187557453,2.6177903558318376,9.941164831725615,4.140000000000001,3.2861746139594046,1.0257099626949275,3.2038049092604917
2022-01-03 12:44:15.000000,2022-01-03 12:24:30,2022-01-03 13:04:00,2370.0,C,C20,S6I,2,1,233.27455336289603,227.4982180467976,230.14021323903836,2.1094642989628083,14.906626108368677,12.797161809405868,3.93,16.50094262112428,2.5448404839597725,6.484077381325218
2022-01-03 12:52:15.000000,2022-01-03 12:33:30,2022-01-03 13:11:00,2250.0,E,E03,S7X,1,1,250.77610400475874,241.7511363586833,246.17004685110228,5.857747563349143,14.912085613355803,9.05433805000666,3.8600000000000008,24.207691810031204,4.2067158645108265,5.754534556102274
2022-01-03 12:52:15.000000,2022-01-03 12:33:30,2022-01-03 13:11:00,2250.0,E,E03,S8X,1,1,250.77610400475874,241.7511363586833,246.17004685110228,5.857747563349143,14.912085613355803,9.05433805000666,3.91,22.112878350087588,3.793298132538301,5.82945963577365
2022-01-03 12:54:15.000000,2022-01-03 12:37:30,2022-01-03 13:11:00,2010.0,E,E03,S6X,1,1,249.76251634334895,241.7511363586833,245.6804467365904,6.781316369540974,14.912085613355803,8.130769243814829,3.8700000000000006,5.356544343625324,1.055376213845183,5.075483295297287
2022-01-03 13:06:35.454545,2022-01-03 12:29:30,2022-01-03 13:39:30,4200.0,G,G11,S2X,2,1,210.57943205055065,235.94441506525874,223.18763914207403,2.100482248664411,10.88549502288599,8.78501277422158,3.86,12.494381742984169,2.782225064606467,4.490787572123121
2022-01-03 13:36:50.064935,2022-01-03 12:58:30,2022-01-03 14:17:30,4740.0,E,E15,S7X,2,-1,227.88251982112646,253.63157045576287,240.64938794171087,10.59847458201487,2.066340690558384,8.532133891456485,3.890000000000001,25.991439914284427,5.617289803174876,4.627042724339082
2022-01-03 13:36:50.064935,2022-01-03 12:58:30,2022-01-03 14:17:30,4740.0,E,E15,S8X,2,-1,227.88251982112646,253.63157045576287,240.64938794171087,10.59847458201487,2.066340690558384,8.532133891456485,3.940000000000001,24.770710129936894,5.354535115650943,4.626117785189939
2022-01-03 13:37:16.153846,2022-01-03 12:58:30,2022-01-03 14:17:30,4740.0,E,E15,S6X,2,-1,227.88251982112646,253.63157045576287,240.79001687893924,10.59847458201487,2.066340690558384,8.532133891456485,3.9499999999999997,7.2240441903842605,1.5421520346771234,4.684391699354559
2022-01-03 13:53:45.000000,2022-01-03 13:35:30,2022-01-03 14:12:00,2190.0,G,G26,S2X,4,-1,138.02300853794537,142.11213151826408,140.45525330448362,14.931830633461594,2.1293615691893937,12.8024690642722,3.9400000000000004,15.599517731879498,2.6112273214102757,5.974017506623853
2022-01-03 13:55:17.586207,2022-01-03 13:41:00,2022-01-03 14:10:00,1740.0,R,R15,S2C,4,-1,146.6318999308232,143.39433684779658,145.25147735328503,14.83371306985479,2.166726830277342,12.666986239577447,3.9499999999999993,16.530781496452395,2.686179791180302,6.154011563458604
2022-01-03 13:55:30.000000,2022-01-03 13:41:00,2022-01-03 14:10:00,1740.0,R,R15,S2P,4,-1,146.6318999308232,143.39433684779658,145.22640072360687,14.83371306985479,2.166726830277342,12.666986239577447,3.9399999999999995,17.52705017851506,2.9180354481319717,6.006455538343542
2022-01-03 14:16:47.229729,2022-01-03 13:40:00,2022-01-03 14:54:00,4440.0,G,G11,S2X,3,-1,236.15223138699753,265.8686200901385,251.24687749207362,10.884643719982465,2.080209679542982,8.804434040439483,3.8400000000000007,16.50782928230019,3.6556319725414177,4.515725162241604
2022-01-03 14:22:58.983050,2022-01-03 14:08:00,2022-01-03 14:37:30,1770.0,R,R08,S2C,3,1,217.32862662584876,213.58663623237888,215.21199076519292,2.109272131486485,14.97883161661191,12.869559485125425,3.6999999999999997,17.13152619427056,2.897071149106482,5.913395050568325
2022-01-03 14:22:58.983050,2022-01-03 14:08:00,2022-01-03 14:37:30,1770.0,R,R08,S2P,3,1,217.32862662584876,213.58663623237888,215.21199076519292,2.109272131486485,14.97883161661191,12.869559485125425,3.73,17.30656908008165,2.9620736232147866,5.842720769816164
2022-01-03 14:56:28.441558,2022-01-03 14:37:00,2022-01-03 15:15:30,2310.0,C,C19,S6I,3,1,218.21216179122814,219.96551153367642,218.71573581698257,2.066411479814337,14.989588710428457,12.923177230614119,3.7699999999999996,16.34212733251453,2.9817090095952707,5.480792149711741
2022-01-03 15:04:17.500000,2022-01-03 15:01:30,2022-01-03 15:07:30,360.0,R,R17,S2C,3,1,157.62560244362152,160.33757900052746,158.8877071721333,2.0017361564177674,2.0924149108100436,0.09067875439227624,10.000000000000002,0.03595300526560134,0.011949282382503057,3.008800370995178
2022-01-03 15:04:17.500000,2022-01-03 15:01:30,2022-01-03 15:07:30,360.0,R,R17,S2P,3,1,157.62560244362152,160.33757900052746,158.8877071721333,2.0017361564177674,2.0924149108100436,0.09067875439227624,10.000000000000002,0.03924853311215514,0.01303170110862848,3.0117735808234674
2022-01-03 15:07:57.142857,2022-01-03 14:43:30,2022-01-03 15:29:00,2730.0,G,G05,S2X,3,1,212.23408942033788,223.2122140550497,217.5052701648791,2.1403406320159863,14.926309338008409,12.785968705992422,3.6699999999999995,9.135011940249356,1.7864997231841724,5.113357601851482
2022-01-03 15:10:45.000000,2022-01-03 15:08:00,2022-01-03 15:13:30,330.0,R,R17,S2C,4,-1,160.5633093599201,163.0400231762145,161.80268018309908,2.092291289978443,2.012641751402022,0.0796495385764211,9.999999999999993,0.000360560108669717,0.0001302056755402633,2.7691581582265328
2022-01-03 15:10:45.000000,2022-01-03 15:08:00,2022-01-03 15:13:30,330.0,R,R17,S2P,4,-1,160.5633093599201,163.0400231762145,161.80268018309908,2.092291289978443,2.012641751402022,0.0796495385764211,9.999999999999993,0.037562391464694846,0.012511926176185649,3.002127005527618
2022-01-03 15:12:00.000000,2022-01-03 14:50:30,2022-01-03 15:33:30,2580.0,E,E31,S6X,4,-1,137.69313276159787,134.61181374666893,136.49542657606094,14.951807532866102,2.0741437196158286,12.877663813250273,3.78,6.199575281852846,0.877917849889908,7.061680409653683
2022-01-03 15:12:00.000000,2022-01-03 14:50:30,2022-01-03 15:33:30,2580.0,E,E31,S7X,4,-1,137.69313276159787,134.61181374666893,136.49542657606094,14.951807532866102,2.0741437196158286,12.877663813250273,3.7999999999999994,27.812302063990387,4.291426849660004,6.4808985538676644
2022-01-03 15:12:00.000000,2022-01-03 14:50:30,2022-01-03 15:33:30,2580.0,E,E31,S8X,4,-1,137.69313276159787,134.61181374666893,136.49542657606094,14.951807532866102,2.0741437196158286,12.877663813250273,3.8499999999999996,26.769097819464793,4.162691693490479,6.430718340569322
2022-01-03 15:37:15.000000,2022-01-03 15:31:00,2022-01-03 15:43:30,750.0,C,C11,S6I,3,1,130.0191106911769,134.63192209673522,132.32869262591743,6.220045334293479,6.472249399894478,0.25220406560099917,9.999999999999986,0.16781826340550904,0.05369420853153107,3.1254444007114928
2022-01-03 15:37:15.000000,2022-01-03 15:31:00,2022-01-03 15:43:30,750.0,C,C11,S7I,3,1,130.0191106911769,134.63192209673522,132.32869262591743,6.220045334293479,6.472249399894478,0.25220406560099917,9.989999999999993,0.06852447678401344,0.02299666028842315,2.979757752846819
2022-01-03 15:48:30.000000,2022-01-03 15:39:00,2022-01-03 15:58:00,1140.0,E,E08,S6X,3,1,224.09155683655368,223.26233448348796,223.60549507142997,9.167821908347644,14.90061624223312,5.732794333885476,3.5699999999999994,3.97194671360907,1.283771135481861,3.0939679229648727
2022-01-03 15:48:30.000000,2022-01-03 15:39:00,2022-01-03 15:58:00,1140.0,E,E08,S7X,3,1,224.09155683655368,223.26233448348796,223.60549507142997,9.167821908347644,14.90061624223312,5.732794333885476,3.4999999999999987,13.974603957102765,3.40949770907389,4.0987280677477385
2022-01-03 15:48:30.000000,2022-01-03 15:39:00,2022-01-03 15:58:00,1140.0,E,E08,S8X,3,1,224.09155683655368,223.26233448348796,223.60549507142997,9.167821908347644,14.90061624223312,5.732794333885476,3.590000000000001,14.224739699154284,3.624912964925352,3.9241603417220845
2022-01-03 15:52:30.000000,2022-01-03 15:39:30,2022-01-03 16:05:30,1560.0,R,R18,S2C,3,1,130.09745051020712,142.6285887811166,136.33943387087422,8.276992281370413,9.963995533190094,1.6870032518196805,5.379999999999996,9.950663152595787,4.488392222631874,2.2169771844852235
2022-01-03 15:52:30.000000,2022-01-03 15:39:30,2022-01-03 16:05:30,1560.0,R,R18,S2P,3,1,130.09745051020712,142.6285887811166,136.33943387087422,8.276992281370413,9.963995533190094,1.6870032518196805,5.3699999999999966,8.187129640170935,3.608443253006015,2.2688813613323817
2022-01-03 15:58:13.965517,2022-01-03 15:43:00,2022-01-03 16:12:30,1770.0,R,R01,S2C,3,1,207.3706287840102,209.39431104398778,208.09669580953204,2.084457625512628,14.997539449946498,12.91308182443387,3.67,8.902633637345513,1.8908657056466553,4.708231584485219
2022-01-03 15:58:13.965517,2022-01-03 15:43:00,2022-01-03 16:12:30,1770.0,R,R01,S2P,3,1,207.3706287840102,209.39431104398778,208.09669580953204,2.084457625512628,14.997539449946498,12.91308182443387,3.67,8.943943578415354,1.7998077897087206,4.969388192204033
2022-01-03 16:09:02.970297,2022-01-03 15:44:00,2022-01-03 16:35:00,3060.0,C,C11,S6I,4,-1,134.81535133521868,152.10093148165598,143.60416739244025,6.471560960338561,2.0768971333749064,4.394663826963654,3.920000000000001,19.833523180593847,5.824718171565446,3.4050614289658254
2022-01-03 16:09:02.970297,2022-01-03 15:44:00,2022-01-03 16:35:00,3060.0,C,C11,S7I,4,-1,134.81535133521868,152.10093148165598,143.60416739244025,6.471560960338561,2.0768971333749064,4.394663826963654,4.080000000000001,23.087602599614534,7.970065042120066,2.896789734789059
2022-01-03 16:26:52.000000,2022-01-03 16:04:30,2022-01-03 16:52:00,2850.0,G,G27,S2X,4,-1,136.99505918768045,149.2913143707128,143.44687446887465,14.901142866160162,2.0871476005031235,12.813995265657038,3.7800000000000002,16.880093277965646,2.7282490790882914,6.187152561454003
2022-01-03 16:34:00.000000,2022-01-03 16:06:00,2022-01-03 17:02:00,3360.0,R,R18,S2C,4,-1,142.87040683639796,167.19877095371405,155.63236152066625,9.962935493932067,2.0271887600068075,7.935746733925259,3.58,20.245785591169565,4.190752006702509,4.831062672949706
2022-01-03 16:34:00.000000,2022-01-03 16:06:00,2022-01-03 17:02:00,3360.0,R,R18,S2P,4,-1,142.87040683639796,167.19877095371405,155.63236152066625,9.962935493932067,2.0271887600068075,7.935746733925259,3.6,19.566558119967855,4.120879189179779,4.7481513584149475
2022-01-03 17:08:00.000000,2022-01-03 16:34:30,2022-01-03 17:41:30,4020.0,C,C43,S6I,4,-1,130.00386516552572,149.78767903314335,140.78555797127012,13.55347299820524,2.0974797582853424,11.455993239919898,3.7500000000000004,15.642486856374754,2.711506566345012,5.768928259487904
2022-01-03 17:09:10.285714,2022-01-03 16:49:30,2022-01-03 17:26:30,2220.0,G,G15,S2X,3,1,219.56588708865308,222.64930398395433,220.8101372774071,2.1673237097689277,14.844365314701374,12.677041604932446,3.7399999999999993,9.014847641796118,1.4304167337716076,6.3022526435540875
2022-01-03 17:16:30.000000,2022-01-03 17:02:30,2022-01-03 17:30:30,1680.0,C,C36,S6I,1,1,269.8534002225869,261.37442546986233,265.6240174941388,7.693511284582892,14.968520859485075,7.275009574902183,3.8700000000000006,14.122896874066008,2.9508373534603565,4.786064151419433
2022-01-03 17:17:57.948718,2022-01-03 16:48:00,2022-01-03 17:47:00,3540.0,C,C22,S6I,3,1,210.22653945196242,225.5756042798453,217.17949525923146,2.006881470340613,14.991226814393253,12.98434534405264,3.8200000000000003,13.832665449932547,2.5298965930019324,5.467680176413432
2022-01-03 17:43:04.477612,2022-01-03 17:26:30,2022-01-03 18:01:30,2100.0,G,G08,S2X,4,-1,139.91685141510132,144.63021899393163,142.5366115441264,14.852141616660141,2.5730042217309825,12.279137394929158,3.8900000000000006,14.54397216645717,2.342965054604035,6.20750708077254
2022-01-03 17:54:00.000000,2022-01-03 17:36:00,2022-01-03 18:12:00,2160.0,R,R02,S2P,3,1,199.50410727779928,209.56533531514603,204.03613715661749,2.1806987503857265,14.901391319448976,12.72069256906325,3.8699999999999997,15.448517635853483,2.8352770543482055,5.448680090067918
2022-01-03 17:54:12.500000,2022-01-03 17:36:00,2022-01-03 18:12:00,2160.0,R,R02,S2C,3,1,199.50410727779928,209.56533531514603,204.09059492069858,2.1806987503857265,14.901391319448976,12.72069256906325,3.84,16.109890672265397,3.4016001413941157,4.735974248185121
2022-01-03 18:06:21.750000,2022-01-03 17:46:30,2022-01-03 18:28:00,2490.0,R,R19,S2C,4,-1,150.1225157000896,163.95208167875563,157.39219562831371,14.98064267013981,2.01424662879807,12.96639604134174,3.830000000000001,15.443261912717414,2.4393097762189444,6.330996605382062
2022-01-03 18:06:21.750000,2022-01-03 17:46:30,2022-01-03 18:28:00,2490.0,R,R19,S2P,4,-1,150.1225157000896,163.95208167875563,157.39219562831371,14.98064267013981,2.01424662879807,12.96639604134174,3.8500000000000005,14.26978437102243,2.128176146187682,6.705170714644403
2022-01-03 18:18:57.303370,2022-01-03 17:56:30,2022-01-03 18:41:00,2670.0,R,R12,S2C,4,1,265.2873100874616,246.99925077431038,256.09521399417673,2.105751805432334,14.952605600008445,12.846853794576111,3.9199999999999995,20.836033650079028,2.9997584053960313,6.945903914328138
2022-01-03 18:18:57.303370,2022-01-03 17:56:30,2022-01-03 18:41:00,2670.0,R,R12,S2P,4,1,265.2873100874616,246.99925077431038,256.09521399417673,2.105751805432334,14.952605600008445,12.846853794576111,3.9199999999999995,18.20828463858735,2.6789529630560387,6.7967914665497124
2022-01-03 18:30:00.000000,2022-01-03 18:25:00,2022-01-03 18:35:00,600.0,E,E07,S6X,3,1,218.6430530673394,220.6521912335518,219.62429799895827,12.68620225061263,14.9675527644495,2.2813505138368697,4.5299999999999985,3.5587355032206327,1.6123429093596882,2.2071827789002514
2022-01-03 18:30:00.000000,2022-01-03 18:25:00,2022-01-03 18:35:00,600.0,E,E07,S7X,3,1,218.6430530673394,220.6521912335518,219.62429799895827,12.68620225061263,14.9675527644495,2.2813505138368697,4.240000000000002,12.236511602647578,5.335255817648023,2.293519190246042
2022-01-03 18:30:00.000000,2022-01-03 18:25:00,2022-01-03 18:35:00,600.0,E,E07,S8X,3,1,218.6430530673394,220.6521912335518,219.62429799895827,12.68620225061263,14.9675527644495,2.2813505138368697,4.270000000000003,10.67319547155973,4.648189371486062,2.2962049560703304
2022-01-03 18:48:02.083333,2022-01-03 18:28:30,2022-01-03 19:06:00,2250.0,G,G24,S2X,4,1,235.6588120883737,230.29589634370294,232.635762888562,2.0703598347610352,14.959709055298019,12.889349220536984,3.97,14.178831559518635,2.421991727147407,5.854203133971185
2022-01-03 19:24:45.000000,2022-01-03 19:07:00,2022-01-03 19:42:30,2130.0,C,C22,S6I,4,-1,256.80701755320337,269.87615060069277,263.46863381235835,14.976899572956258,8.7199721947443,6.256927378211959,3.9300000000000006,10.303217099617832,2.3949007729568343,4.302147803350155
2022-01-03 19:31:37.200000,2022-01-03 19:21:00,2022-01-03 19:39:00,1080.0,C,C21,S6I,3,1,215.4634477811643,221.66881146313884,219.10911995430664,2.0201646977784753,2.5203667600651274,0.5002020622866521,9.999999999999998,2.3265618137950366,0.7314077041930176,3.1809369800964795
2022-01-03 19:36:15.000000,2022-01-03 19:16:30,2022-01-03 19:56:00,2370.0,C,C28,S6I,4,-1,140.33204007050045,144.03664679752586,142.6013365693472,14.873493474920727,2.1076412945909375,12.765852180329789,4.050000000000001,15.02029428971977,2.940059701227712,5.108839893097268
2022-01-03 19:44:00.000000,2022-01-03 19:14:30,2022-01-03 20:13:30,3540.0,R,R03,S2C,3,1,195.3683006399508,220.7842526438727,207.4008569834613,2.0884310862676783,10.520716810904558,8.43228572463688,3.9900000000000007,14.275888464479475,3.3806233586394336,4.222856837333382
2022-01-03 19:44:00.000000,2022-01-03 19:14:30,2022-01-03 20:13:30,3540.0,R,R03,S2P,3,1,195.3683006399508,220.7842526438727,207.4008569834613,2.0884310862676783,10.520716810904558,8.43228572463688,4.0200000000000005,13.717236687533594,2.908583459523487,4.7161227719354795
2022-01-03 19:44:26.842105,2022-01-03 19:39:30,2022-01-03 19:57:00,1050.0,C,C21,S6I,4,-1,221.8440027453258,228.0159518218907,223.5839841001439,2.519838131434658,2.02130254618615,0.49853558524850783,10.000000000000007,0.3293157258660259,0.14099700701246817,2.3356221018003946
2022-01-03 19:50:58.941176,2022-01-03 19:29:30,2022-01-03 20:12:00,2550.0,C,C45,S6I,4,1,242.5573212601112,233.96004900401948,238.0081639643431,2.0683882583558066,14.871284742814476,12.80289648445867,4.11,18.216754955533993,3.589973073811078,5.074343060794959
2022-01-03 19:53:00.000000,2022-01-03 19:41:30,2022-01-03 20:04:30,1380.0,G,G12,S2X,2,1,269.9839499358448,262.44618356869836,266.2295009783645,8.308005026941078,14.925025307869484,6.617020280928406,4.190000000000001,9.17314796186839,2.3456585874574514,3.91069186748593
2022-01-03 20:02:43.695652,2022-01-03 19:50:30,2022-01-03 20:19:00,1710.0,R,R20,S2C,4,-1,153.27585531285413,156.47226750229237,154.95870555459445,14.847834743460632,2.3870056339386974,12.460829109521935,4.15,12.961281028171472,3.5965442936384924,3.6038152098104757
2022-01-03 20:02:43.695652,2022-01-03 19:50:30,2022-01-03 20:19:00,1710.0,R,R20,S2P,4,-1,153.27585531285413,156.47226750229237,154.95870555459445,14.847834743460632,2.3870056339386974,12.460829109521935,4.15,14.169227193868611,3.546026381782846,3.995804223753323
2022-01-03 20:04:54.622641,2022-01-03 19:38:30,2022-01-03 20:32:30,3240.0,G,G01,S2X,4,-1,134.95220560312623,150.81496674371496,143.4781488695635,14.927652238257053,2.2837803553053573,12.643871882951697,4.07,16.78711831108996,2.5534105612566282,6.574390568365313
2022-01-03 20:09:45.000000,2022-01-03 20:07:30,2022-01-03 20:12:00,270.0,R,R02,S2C,4,-1,267.9857232153703,269.9838478976094,268.98896720749553,14.862851936672051,13.564541835666729,1.2983101010053222,6.989999999999997,4.018437326243105,2.2335169146881038,1.7991524039137414
2022-01-03 20:09:45.000000,2022-01-03 20:07:30,2022-01-03 20:12:00,270.0,R,R02,S2P,4,-1,267.9857232153703,269.9838478976094,268.98896720749553,14.862851936672051,13.564541835666729,1.2983101010053222,9.999999999999995,4.191445652611274,2.1269383970890083,1.9706474143058457
2022-01-03 20:44:02.975206,2022-01-03 20:14:00,2022-01-03 21:15:00,3660.0,R,R03,S2C,4,-1,221.02580765671217,249.13319439628313,235.24375214840475,10.519858309832818,2.0043420330002086,8.51551627683261,4.08,20.175479140005763,4.825486134892267,4.181025201610324
2022-01-03 20:44:30.000000,2022-01-03 20:14:00,2022-01-03 21:15:00,3660.0,R,R03,S2P,4,-1,221.02580765671217,249.13319439628313,235.44792094837572,10.519858309832818,2.0043420330002086,8.51551627683261,4.0600000000000005,20.4106264994618,4.6740948648574765,4.366754866898527
2022-01-03 20:56:30.000000,2022-01-03 20:36:00,2022-01-03 21:17:00,2460.0,E,E11,S6X,4,-1,142.7839228583108,147.4859218458618,145.54599843921642,14.897046714975316,3.468941280773013,11.428105434202303,4.17,3.243840053640425,0.6549700694805249,4.952653876555313
2022-01-03 20:57:33.448275,2022-01-03 20:36:00,2022-01-03 21:20:30,2670.0,E,E11,S7X,4,-1,142.7839228583108,147.6650134936129,145.64117912754838,14.897046714975316,2.4378877111197528,12.459159003855563,4.19,15.522652782951123,2.900881926653785,5.351011580418497
2022-01-03 20:57:33.448275,2022-01-03 20:36:00,2022-01-03 21:20:30,2670.0,E,E11,S8X,4,-1,142.7839228583108,147.6650134936129,145.64117912754838,14.897046714975316,2.4378877111197528,12.459159003855563,4.250000000000001,13.863192733657698,2.490469774536611,5.566497082357545
2022-01-03 21:07:48.947368,2022-01-03 21:03:00,2022-01-03 21:12:30,570.0,R,R04,S2C,3,1,198.04860302460685,202.30453478550828,200.20232494989892,2.003929957078138,2.2065030278981355,0.20257307081999754,9.999999999999988,0.22814253609714386,0.07636100039255878,2.9876839607168884
2022-01-03 21:07:48.947368,2022-01-03 21:03:00,2022-01-03 21:12:30,570.0,R,R04,S2P,3,1,198.04860302460685,202.30453478550828,200.20232494989892,2.003929957078138,2.2065030278981355,0.20257307081999754,9.999999999999988,0.31833106477452533,0.10570856760644029,3.011402689323084
2022-01-03 21:16:38.000000,2022-01-03 21:13:00,2022-01-03 21:21:00,480.0,R,R04,S2C,4,-1,202.52963927980622,206.135425213098,204.16701217635395,2.20543951281833,2.030078854551388,0.17536065826694225,9.999999999999995,0.14563586012492047,0.04793231445070771,3.0383648649949593
2022-01-03 21:16:38.000000,2022-01-03 21:13:00,2022-01-03 21:21:00,480.0,R,R04,S2P,4,-1,202.52963927980622,206.135425213098,204.16701217635395,2.20543951281833,2.030078854551388,0.17536065826694225,9.999999999999995,0.1724879467806165,0.0566217211374348,3.0463211523002975
2022-01-03 21:28:23.376623,2022-01-03 21:07:00,2022-01-03 21:47:30,2430.0,G,G25,S2X,5,1,250.75160400656742,240.35907768345862,245.13895578036465,2.3959922711860946,14.881230220901555,12.485237949715462,4.24,16.42413577473971,2.899855792602138,5.663776735601663
2022-01-03 21:30:45.000000,2022-01-03 21:26:00,2022-01-03 21:35:30,570.0,E,E27,S7X,1,1,238.99573256651297,236.96918545236298,237.97404409140117,12.386764340632382,14.870416887402447,2.483652546770065,3.9600000000000013,13.530130298457228,5.386421444056303,2.511895966363192
2022-01-03 21:30:45.000000,2022-01-03 21:26:00,2022-01-03 21:35:30,570.0,E,E27,S8X,1,1,238.99573256651297,236.96918545236298,237.97404409140117,12.386764340632382,14.870416887402447,2.483652546770065,4.080000000000003,12.15039599720731,5.021147114514967,2.4198446530441906
2022-01-03 21:31:00.000000,2022-01-03 21:26:30,2022-01-03 21:35:30,540.0,E,E27,S6X,1,1,238.88645279302415,236.96918545236298,237.92027106752272,12.515689321609043,14.870416887402447,2.3547275657934037,3.9300000000000033,4.893304182734098,1.9416872311130893,2.5201299696084254
2022-01-03 21:46:08.048780,2022-01-03 21:34:00,2022-01-03 22:00:00,1560.0,G,G32,S2X,3,1,217.03499002753574,226.99080868548745,221.6339558218671,2.3123389421251033,3.355229096805667,1.0428901546805638,10.000000000000002,3.008707572005112,1.3681674463667142,2.1990784680595876
2022-01-03 21:51:30.000000,2022-01-03 21:32:30,2022-01-03 22:10:30,2280.0,C,C27,S6I,4,-1,134.6158447428478,130.47293574509268,132.806001168283,14.911262235914776,2.282181771433821,12.629080464480955,4.28,16.832607275666977,2.8967764163593723,5.810806516031348
2022-01-03 21:59:33.157894,2022-01-03 21:45:30,2022-01-03 22:14:30,1740.0,R,R21,S3X,5,-1,147.93950302538235,144.27246006272787,146.3767416105939,14.894687898741097,2.176281670890662,12.718406227850435,4.36,13.856251621851769,2.524272447411092,5.489206062547971
2022-01-03 22:00:00.000000,2022-01-03 21:45:30,2022-01-03 22:14:30,1740.0,R,R21,S2C,5,-1,147.93950302538235,144.27246006272787,146.31526518863302,14.894687898741097,2.176281670890662,12.718406227850435,4.310000000000002,19.96044277364373,3.325616164522213,6.002028432078968
2022-01-03 22:00:00.000000,2022-01-03 21:45:30,2022-01-03 22:14:30,1740.0,R,R21,S2P,5,-1,147.93950302538235,144.27246006272787,146.31526518863302,14.894687898741097,2.176281670890662,12.718406227850435,4.320000000000002,19.23972771785393,3.0740894508314573,6.258675300632553
2022-01-03 22:13:39.767441,2022-01-03 22:00:30,2022-01-03 22:27:00,1590.0,G,G32,S2X,4,-1,227.18664560702655,237.58510871657762,232.35686220138768,3.3523176226104203,2.0248400415968115,1.3274775810136088,9.999999999999998,3.743243198080268,1.7925440240780064,2.088229436934249
2022-01-03 22:19:59.200000,2022-01-03 22:00:30,2022-01-03 22:38:30,2280.0,C,C26,S6I,4,1,222.15342437605506,222.1975855418136,221.82963355716183,2.1347479873612825,14.895286238300894,12.76053825093961,4.390000000000001,13.373812335945596,2.131268043349549,6.27504943720125
2022-01-03 22:23:15.000000,2022-01-03 22:08:30,2022-01-03 22:38:00,1770.0,R,R14,S2C,5,1,217.2487207644728,213.8171144078674,215.3158454555776,2.1227006337575127,14.951153105185574,12.828452471428061,4.29,15.163715295967544,3.2178923261230232,4.712312830627577
2022-01-03 22:23:15.000000,2022-01-03 22:08:30,2022-01-03 22:38:00,1770.0,R,R14,S2P,5,1,217.2487207644728,213.8171144078674,215.3158454555776,2.1227006337575127,14.951153105185574,12.828452471428061,4.3,15.875888715011776,2.982528624659289,5.322962731606765
2022-01-03 23:24:01.084337,2022-01-03 23:03:30,2022-01-03 23:46:00,2550.0,E,E36,S6X,4,-1,137.8888849623408,133.64276759843023,136.16626332010122,14.886165827750848,2.162320314457347,12.7238455132935,4.410000000000001,6.787172953806357,1.0218704548712694,6.641911331765996
2022-01-03 23:24:31.764706,2022-01-03 23:03:30,2022-01-03 23:46:00,2550.0,E,E36,S8X,4,-1,137.8888849623408,133.64276759843023,136.10776100077274,14.886165827750848,2.162320314457347,12.7238455132935,4.47,26.849660307135245,4.256230564273382,6.308319039976394
2022-01-03 23:24:45.000000,2022-01-03 23:03:30,2022-01-03 23:46:00,2550.0,E,E36,S7X,4,-1,137.8888849623408,133.64276759843023,136.08318338898803,14.886165827750848,2.162320314457347,12.7238455132935,4.419999999999999,29.81894432909843,4.926332223777191,6.052970643184759
2022-01-03 23:30:45.000000,2022-01-03 23:25:30,2022-01-03 23:36:00,630.0,R,R22,S2C,3,-1,139.05535556072797,136.1815155060446,137.63271531940518,14.932883944264615,10.780963704099003,4.151920240165612,4.639999999999999,2.5152748104109,0.9103135824905213,2.7630861043832557
2022-01-03 23:36:53.414634,2022-01-03 23:25:30,2022-01-03 23:55:00,1770.0,R,R22,S2P,5,-1,139.05535556072797,130.54612984803958,135.88074623692418,14.932883944264615,3.7237829760766123,11.209100968188004,4.629999999999999,3.061277883188407,1.0382910017500155,2.9483814056258733
2022-01-03 23:37:11.333333,2022-01-03 23:12:30,2022-01-03 23:59:30,2820.0,G,G31,S2X,5,1,211.9279831904327,224.4303127823429,217.84657649143068,2.057458491607987,14.262602402989918,12.205143911381931,4.369999999999999,10.059263074072131,1.6290224312378143,6.175030423877337
2022-01-03 23:53:00.000000,2022-01-03 23:46:30,2022-01-03 23:59:30,780.0,G,G06,S2X,5,-1,136.63518864424574,135.74204349837913,136.22758993994663,14.855899304732064,9.813184724211043,5.042714580521022,4.1499999999999995,8.008291736307577,2.7590103742126404,2.902595731845685
2022-01-03 23:55:30.000000,2022-01-03 23:51:30,2022-01-03 23:59:30,480.0,R,R07,S2C,5,1,130.05350695407708,133.9216085045069,131.98491584284687,9.616701096733442,10.21711605641564,0.6004149596821975,10.000000000000014,1.4581351489346133,0.3372929072537971,4.323053101847276
2022-01-03 23:55:30.000000,2022-01-03 23:51:30,2022-01-03 23:59:30,480.0,R,R07,S2P,5,1,130.05350695407708,133.9216085045069,131.98491584284687,9.616701096733442,10.21711605641564,0.6004149596821975,10.000000000000014,1.8323311344283777,0.46421607047836155,3.947151447256473
2022-01-03 23:55:45.000000,2022-01-03 23:52:00,2022-01-03 23:59:30,450.0,R,R15,S2C,5,1,206.81244472819102,207.06230995639373,206.9202807125745,2.1245682057938007,5.397586877837475,3.2730186720436745,4.01,21.291375049317026,7.330331100854655,2.90455843759017
2022-01-03 23:55:45.000000,2022-01-03 23:52:00,2022-01-03 23:59:30,450.0,R,R15,S2P,5,1,206.81244472819102,207.06230995639373,206.9202807125745,2.1245682057938007,5.397586877837475,3.2730186720436745,4.29,19.784495625205647,7.296112417096734,2.711648956894538
2022-01-04 00:01:30.000000,2022-01-04 00:00:00,2022-01-04 00:03:00,180.0,G,G31,S2X,1,1,224.60375393518444,225.66145935808245,225.1305854776344,14.362257804402958,14.943235561384693,0.5809777569817349,9.99999999999999,1.0128007529061722,0.27199027453193886,3.723665320935005
2022-01-04 00:05:15.000000,2022-01-04 00:00:00,2022-01-04 00:10:30,630.0,R,R07,S2C,1,1,134.16428725175314,139.26112352636864,136.7137954809592,10.244289490793248,10.524222415589016,0.2799329247957676,9.989999999999988,0.14656393231690046,0.047173651520999164,3.1069024252162905
2022-01-04 00:05:15.000000,2022-01-04 00:00:00,2022-01-04 00:10:30,630.0,R,R07,S2P,1,1,134.16428725175314,139.26112352636864,136.7137954809592,10.244289490793248,10.524222415589016,0.2799329247957676,9.989999999999988,0.23367631793511107,0.07548782665674701,3.095549683761168
2022-01-04 00:09:49.500000,2022-01-04 00:00:00,2022-01-04 00:20:00,1200.0,G,G06,S2X,1,-1,135.69822459435258,133.43213737074015,134.66418132294854,9.621991978379311,2.157581500277367,7.464410478101945,4.420000000000001,22.80643367591043,4.896841568048859,4.657376261612979
2022-01-04 00:10:30.000000,2022-01-04 00:00:00,2022-01-04 00:21:00,1260.0,R,R15,S2C,1,1,207.0868971678078,209.11562576960796,207.93622545353486,5.616259392314988,14.788846397918169,9.17258700560318,4.340000000000001,13.651332621871163,2.9515241927890035,4.625180662663489
2022-01-04 00:10:30.000000,2022-01-04 00:00:00,2022-01-04 00:21:00,1260.0,R,R15,S2P,1,1,207.0868971678078,209.11562576960796,207.93622545353486,5.616259392314988,14.788846397918169,9.17258700560318,4.3100000000000005,12.228712196541025,2.3431013739130195,5.2190282216082124
2022-01-04 00:16:15.000000,2022-01-04 00:14:30,2022-01-04 00:18:00,210.0,E,E21,S6X,1,1,221.25070126902196,221.25532373239824,221.25057280788104,13.79442064652615,14.866278759584016,1.071858113057866,9.849999999999994,0.5950483328343992,0.23855143476789062,2.4944236173359355
2022-01-04 00:16:15.000000,2022-01-04 00:14:30,2022-01-04 00:18:00,210.0,E,E21,S7X,1,1,221.25070126902196,221.25532373239824,221.25057280788104,13.79442064652615,14.866278759584016,1.071858113057866,8.840000000000009,3.6588625586852843,1.6840253223534367,2.172688563597131
2022-01-04 00:16:15.000000,2022-01-04 00:14:30,2022-01-04 00:18:00,210.0,E,E21,S8X,1,1,221.25070126902196,221.25532373239824,221.25057280788104,13.79442064652615,14.866278759584016,1.071858113057866,8.339999999999998,2.7387684625141255,1.2981266040932153,2.1097853274698477
2022-01-04 00:24:45.000000,2022-01-04 00:02:00,2022-01-04 00:47:30,2730.0,C,C24,S6I,1,1,213.76192804488417,222.2088514036063,217.43861192749884,2.334870830305909,14.90701377562086,12.572142945314951,4.379999999999999,14.330288217606403,2.5658071678197674,5.585099456161867
2022-01-04 00:32:15.000000,2022-01-04 00:00:00,2022-01-04 01:04:30,3870.0,C,C32,S6I,1,-1,130.04410877988053,150.7748999062644,141.0306578440554,9.835461304645804,2.0198139575960927,7.815647347049712,4.340000000000001,20.299293210585546,4.46415733434043,4.547172442699026
2022-01-04 00:40:15.000000,2022-01-04 00:11:00,2022-01-04 01:09:30,3510.0,R,R07,S2C,2,-1,139.50310886091927,164.6810432925195,152.76942299831458,10.523522681888164,2.0655879709712437,8.45793471091692,4.36,22.80876327342586,4.886492651102922,4.66771668392415
2022-01-04 00:40:15.000000,2022-01-04 00:11:00,2022-01-04 01:09:30,3510.0,R,R07,S2P,2,-1,139.50310886091927,164.6810432925195,152.76942299831458,10.523522681888164,2.0655879709712437,8.45793471091692,4.36,21.665494654676284,4.7264038703716755,4.583927918325048
2022-01-04 00:47:45.000000,2022-01-04 00:45:30,2022-01-04 00:50:00,270.0,C,C44,S6I,1,1,269.91435540334703,268.4836233256543,269.1996008399647,13.829378355751452,14.999585992491031,1.1702076367395797,7.799999999999998,3.4609733992996117,1.7618446668788572,1.9644032554985649
2022-01-04 01:05:55.074626,2022-01-04 00:48:00,2022-01-04 01:22:30,2070.0,G,G26,S2X,1,1,220.42649187538626,222.3460031415103,221.0852146993453,2.3904889137206182,14.842374723220473,12.451885809499855,4.42,14.229657802055874,2.4313847368608714,5.852491210596146
2022-01-04 01:42:00.000000,2022-01-04 01:39:00,2022-01-04 01:45:00,360.0,G,G31,S2X,2,-1,267.4033856532287,269.9403482992037,268.6759644990434,14.991854557745478,13.890667960848052,1.101186596897426,8.650000000000015,1.9448059246449103,0.9035884988399114,2.152313721502415
2022-01-04 02:05:15.000000,2022-01-04 01:42:00,2022-01-04 02:28:30,2790.0,R,R18,S2P,1,1,269.41496048124225,249.491299243473,259.52637234172994,2.026140081517586,14.984942493509575,12.95880241199199,4.469999999999999,16.524257835912888,2.4797347240031855,6.663719984223466
2022-01-04 02:05:27.741935,2022-01-04 01:42:00,2022-01-04 02:28:30,2790.0,R,R18,S2C,1,1,269.41496048124225,249.491299243473,259.43567140729476,2.026140081517586,14.984942493509575,12.95880241199199,4.439999999999999,17.223907824840623,2.6538214678144336,6.490228537877285
2022-01-04 02:07:15.000000,2022-01-04 02:02:30,2022-01-04 02:12:00,570.0,C,C12,S6I,1,1,254.55719627262653,251.6555609200127,253.10434608159173,12.375140466005751,14.888922162578995,2.5137816965732434,4.5600000000000005,10.477365045435809,4.398092683055569,2.3822519897776857
2022-01-04 02:07:15.000000,2022-01-04 02:02:30,2022-01-04 02:12:00,570.0,C,C12,S7I,1,1,254.55719627262653,251.6555609200127,253.10434608159173,12.375140466005751,14.888922162578995,2.5137816965732434,5.1700000000000035,10.612618286663103,4.331731094181913,2.4499716293371145
2022-01-04 02:23:00.821917,2022-01-04 02:05:00,2022-01-04 02:42:00,2220.0,R,R08,S2C,2,-1,149.71704978890568,160.64138682471406,155.56959367772944,14.91849088661447,2.300552705775777,12.617938180838692,4.4799999999999995,20.403026674185178,3.2929984490746844,6.195881045713314
2022-01-04 02:23:30.000000,2022-01-04 02:05:00,2022-01-04 02:42:00,2220.0,R,R08,S2P,2,-1,149.71704978890568,160.64138682471406,155.70060848916563,14.91849088661447,2.300552705775777,12.617938180838692,4.449999999999999,19.144365611222135,3.0439493871921055,6.289317980047584
2022-01-04 02:30:30.000000,2022-01-04 01:53:30,2022-01-04 03:07:30,4440.0,E,E05,S6X,2,-1,130.0150919632043,150.67216621316288,141.03568400478716,9.647936056583136,2.027241470756251,7.620694585826885,4.37,6.352472466296886,1.5479761293350311,4.103727664731973
2022-01-04 02:30:30.000000,2022-01-04 01:53:30,2022-01-04 03:07:30,4440.0,E,E05,S7X,2,-1,130.0150919632043,150.67216621316288,141.03568400478716,9.647936056583136,2.027241470756251,7.620694585826885,4.48,28.908976803513028,6.689520309186165,4.321532108036913
2022-01-04 02:30:30.000000,2022-01-04 01:53:30,2022-01-04 03:07:30,4440.0,E,E05,S8X,2,-1,130.0150919632043,150.67216621316288,141.03568400478716,9.647936056583136,2.027241470756251,7.620694585826885,4.530000000000001,26.65209090372051,6.159397818103361,4.327061133376733
2022-01-04 02:36:30.000000,2022-01-04 02:26:30,2022-01-04 02:46:30,1200.0,E,E01,S6X,1,1,215.45759486166529,219.46702296730905,217.36663704155157,10.350525245613627,14.972599484604089,4.6220742389904625,4.43,3.435434746720305,1.0783307143508023,3.185882309573805
2022-01-04 02:36:30.000000,2022-01-04 02:26:30,2022-01-04 02:46:30,1200.0,E,E01,S7X,1,1,215.45759486166529,219.46702296730905,217.36663704155157,10.350525245613627,14.972599484604089,4.6220742389904625,4.750000000000002,12.949651289480311,3.7817643549449698,3.4242353764183036
2022-01-04 02:36:30.000000,2022-01-04 02:26:30,2022-01-04 02:46:30,1200.0,E,E01,S8X,1,1,215.45759486166529,219.46702296730905,217.36663704155157,10.350525245613627,14.972599484604089,4.6220742389904625,4.74,13.078074981231087,3.8842926253549375,3.3669129086370115
2022-01-04 02:45:45.000000,2022-01-04 02:42:30,2022-01-04 02:49:00,390.0,E,E26,S6X,1,1,269.90764979721814,267.85169973459756,268.880528120215,13.51053322886408,14.912300731960755,1.401767503096675,6.170000000000009,1.7663811856229454,0.8494298965132564,2.0794902473689643
2022-01-04 02:45:45.000000,2022-01-04 02:42:30,2022-01-04 02:49:00,390.0,E,E26,S7X,1,1,269.90764979721814,267.85169973459756,268.880528120215,13.51053322886408,14.912300731960755,1.401767503096675,7.27,6.994493845113254,3.876237870266393,1.8044542360947937
2022-01-04 02:45:45.000000,2022-01-04 02:42:30,2022-01-04 02:49:00,390.0,E,E26,S8X,1,1,269.90764979721814,267.85169973459756,268.880528120215,13.51053322886408,14.912300731960755,1.401767503096675,7.900000000000006,5.667333033132621,3.0386963708004853,1.8650540697620517
2022-01-04 02:55:43.058823,2022-01-04 02:33:30,2022-01-04 03:17:00,2610.0,C,C25,S6I,1,1,212.74069593155195,227.24748443084897,219.97162254681598,2.0529559157622974,4.977369636571707,2.9244137208094094,4.060000000000001,19.432248103620783,7.002341779464838,2.7751070592709506
2022-01-04 03:00:02.168674,2022-01-04 02:39:30,2022-01-04 03:21:00,2490.0,C,C20,S6I,2,-1,140.30003839776384,146.17925420453795,143.6836465143612,14.93855454720569,2.2382326336279736,12.700321913577717,4.529999999999999,16.166803213544654,2.8959820524316076,5.582494269938661
2022-01-04 03:17:30.000000,2022-01-04 02:56:00,2022-01-04 03:39:00,2580.0,C,C34,S6I,1,1,246.72203005673668,236.7714420700899,241.58049175767673,2.5033964424975874,14.989913654759555,12.486517212261967,4.450000000000001,14.965458753760572,2.538438681464102,5.895536836497033
2022-01-04 03:36:59.130434,2022-01-04 03:19:30,2022-01-04 03:54:00,2070.0,G,G27,S2X,1,1,229.00533526210552,225.1237157835595,226.80497386407478,2.4339680801550014,14.903210461532344,12.469242381377343,4.52,11.10466402752123,2.2753235430925005,4.880476915572347
2022-01-04 03:39:45.000000,2022-01-04 03:17:30,2022-01-04 04:02:00,2670.0,C,C25,S6I,2,-1,227.4243310552728,243.21355122425183,235.34222372246919,4.977131769350677,2.061949163877169,2.9151826054735084,3.8799999999999994,17.62748198278183,7.89495524796769,2.2327526159593463
2022-01-04 03:43:30.000000,2022-01-04 03:16:00,2022-01-04 04:11:00,3300.0,R,R09,S2P,1,1,196.7350345487777,220.30500780082568,207.9867810694691,2.0250396354887528,9.219401510449915,7.194361874961162,4.5600000000000005,16.30199672075305,3.7969064292942303,4.293494460379227
2022-01-04 03:43:57.247706,2022-01-04 03:16:00,2022-01-04 04:11:00,3300.0,R,R09,S2C,1,1,196.7350345487777,220.30500780082568,208.17523357763585,2.0250396354887528,9.219401510449915,7.194361874961162,4.49,17.31852273855162,4.312064395734272,4.016295015372229
2022-01-04 03:51:10.746268,2022-01-04 03:34:30,2022-01-04 04:09:30,2100.0,G,G05,S2X,2,-1,135.09613516859974,132.12268631602024,133.94389920683565,14.958713487816928,2.012782455526516,12.945931032290412,4.52,11.894069523079628,2.06150889426067,5.76959408528056
2022-01-04 03:57:18.620689,2022-01-04 03:43:00,2022-01-04 04:13:00,1800.0,R,R01,S2C,2,-1,150.96926944221062,154.06080935431345,152.78781423018907,14.931981075671658,2.010524929777287,12.921456145894371,4.529999999999999,9.871857579079762,1.9360614944155847,5.098938028339673
2022-01-04 03:57:33.559322,2022-01-04 03:43:00,2022-01-04 04:13:00,1800.0,R,R01,S2P,2,-1,150.96926944221062,154.06080935431345,152.80869679620147,14.931981075671658,2.010524929777287,12.921456145894371,4.5,10.351776241337925,1.8784629205846515,5.510769538169029
2022-01-04 04:05:37.031250,2022-01-04 03:48:30,2022-01-04 04:21:30,1980.0,R,R19,S2C,1,1,239.0699849014896,227.47935770687727,232.9774891378149,3.758568578546158,14.948227722121052,11.189659143574893,4.580000000000001,11.986535274582751,2.5735812453349283,4.657531327721038
2022-01-04 04:05:37.031250,2022-01-04 03:48:30,2022-01-04 04:21:30,1980.0,R,R19,S2P,1,1,239.0699849014896,227.47935770687727,232.9774891378149,3.758568578546158,14.948227722121052,11.189659143574893,4.54,11.857373188157478,2.477559773052868,4.785908020110745
2022-01-04 04:23:57.600000,2022-01-04 04:04:30,2022-01-04 04:42:30,2280.0,C,C11,S6I,1,1,235.82566645712132,228.79790360486038,232.0248403298231,2.8857527074092957,14.967135253490712,12.081382546081416,4.620000000000001,12.809999327680664,2.6691461332264725,4.799287370675316
2022-01-04 04:23:57.600000,2022-01-04 04:04:30,2022-01-04 04:42:30,2280.0,C,C11,S7I,1,1,235.82566645712132,228.79790360486038,232.0248403298231,2.8857527074092957,14.967135253490712,12.081382546081416,4.649999999999999,17.493444688142194,3.3293603682178015,5.254295946793646
2022-01-04 04:39:31.061947,2022-01-04 04:11:30,2022-01-04 05:08:00,3390.0,R,R09,S2C,2,-1,220.54156775082754,246.3385813295758,233.6026925923361,9.21910078370994,2.1015015015487752,7.117599282161166,4.53,20.97002487986564,5.591319952716396,3.7504605454885307
2022-01-04 04:39:45.000000,2022-01-04 04:11:30,2022-01-04 05:08:00,3390.0,R,R09,S2P,2,-1,220.54156775082754,246.3385813295758,233.70716262854933,9.21910078370994,2.1015015015487752,7.117599282161166,4.53,19.716439223822675,4.750068820905886,4.150769171395406
2022-01-04 04:53:55.522388,2022-01-04 04:36:30,2022-01-04 05:10:30,2040.0,G,G08,S2X,1,1,220.5260010742081,221.14777173603605,220.5287546258801,2.236209887765706,14.901576923074385,12.66536703530868,4.670000000000001,11.922028271378853,2.1595125203383914,5.520703473166571
2022-01-04 05:09:37.600000,2022-01-04 04:51:00,2022-01-04 05:28:30,2250.0,C,C19,S6I,2,-1,137.21754081926454,135.00963142224813,136.41722995807024,14.937629545424954,2.1686201060744046,12.76900943935055,4.67,18.04562634872614,3.0689780868324648,5.880011469013546
2022-01-04 05:12:45.000000,2022-01-04 05:11:30,2022-01-04 05:14:00,150.0,E,E01,S6X,2,-1,269.1106962648352,269.91744483583193,269.514630391748,14.956443745389501,14.449416573422434,0.5070271719670671,9.999999999999996,0.8124886777364928,0.2348749297873627,3.459239683315951
2022-01-04 05:12:45.000000,2022-01-04 05:11:30,2022-01-04 05:14:00,150.0,E,E01,S7X,2,-1,269.1106962648352,269.91744483583193,269.514630391748,14.956443745389501,14.449416573422434,0.5070271719670671,9.990000000000006,0.4447076188959755,0.12768475064767834,3.4828561487586027
2022-01-04 05:12:45.000000,2022-01-04 05:11:30,2022-01-04 05:14:00,150.0,E,E01,S8X,2,-1,269.1106962648352,269.91744483583193,269.514630391748,14.956443745389501,14.449416573422434,0.5070271719670671,9.999999999999979,0.12878886379381027,0.0313656513813348,4.1060477982118515
2022-01-04 05:15:00.000000,2022-01-04 04:52:00,2022-01-04 05:38:00,2760.0,E,E03,S6X,2,-1,140.0770652182042,144.2944596830805,142.6766487803328,14.872610222894828,2.1018786452185125,12.770731577676315,4.75,4.401375487339615,0.8943747355025379,4.921176004447998
2022-01-04 05:15:00.000000,2022-01-04 04:52:00,2022-01-04 05:38:00,2760.0,E,E03,S7X,2,-1,140.0770652182042,144.2944596830805,142.6766487803328,14.872610222894828,2.1018786452185125,12.770731577676315,4.6899999999999995,25.520287376843402,4.697510697472453,5.432725760598027
2022-01-04 05:15:00.000000,2022-01-04 04:52:00,2022-01-04 05:38:00,2760.0,E,E03,S8X,2,-1,140.0770652182042,144.2944596830805,142.6766487803328,14.872610222894828,2.1018786452185125,12.770731577676315,4.76,24.21973114545253,4.241634981454044,5.709998915830787
2022-01-04 05:30:45.000000,2022-01-04 05:11:30,2022-01-04 05:50:00,2310.0,E,E33,S6X,1,1,241.74600268888884,233.25974141560266,237.35871416207877,5.0338181763165375,14.987750150540503,9.953931974223966,4.73,4.512832148164974,0.8914777045602228,5.062192946699897
2022-01-04 05:30:45.000000,2022-01-04 05:11:30,2022-01-04 05:50:00,2310.0,E,E33,S7X,1,1,241.74600268888884,233.25974141560266,237.35871416207877,5.0338181763165375,14.987750150540503,9.953931974223966,4.72,19.239001693983205,3.715573329870575,5.1779362122435515
2022-01-04 05:30:45.000000,2022-01-04 05:11:30,2022-01-04 05:50:00,2310.0,E,E33,S8X,1,1,241.74600268888884,233.25974141560266,237.35871416207877,5.0338181763165375,14.987750150540503,9.953931974223966,4.81,19.0268912785362,3.5545358403421283,5.352848341713398
2022-01-04 05:34:57.600000,2022-01-04 05:16:00,2022-01-04 05:53:30,2250.0,C,C43,S6I,1,1,226.17816531543272,223.7178416034176,224.6441147877195,2.205085618573779,14.85019839630364,12.64511277772986,4.7299999999999995,13.205174658496967,2.2988221016345824,5.744322124407712
2022-01-04 05:52:52.714285,2022-01-04 05:35:30,2022-01-04 06:12:00,2190.0,G,G15,S2X,2,-1,137.29161118389857,140.15144111358447,139.02808199720639,14.86493545362864,2.146616838958331,12.71831861467031,4.760000000000001,12.072567573974831,2.539396774153967,4.7541084153723725
2022-01-04 05:55:30.000000,2022-01-04 05:41:00,2022-01-04 06:10:00,1740.0,R,R02,S2C,2,-1,147.0376161517262,143.70194132373035,145.58248453467044,14.812615865656804,2.124196355847411,12.688419509809393,4.730000000000001,17.159796872901712,3.5979353683219975,4.7693455040868855
2022-01-04 05:55:30.000000,2022-01-04 05:41:00,2022-01-04 06:10:00,1740.0,R,R02,S2P,2,-1,147.0376161517262,143.70194132373035,145.58248453467044,14.812615865656804,2.124196355847411,12.688419509809393,4.730000000000001,16.741785114164998,3.133905315762531,5.342147712618893
2022-01-04 07:14:53.043478,2022-01-04 06:56:00,2022-01-04 07:32:00,2160.0,G,G01,S2X,1,1,231.92474267289717,226.42964505271533,228.81630981528528,2.2947864585442783,14.978635388416583,12.683848929872305,4.88,12.382883906369683,2.3633421710941835,5.239564569965185
2022-01-04 07:25:09.545454,2022-01-04 07:19:30,2022-01-04 07:30:30,660.0,C,C36,S6I,2,1,130.16103558950266,134.04600671936862,132.16247120551142,3.8018836929913875,3.992045029552281,0.19016133656089362,9.999999999999979,0.34336517592304333,0.11279542384985071,3.044141013913108
2022-01-04 07:27:45.142857,2022-01-04 07:01:30,2022-01-04 07:57:00,3330.0,G,G24,S2X,3,-1,130.11444160941957,147.19438598761803,138.88195532616427,12.904058004256926,2.1124561072333505,10.791601897023575,4.859999999999999,18.156320214693174,3.2121164381558938,5.652447712984181
2022-01-04 07:40:45.000000,2022-01-04 07:29:30,2022-01-04 07:52:00,1350.0,R,R03,S2C,2,-1,136.48863456890624,130.0682242851012,133.33831227411542,14.97503361323694,6.461593712822706,8.513439900414234,4.699999999999999,16.021973994756745,3.465086268034014,4.623831199402471
2022-01-04 07:40:45.000000,2022-01-04 07:29:30,2022-01-04 07:52:00,1350.0,R,R03,S2P,2,-1,136.48863456890624,130.0682242851012,133.33831227411542,14.97503361323694,6.461593712822706,8.513439900414234,4.76,13.222889410653536,3.060125420779602,4.321028582967313
2022-01-04 07:46:00.000000,2022-01-04 07:29:30,2022-01-04 08:02:30,1980.0,E,E08,S6X,2,-1,133.73792525071192,130.022259309171,132.0553307512219,14.894697536210169,5.294037679166397,9.600659857043771,4.72,6.755800493750374,1.321536132059049,5.112081561647767
2022-01-04 07:46:00.000000,2022-01-04 07:29:30,2022-01-04 08:02:30,1980.0,E,E08,S7X,2,-1,133.73792525071192,130.022259309171,132.0553307512219,14.894697536210169,5.294037679166397,9.600659857043771,4.68,26.939239779785222,5.001721716604003,5.38599332512966
2022-01-04 07:46:00.000000,2022-01-04 07:29:30,2022-01-04 08:02:30,1980.0,E,E08,S8X,2,-1,133.73792525071192,130.022259309171,132.0553307512219,14.894697536210169,5.294037679166397,9.600659857043771,4.760000000000002,24.782681878020643,4.964268124144539,4.992212599775981
2022-01-04 07:48:30.428571,2022-01-04 07:31:00,2022-01-04 08:06:30,2130.0,C,C36,S6I,3,-1,134.22161082463273,146.16802709355426,140.21561621005168,3.991976466664123,2.025752274189699,1.966224192474424,5.800000000000002,16.73916807668985,8.477713831721,1.9744908130841865
2022-01-04 07:53:00.000000,2022-01-04 07:44:30,2022-01-04 08:01:30,1020.0,R,R13,S2C,2,1,132.06767560328348,140.19157988774515,136.12758457171077,9.004209413303519,9.72349257079449,0.7192831574909704,10.00000000000001,1.8518895979823964,0.5064235112451551,3.6568002015331262
2022-01-04 07:53:00.000000,2022-01-04 07:44:30,2022-01-04 08:01:30,1020.0,R,R13,S2P,2,1,132.06767560328348,140.19157988774515,136.12758457171077,9.004209413303519,9.72349257079449,0.7192831574909704,10.00000000000001,1.9030463718528352,0.5079803665657141,3.746299064112846
2022-01-04 07:53:14.634146,2022-01-04 07:32:30,2022-01-04 08:13:30,2460.0,C,C28,S6I,1,1,214.36287344329853,219.82068091850135,216.66098068242886,2.2851861586290583,14.955226175310957,12.670040016681899,4.83,11.197443514770901,2.0098589473994655,5.571258385698734
2022-01-04 08:10:15.000000,2022-01-04 07:56:00,2022-01-04 08:24:30,1710.0,R,R21,S2C,1,1,205.25337150953447,207.4332863482183,206.0465524766365,2.1890085943306334,14.813702843389535,12.624694249058901,4.8,15.833486125139526,3.15611553864253,5.016763781705417
2022-01-04 08:10:15.000000,2022-01-04 07:56:00,2022-01-04 08:24:30,1710.0,R,R21,S2P,1,1,205.25337150953447,207.4332863482183,206.0465524766365,2.1890085943306334,14.813702843389535,12.624694249058901,4.78,14.811851180986123,2.737594159240107,5.410535791432851
2022-01-04 08:10:28.947368,2022-01-04 07:56:00,2022-01-04 08:24:30,1710.0,R,R21,S3X,1,1,205.25337150953447,207.4332863482183,206.06015151345298,2.1890085943306334,14.813702843389535,12.624694249058901,4.79,12.647485283897401,2.1682736930493394,5.832974556874636
2022-01-04 08:12:10.227272,2022-01-04 07:49:30,2022-01-04 08:34:00,2670.0,G,G03,S2X,1,1,266.2434472426764,252.33819091980553,259.1472487877598,2.08112723682944,14.977987782819783,12.896860545990343,4.8199999999999985,15.187475649177578,2.7842551638460926,5.454771475829113
2022-01-04 08:23:44.625000,2022-01-04 08:02:00,2022-01-04 08:55:30,3210.0,R,R13,S2C,3,-1,140.43002932188926,163.55242249902062,150.33722456092332,9.722980343215033,2.7089271283627534,7.01405321485228,4.740000000000001,7.211217173827689,2.3805759025618647,3.0291901913597097
2022-01-04 08:25:39.418604,2022-01-04 08:02:00,2022-01-04 08:57:30,3330.0,R,R13,S2P,3,-1,140.43002932188926,164.2723955691578,151.13957477173037,9.722980343215033,2.2106090125106546,7.5123713307043785,4.79,10.413616863444755,2.8683251007664725,3.6305566829443543
2022-01-04 09:16:42.457627,2022-01-04 08:44:00,2022-01-04 09:46:30,3750.0,G,G17,S2X,1,1,209.28823556332233,233.24031373122074,221.2119613585129,2.0607420213439585,9.540311209174439,7.47956918783048,4.68,11.129467884458636,2.9891804934811352,3.723250539313368
2022-01-04 09:50:22.142857,2022-01-04 09:31:00,2022-01-04 10:01:30,1830.0,R,R22,S2P,1,1,199.27832922923912,207.35835458475654,204.00885588884418,3.6520021008142747,14.909699153373714,11.25769705255944,4.599999999999999,2.726655999656558,0.6645243479843517,4.103169444320746
2022-01-04 09:58:00.000000,2022-01-04 09:55:30,2022-01-04 10:00:30,300.0,G,G25,S2X,3,1,130.02468095856082,131.94856538943702,130.987349118143,5.012589334041266,5.051418766735471,0.03882943269420469,9.999999999999934,0.0065608586753467995,0.00218900930261089,2.9971817239522407
2022-01-04 10:07:45.000000,2022-01-04 09:42:00,2022-01-04 10:33:30,3090.0,C,C45,S6I,3,-1,136.2864855886953,147.80631096822503,142.72023119564267,14.997415712877322,2.1027518378199352,12.894663875057386,4.74,16.88567975052655,2.6203032394237726,6.444170085535541
2022-01-04 10:17:50.487805,2022-01-04 09:47:00,2022-01-04 10:53:00,3960.0,G,G17,S2X,2,-1,233.45420690900073,260.7210051304261,246.48353755646843,9.539807219593284,2.0887695447613157,7.4510376748319675,4.7,12.507315139158877,3.4234595988612035,3.6534139743665652
2022-01-04 10:19:12.000000,2022-01-04 10:01:00,2022-01-04 10:41:30,2430.0,G,G25,S2X,4,-1,132.14037353269381,146.87875537642097,138.9150712799759,5.050648081584002,2.1621516716418268,2.888496409942175,4.010000000000001,8.387189270636792,3.4927154384149364,2.40133770372174
2022-01-04 10:20:00.000000,2022-01-04 09:56:00,2022-01-04 10:44:00,2880.0,C,C41,S6I,1,1,258.9006871981859,245.52228289244945,252.11605712190735,2.007086323195883,14.873566280388529,12.866479957192645,4.58,21.64966740569534,3.605056260485088,6.005361869937145
2022-01-04 10:20:30.000000,2022-01-04 09:43:00,2022-01-04 10:58:00,4500.0,C,C27,S6I,1,1,209.3221404748825,233.48119903472644,220.55036856816906,2.0333499938953867,11.00771028833111,8.974360294435723,4.460000000000001,13.008273377635604,3.3888767103884847,3.838520692641072
2022-01-04 10:22:45.000000,2022-01-04 10:00:30,2022-01-04 10:45:00,2670.0,R,R07,S2C,3,1,263.95659331204155,245.6641201529544,254.8377084473672,2.02237516557759,14.96894521207366,12.94657004649607,4.549999999999999,18.877073359916835,2.935349679628857,6.4309453455997225
2022-01-04 10:22:45.000000,2022-01-04 10:00:30,2022-01-04 10:45:00,2670.0,R,R07,S2P,3,1,263.95659331204155,245.6641201529544,254.8377084473672,2.02237516557759,14.96894521207366,12.94657004649607,4.559999999999999,17.463394502251894,2.6268786983780847,6.647963803214183
2022-01-04 10:23:15.000000,2022-01-04 10:05:00,2022-01-04 10:41:30,2190.0,R,R14,S2C,4,-1,149.22883733022704,159.821743173955,155.02877125652722,14.896604326434217,2.4630782813110543,12.433526045123163,4.73,18.690799501285145,3.613270168516717,5.172820915563561
2022-01-04 10:23:30.000000,2022-01-04 10:05:00,2022-01-04 10:42:00,2220.0,R,R14,S2P,4,-1,149.22883733022704,159.92563249593098,155.0940809537845,14.896604326434217,2.2729657311928295,12.623638595241387,4.7,19.131871815297377,3.7100302478759097,5.156796720525628
2022-01-04 10:43:30.000000,2022-01-04 10:04:00,2022-01-04 11:23:00,4740.0,E,E30,S6X,3,-1,130.06049785925788,151.80704925303488,141.8455749138741,11.802440563015466,2.193001436280196,9.60943912673527,4.7700000000000005,6.008089501943427,1.5096535435922962,3.9797803459241896
2022-01-04 10:43:30.000000,2022-01-04 10:04:00,2022-01-04 11:23:00,4740.0,E,E30,S7X,3,-1,130.06049785925788,151.80704925303488,141.8455749138741,11.802440563015466,2.193001436280196,9.60943912673527,4.760000000000001,28.13308173492839,5.802251473324121,4.848649160463031
2022-01-04 10:43:30.000000,2022-01-04 10:04:00,2022-01-04 11:23:00,4740.0,E,E30,S8X,3,-1,130.06049785925788,151.80704925303488,141.8455749138741,11.802440563015466,2.193001436280196,9.60943912673527,4.82,25.83780687027975,5.247589021198741,4.923748175762714
2022-01-04 10:58:15.000000,2022-01-04 10:49:00,2022-01-04 11:07:30,1110.0,E,E04,S6X,1,1,269.9659195078496,264.48692476017396,267.23003361031624,10.914078502617754,14.983753423147416,4.069674920529662,4.43,4.3872781797837845,1.3936631138392934,3.1480191562920936
2022-01-04 10:58:15.000000,2022-01-04 10:49:00,2022-01-04 11:07:30,1110.0,E,E04,S7X,1,1,269.9659195078496,264.48692476017396,267.23003361031624,10.914078502617754,14.983753423147416,4.069674920529662,4.7299999999999995,16.127955718121147,5.273442864219997,3.0583351585258254
2022-01-04 10:58:15.000000,2022-01-04 10:49:00,2022-01-04 11:07:30,1110.0,E,E04,S8X,1,1,269.9659195078496,264.48692476017396,267.23003361031624,10.914078502617754,14.983753423147416,4.069674920529662,4.739999999999999,15.491716976406396,4.94629093667146,3.1319866087034782
2022-01-04 11:12:25.301204,2022-01-04 10:50:30,2022-01-04 11:33:00,2550.0,G,G06,S2X,2,1,210.57672695142108,220.84729009199947,215.30410212895725,2.3117795436221518,14.98209125692561,12.670311713303459,4.319999999999999,11.84595808369368,2.4590831104580553,4.817225588397102
2022-01-04 11:37:45.000000,2022-01-04 10:58:30,2022-01-04 12:17:00,4710.0,C,C27,S6I,2,-1,233.66900642449184,262.2354067042784,248.26020594326394,11.006968708638668,2.0036393798697953,9.003329328768872,4.470000000000001,14.741126860892956,3.677951303002855,4.007972277625752
2022-01-04 12:06:31.525423,2022-01-04 11:52:00,2022-01-04 12:21:30,1770.0,R,R15,S2C,4,-1,150.94350257648955,153.6528873635827,152.59993262214064,14.940916897273903,2.126725376531471,12.814191520742432,4.359999999999999,16.22974620427851,3.2399064556547765,5.0093255550486315
2022-01-04 12:06:31.525423,2022-01-04 11:52:00,2022-01-04 12:21:30,1770.0,R,R15,S2P,4,-1,150.94350257648955,153.6528873635827,152.59993262214064,14.940916897273903,2.126725376531471,12.814191520742432,4.379999999999999,14.934726609318766,3.1510467806703293,4.739608025159711
2022-01-04 12:19:42.000000,2022-01-04 12:03:30,2022-01-04 12:37:30,2040.0,G,G31,S2X,4,-1,133.66637686778725,130.08796088600963,132.19566213194335,14.94481857052778,2.314373038484751,12.630445532043028,4.46,14.317379212804042,2.582895480347057,5.5431508250114145
2022-01-04 12:25:56.956521,2022-01-04 12:08:30,2022-01-04 12:43:00,2070.0,R,R08,S2C,3,1,234.9501698380962,224.47020876163256,229.5212892907467,2.2897466848099923,14.89219261578003,12.602445930970037,4.079999999999999,16.953057775791482,3.158683758034871,5.367127282896652
2022-01-04 12:25:56.956521,2022-01-04 12:08:30,2022-01-04 12:43:00,2070.0,R,R08,S2P,3,1,234.9501698380962,224.47020876163256,229.5212892907467,2.2897466848099923,14.89219261578003,12.602445930970037,4.079999999999999,15.443016216726638,3.2105255230193794,4.810120992965369
2022-01-04 12:31:45.394736,2022-01-04 12:13:00,2022-01-04 12:51:00,2280.0,C,C26,S6I,4,-1,137.66174351888066,137.49044272848025,137.9161736175624,14.861986713423752,2.06666362167009,12.795323091753662,4.390000000000001,19.420009890157985,3.1334043372950067,6.197735050983818
2022-01-04 12:55:44.615384,2022-01-04 12:36:00,2022-01-04 13:15:00,2340.0,C,C32,S6I,2,1,230.97254913276225,226.13208766627068,228.25710977864094,2.0738416039132614,14.931151118856727,12.857309514943466,3.9999999999999996,15.77240821155878,3.0903753380949897,5.1037192852054725
2022-01-04 13:02:38.181818,2022-01-04 12:27:00,2022-01-04 13:35:30,4110.0,G,G11,S2X,2,1,211.0045753986312,235.9470376244978,223.20274161033842,2.4483753205676333,10.872077452538548,8.423702131970915,3.89,11.831111817521364,2.791130167557094,4.2388248154963035
2022-01-04 13:04:47.727272,2022-01-04 12:59:00,2022-01-04 13:11:00,720.0,R,R24,S2P,3,1,197.46529451798116,202.8349357011922,200.0517305674153,2.0262443620755914,2.3628252127037808,0.3365808506281893,9.989999999999997,0.8383354324700548,0.26597202391270514,3.1519684669738255
2022-01-04 13:04:56.086956,2022-01-04 12:59:00,2022-01-04 13:11:00,720.0,R,R24,S2C,3,1,197.46529451798116,202.8349357011922,200.11405971669058,2.0262443620755914,2.3628252127037808,0.3365808506281893,9.989999999999997,0.564340649860508,0.1794907203356319,3.144121594727797
2022-01-04 13:17:05.217391,2022-01-04 13:11:30,2022-01-04 13:23:00,690.0,R,R24,S2C,4,-1,203.06025304914203,208.24778833331354,205.5807884825896,2.3621815753530506,2.0266610837888748,0.33552049156417585,10.0,1.3079768375387173,0.42102514945957914,3.10664776015783
2022-01-04 13:17:05.217391,2022-01-04 13:11:30,2022-01-04 13:23:00,690.0,R,R24,S2P,4,-1,203.06025304914203,208.24778833331354,205.5807884825896,2.3621815753530506,2.0266610837888748,0.33552049156417585,10.0,1.3299490869968298,0.42666291265676437,3.117095598291966
2022-01-04 13:23:45.000000,2022-01-04 13:08:00,2022-01-04 13:39:30,1890.0,E,E11,S6X,2,-1,259.9270377533182,269.989482208206,265.0581946764149,14.962256878334646,8.666185493672268,6.296071384662378,4.16,2.284534004794894,0.5057089075939654,4.517488164612577
2022-01-04 13:23:45.000000,2022-01-04 13:08:00,2022-01-04 13:39:30,1890.0,E,E11,S7X,2,-1,259.9270377533182,269.989482208206,265.0581946764149,14.962256878334646,8.666185493672268,6.296071384662378,4.24,11.585073969645103,2.667356368054131,4.343279401430921
2022-01-04 13:23:45.000000,2022-01-04 13:08:00,2022-01-04 13:39:30,1890.0,E,E11,S8X,2,-1,259.9270377533182,269.989482208206,265.0581946764149,14.962256878334646,8.666185493672268,6.296071384662378,4.26,10.614710298874147,2.3011509501306815,4.6127831371824355
2022-01-04 13:35:18.571428,2022-01-04 13:14:30,2022-01-04 13:58:30,2640.0,E,E27,S6X,4,-1,141.2682957809766,143.74514097811908,142.90797207132886,14.960633363548823,2.0861484522853884,12.874484911263433,4.130000000000001,6.116286073100285,1.1238471048094216,5.442275952775146
2022-01-04 13:35:48.139535,2022-01-04 13:14:30,2022-01-04 13:58:30,2640.0,E,E27,S7X,4,-1,141.2682957809766,143.74514097811908,142.92747163518635,14.960633363548823,2.0861484522853884,12.874484911263433,4.0600000000000005,26.921986089532805,4.545059615066921,5.923351588235748
2022-01-04 13:35:48.139535,2022-01-04 13:14:30,2022-01-04 13:58:30,2640.0,E,E27,S8X,4,-1,141.2682957809766,143.74514097811908,142.92747163518635,14.960633363548823,2.0861484522853884,12.874484911263433,4.12,25.84381348373655,4.6216557135403615,5.591895001616038
2022-01-04 13:48:30.869565,2022-01-04 13:31:30,2022-01-04 14:06:30,2100.0,G,G26,S2X,4,-1,138.03548123804805,142.0345594415652,140.34669864501086,14.900769926783186,2.636383777729096,12.26438614905409,4.0200000000000005,12.87402881195712,2.7385925577909647,4.70096538286868
2022-01-04 14:02:56.470588,2022-01-04 13:58:30,2022-01-04 14:08:00,570.0,E,E36,S7X,1,-1,230.07850961822552,233.07305011338053,231.48143087003908,3.022216835574971,2.031751661996097,0.9904651735788739,9.989999999999998,3.168535610345479,0.963451634664693,3.2887334416617753
2022-01-04 14:02:56.470588,2022-01-04 13:58:30,2022-01-04 14:08:00,570.0,E,E36,S8X,1,-1,230.07850961822552,233.07305011338053,231.48143087003908,3.022216835574971,2.031751661996097,0.9904651735788739,10.0,1.7033122544879569,0.5594287262944077,3.0447350563681344
2022-01-04 14:05:00.000000,2022-01-04 14:02:00,2022-01-04 14:08:00,360.0,E,E36,S6X,1,-1,231.18644973766766,233.07305011338053,232.13082984771853,2.6828468294784775,2.031751661996097,0.6510951674823806,10.0,0.9583900557974195,0.2850613883041689,3.3620479486853165
2022-01-04 14:08:35.172413,2022-01-04 13:53:30,2022-01-04 14:23:00,1770.0,R,R01,S2P,3,1,218.2279015454957,214.27672977568247,215.99934842633988,2.0696022417039344,14.782993074390752,12.713390832686818,3.84,8.168271864348602,1.9666382939911553,4.153418495564664
2022-01-04 14:08:38.793103,2022-01-04 13:53:30,2022-01-04 14:23:00,1770.0,R,R01,S2C,3,1,218.2279015454957,214.27672977568247,215.9896248858282,2.0696022417039344,14.782993074390752,12.713390832686818,3.84,9.050959701310044,2.1921638170115583,4.128778894657908
2022-01-04 14:10:00.000000,2022-01-04 14:01:00,2022-01-04 14:19:00,1080.0,E,E09,S6X,1,1,234.5214173254252,231.57645311886998,233.0074898995628,9.906519010098279,14.913559425166426,5.007040415068147,3.880000000000001,4.348714457563292,1.2446960932582076,3.4937961813471907
2022-01-04 14:10:00.000000,2022-01-04 14:01:00,2022-01-04 14:19:00,1080.0,E,E09,S7X,1,1,234.5214173254252,231.57645311886998,233.0074898995628,9.906519010098279,14.913559425166426,5.007040415068147,3.880000000000001,15.274485016901766,4.530109292445544,3.371769648554319
2022-01-04 14:10:00.000000,2022-01-04 14:01:00,2022-01-04 14:19:00,1080.0,E,E09,S8X,1,1,234.5214173254252,231.57645311886998,233.0074898995628,9.906519010098279,14.913559425166426,5.007040415068147,3.9200000000000004,15.379612189081476,4.383254296268287,3.5087200398514433
2022-01-04 14:12:34.489796,2022-01-04 13:36:00,2022-01-04 14:50:00,4440.0,G,G11,S2X,3,-1,236.1548410936963,265.8669097630627,251.16293136401617,10.871149211440446,2.0599053892106123,8.811243822229834,4.059999999999999,15.742938521195379,2.8856039077655176,5.455682423644209
2022-01-04 15:03:40.941176,2022-01-04 14:39:00,2022-01-04 15:25:00,2760.0,G,G05,S2X,3,1,212.17328521319217,223.24928310875015,217.47485779455576,2.016816711792694,14.95341650319571,12.936599791403015,3.6999999999999997,8.404797952361271,1.7777200066363048,4.7278524857603
2022-01-04 15:17:27.662337,2022-01-04 14:57:00,2022-01-04 15:36:30,2370.0,C,C20,S6I,3,1,216.26642844984835,219.57899983045465,217.5540203704691,2.090445648282183,14.996256450491911,12.905810802209729,3.73,16.45159553876843,3.712287915149851,4.431659374163694
2022-01-04 15:38:15.000000,2022-01-04 15:30:00,2022-01-04 15:46:30,990.0,R,R09,S2C,4,-1,134.72645363280918,130.0777099093372,132.43319544444492,14.91933002527508,8.678948930339239,6.240381094935842,3.8799999999999994,22.110420279153708,6.280263075360529,3.520620078146077
2022-01-04 15:38:15.000000,2022-01-04 15:30:00,2022-01-04 15:46:30,990.0,R,R09,S2P,4,-1,134.72645363280918,130.0777099093372,132.43319544444492,14.91933002527508,8.678948930339239,6.240381094935842,3.87,19.348226557962864,5.031790100156957,3.8451974690596358
2022-01-04 15:45:54.166666,2022-01-04 15:36:30,2022-01-04 15:56:00,1170.0,R,R19,S2C,3,1,136.78126001109987,146.08632626948048,141.2614510212664,7.3657210248182015,8.31514232342577,0.9494212986075681,10.0,0.6290226553122834,0.19880524448283413,3.164014394834521
2022-01-04 15:45:54.166666,2022-01-04 15:36:30,2022-01-04 15:56:00,1170.0,R,R19,S2P,3,1,136.78126001109987,146.08632626948048,141.2614510212664,7.3657210248182015,8.31514232342577,0.9494212986075681,10.0,1.2868241119146266,0.34873762075318365,3.6899492206645705
2022-01-04 15:48:45.000000,2022-01-04 15:47:30,2022-01-04 15:50:00,150.0,C,C12,S6I,3,1,130.02948334768988,130.96678584095446,130.49832249210465,9.089824676359372,9.099587296691844,0.009762620332471883,9.999999999998792,0.0006632428809419236,0.00022139505015545497,2.9957439449356262
2022-01-04 15:48:45.000000,2022-01-04 15:47:30,2022-01-04 15:50:00,150.0,C,C12,S7I,3,1,130.02948334768988,130.96678584095446,130.49832249210465,9.089824676359372,9.099587296691844,0.009762620332471883,9.999999999999769,0.0005066304880140497,0.00016912580060744753,2.995583679097984
2022-01-04 16:00:30.000000,2022-01-04 15:50:30,2022-01-04 16:10:30,1200.0,E,E21,S6X,4,-1,132.64262033175373,130.02451049878366,131.39469723917176,14.928009933316353,9.113058384793284,5.814951548523069,3.7500000000000004,4.561245264310742,1.342412667788753,3.3977966490916014
2022-01-04 16:00:30.000000,2022-01-04 15:50:30,2022-01-04 16:10:30,1200.0,E,E21,S7X,4,-1,132.64262033175373,130.02451049878366,131.39469723917176,14.928009933316353,9.113058384793284,5.814951548523069,3.8000000000000003,16.760431469478764,6.587191956441576,2.5443970025936222
2022-01-04 16:00:30.000000,2022-01-04 15:50:30,2022-01-04 16:10:30,1200.0,E,E21,S8X,4,-1,132.64262033175373,130.02451049878366,131.39469723917176,14.928009933316353,9.113058384793284,5.814951548523069,3.830000000000001,16.23957111688364,6.169054853679195,2.6324244964686017
2022-01-04 16:06:30.000000,2022-01-04 15:52:00,2022-01-04 16:21:00,1740.0,R,R02,S2C,3,1,206.40338378067955,208.68763521623626,207.2400497821025,2.1446076578274083,14.904155866056609,12.759548208229202,3.7299999999999995,15.382954022111468,3.6664380819309925,4.1956126568513525
2022-01-04 16:06:30.000000,2022-01-04 15:52:00,2022-01-04 16:21:00,1740.0,R,R02,S2P,3,1,206.40338378067955,208.68763521623626,207.2400497821025,2.1446076578274083,14.904155866056609,12.759548208229202,3.7399999999999993,15.363288086868565,3.098260165624491,4.958682378363766
2022-01-04 16:18:43.333333,2022-01-04 15:56:30,2022-01-04 16:46:30,3000.0,R,R19,S2P,4,-1,146.324836573481,168.22675256226893,156.48531884969756,8.314304834427272,2.0158937904383496,6.2984110439889225,3.9,13.3867764991538,4.04923867896286,3.3059983766090526
2022-01-04 16:18:59.634146,2022-01-04 15:56:30,2022-01-04 16:46:30,3000.0,R,R19,S2C,4,-1,146.324836573481,168.22675256226893,156.60277694232417,8.314304834427272,2.0158937904383496,6.2984110439889225,3.9100000000000006,14.046095311969568,4.423929912437221,3.1750266369458204
2022-01-04 16:22:02.125984,2022-01-04 15:50:30,2022-01-04 16:55:00,3870.0,C,C12,S6I,4,-1,131.15389090368964,152.55491077444026,142.20352567722816,9.09896948614077,2.0930199751286827,7.005949511012088,3.85,21.296694215800464,4.979212194824635,4.277121235752139
2022-01-04 16:22:02.125984,2022-01-04 15:50:30,2022-01-04 16:55:00,3870.0,C,C12,S7I,4,-1,131.15389090368964,152.55491077444026,142.20352567722816,9.09896948614077,2.0930199751286827,7.005949511012088,3.7600000000000007,28.955907674848063,8.313373648693641,3.4830513938704266
2022-01-04 16:23:09.032258,2022-01-04 16:00:00,2022-01-04 16:48:00,2880.0,G,G27,S2X,4,-1,136.86132489312416,149.3117021229288,143.52895247291977,14.98269194985005,2.054389862394887,12.928302087455164,3.8200000000000007,17.04330601580777,2.858115490353226,5.963127128113859
2022-01-04 16:47:00.000000,2022-01-04 16:40:30,2022-01-04 16:53:30,780.0,E,E05,S6X,3,1,220.20575103481042,220.87367927876474,220.5003707016522,11.13671859079383,14.964125440484265,3.827406849690435,3.68,2.584906295777948,1.0855268746988898,2.381245785826321
2022-01-04 16:47:00.000000,2022-01-04 16:40:30,2022-01-04 16:53:30,780.0,E,E05,S7X,3,1,220.20575103481042,220.87367927876474,220.5003707016522,11.13671859079383,14.964125440484265,3.827406849690435,3.48,12.748325471396512,4.2542239650510165,2.99662772250018
2022-01-04 16:47:00.000000,2022-01-04 16:40:30,2022-01-04 16:53:30,780.0,E,E05,S8X,3,1,220.20575103481042,220.87367927876474,220.5003707016522,11.13671859079383,14.964125440484265,3.827406849690435,3.4499999999999993,13.412279282535376,5.063911999770273,2.648600387041448
2022-01-04 17:05:07.285714,2022-01-04 16:45:00,2022-01-04 17:22:30,2250.0,G,G15,S2X,3,1,219.5482071056791,222.65139389832092,220.8069874492018,2.0093852098117844,14.859079604353258,12.849694394541475,3.7800000000000007,8.209533654001357,1.5204179593520029,5.399524258119283
2022-01-04 17:31:15.000000,2022-01-04 17:06:30,2022-01-04 17:56:00,2970.0,C,C46,S6I,1,1,269.87109267513046,255.26405533853733,262.56057394706943,2.1224749273717713,14.877410600065975,12.754935672694204,3.900000000000001,18.652438526648904,3.0266035422019173,6.162828486310059
2022-01-04 17:34:45.000000,2022-01-04 17:05:30,2022-01-04 18:04:00,3510.0,C,C34,S6I,4,-1,134.11518414595622,149.29278368760194,142.51623090237047,14.955726224929908,2.127561270066422,12.828164954863485,3.78,16.872263375151846,2.878368959062018,5.861744486241978
2022-01-04 17:39:07.611940,2022-01-04 17:22:30,2022-01-04 17:57:00,2070.0,G,G08,S2X,4,-1,139.927296103791,144.5953159825444,142.54762504792362,14.837379704711049,2.737175105866479,12.10020459884457,3.8800000000000003,12.241286014560599,2.6807846028186466,4.566307192935155
2022-01-04 17:39:43.378378,2022-01-04 17:02:00,2022-01-04 18:16:30,4470.0,C,C19,S6I,3,1,209.6797139227183,231.89668235772382,219.7750959350335,2.0783693616370664,14.998162253714739,12.919792892077673,3.9,12.52808324366169,1.9521338345239834,6.417635421352446
2022-01-04 17:49:15.000000,2022-01-04 17:31:00,2022-01-04 18:07:30,2190.0,R,R03,S2C,3,1,199.59879225490442,209.8675779128476,204.22310738923514,2.0781607971192075,14.888816719198191,12.810655922078983,3.9500000000000006,11.632369561487733,2.8945436107744844,4.018723199812248
2022-01-04 17:49:15.000000,2022-01-04 17:31:00,2022-01-04 18:07:30,2190.0,R,R03,S2P,3,1,199.59879225490442,209.8675779128476,204.22310738923514,2.0781607971192075,14.888816719198191,12.810655922078983,3.850000000000001,13.566371141660861,2.4653141394396534,5.502897551524363
2022-01-04 18:13:17.307692,2022-01-04 17:59:30,2022-01-04 18:35:30,2160.0,R,R20,S2C,4,-1,151.5210926166286,162.73370082033102,156.3326826098283,14.870071611897693,2.822276924621723,12.04779468727597,3.8,12.717760896599499,3.378244434884547,3.764606481778792
2022-01-04 18:13:17.307692,2022-01-04 17:59:30,2022-01-04 18:35:30,2160.0,R,R20,S2P,4,-1,151.5210926166286,162.73370082033102,156.3326826098283,14.870071611897693,2.822276924621723,12.04779468727597,3.8599999999999994,10.435969810766398,2.7174040829136583,3.840418830745529
2022-01-04 18:30:30.000000,2022-01-04 18:30:00,2022-01-04 18:31:00,60.0,R,R13,S2P,4,1,248.28877895699705,247.8722346416076,248.08051406955786,14.649653871043835,14.94877335826816,0.29911948722432413,,,,
2022-01-04 18:30:45.000000,2022-01-04 18:30:30,2022-01-04 18:31:00,30.0,R,R13,S2C,4,1,248.08052860997293,247.8722346416076,247.97638162579028,14.799129561987238,14.94877335826816,0.1496437962809214,,,,
2022-01-04 18:41:15.000000,2022-01-04 18:19:30,2022-01-04 19:03:00,2610.0,C,C11,S6I,4,-1,141.39593468880298,148.97214117748166,145.71256648982182,14.909496645357816,2.0187346503652686,12.890761994992548,3.9,20.36784319661397,2.8767947269121996,7.080047459095471
2022-01-04 18:41:15.000000,2022-01-04 18:19:30,2022-01-04 19:03:00,2610.0,C,C11,S7I,4,-1,141.39593468880298,148.97214117748166,145.71256648982182,14.909496645357816,2.0187346503652686,12.890761994992548,3.9,21.398471721959897,3.833147129613794,5.5824811827966245
2022-01-04 18:44:09.166666,2022-01-04 18:24:30,2022-01-04 19:02:00,2250.0,G,G24,S2X,4,1,235.64142831637872,230.2854517730895,232.60191042073745,2.0995022857161576,14.991967721780249,12.892465436064091,3.89,13.902785922925416,2.5319948419701412,5.490842908711331
2022-01-04 19:15:59.379310,2022-01-04 18:39:30,2022-01-04 19:52:00,4350.0,E,E03,S6X,3,1,210.5523231519518,227.69375110243922,218.15822600569064,2.1000854507168363,14.967390887927264,12.867305437210428,4.08,4.693110205223282,0.7390859813405616,6.349883942746244
2022-01-04 19:15:59.379310,2022-01-04 18:39:30,2022-01-04 19:52:00,4350.0,E,E03,S7X,3,1,210.5523231519518,227.69375110243922,218.15822600569064,2.1000854507168363,14.967390887927264,12.867305437210428,4.019999999999999,19.86983260473676,3.584712926468432,5.542935518775841
2022-01-04 19:15:59.379310,2022-01-04 18:39:30,2022-01-04 19:52:00,4350.0,E,E03,S8X,3,1,210.5523231519518,227.69375110243922,218.15822600569064,2.1000854507168363,14.967390887927264,12.867305437210428,4.06,18.202795326186152,3.4871431117765392,5.219973698444703
2022-01-04 19:18:16.304347,2022-01-04 18:44:00,2022-01-04 19:53:00,4140.0,E,E26,S7X,4,-1,135.3042344918043,152.01962986954373,144.56666940796018,14.969020464353092,2.348712482612458,12.620307981740634,3.950000000000001,24.17056574591071,3.844929282663883,6.286348582506208
2022-01-04 19:18:16.304347,2022-01-04 18:44:00,2022-01-04 19:53:00,4140.0,E,E26,S8X,4,-1,135.3042344918043,152.01962986954373,144.56666940796018,14.969020464353092,2.348712482612458,12.620307981740634,4.01,22.309527683063802,3.6806488045000005,6.061303011520125
2022-01-04 19:18:30.000000,2022-01-04 18:44:00,2022-01-04 19:53:00,4140.0,E,E26,S6X,4,-1,135.3042344918043,152.01962986954373,144.61690193751662,14.969020464353092,2.348712482612458,12.620307981740634,3.9199999999999995,5.515877127211487,0.8559791780891958,6.443938437293057
2022-01-04 19:23:15.000000,2022-01-04 18:49:00,2022-01-04 19:57:30,4110.0,C,C19,S6I,4,-1,244.62778381523117,269.9370427830227,257.6637879455443,14.984255224410546,4.719427340800927,10.26482788360962,3.85,11.509580953711714,2.115700505804468,5.440080447178105
2022-01-04 19:27:00.000000,2022-01-04 19:16:00,2022-01-04 19:38:00,1320.0,E,E25,S6X,1,1,263.63905942685847,257.13563320379825,260.3825358493488,10.156639834306276,14.96629193977565,4.8096521054693735,4.03,3.1884689137899667,0.8671593124838247,3.6769124979551457
2022-01-04 19:27:00.000000,2022-01-04 19:16:00,2022-01-04 19:38:00,1320.0,E,E25,S7X,1,1,263.63905942685847,257.13563320379825,260.3825358493488,10.156639834306276,14.96629193977565,4.8096521054693735,4.28,15.077750275091741,4.926995046088269,3.060232481269196
2022-01-04 19:27:00.000000,2022-01-04 19:16:00,2022-01-04 19:38:00,1320.0,E,E25,S8X,1,1,263.63905942685847,257.13563320379825,260.3825358493488,10.156639834306276,14.96629193977565,4.8096521054693735,4.320000000000001,13.360294553961499,4.405470983324118,3.0326597552302066
2022-01-04 19:37:00.000000,2022-01-04 19:06:30,2022-01-04 20:07:30,3660.0,R,R04,S2P,3,1,194.9111953338309,221.12407883790618,207.25411316429847,2.0631459369802823,11.224510448438128,9.161364511457846,4.119999999999999,15.663183445454715,3.271736978271446,4.787421345138212
2022-01-04 19:37:26.033057,2022-01-04 19:06:30,2022-01-04 20:07:30,3660.0,R,R04,S2C,3,1,194.9111953338309,221.12407883790618,207.43414011167113,2.0631459369802823,11.224510448438128,9.161364511457846,4.13,16.34263156348939,4.035379469106271,4.049837614678862
2022-01-04 19:48:15.000000,2022-01-04 19:29:00,2022-01-04 20:07:30,2310.0,C,C43,S6I,4,-1,139.6181826841292,141.83210490053276,141.10595152329407,14.859356988187384,2.1149312298401783,12.744425758347205,4.0,16.12523481590595,2.736961240450337,5.891656256430113
2022-01-04 19:49:00.000000,2022-01-04 19:37:30,2022-01-04 20:00:30,1380.0,G,G12,S2X,2,1,269.95097744368854,262.4122787117743,266.19604901297475,8.353307231233826,14.971271022837598,6.617963791603772,4.230000000000001,8.008167685656144,2.43275132250507,3.291815160708624
2022-01-04 20:00:40.934579,2022-01-04 19:34:00,2022-01-04 20:28:30,3270.0,G,G01,S2X,4,-1,134.79730192486812,150.83269826281966,143.4279386137073,14.99045932842836,2.2576806472366098,12.73277868119175,4.06,15.20386499836106,2.347801514620214,6.4757880526457
2022-01-04 20:04:15.000000,2022-01-04 20:01:30,2022-01-04 20:07:00,330.0,R,R03,S2C,4,-1,267.4857745169213,269.93241678414665,268.71542741418966,14.940156442225858,13.36856375337682,1.5715926888490372,7.080000000000008,4.385489464758177,2.1800501351400925,2.011646151649792
2022-01-04 20:04:15.000000,2022-01-04 20:01:30,2022-01-04 20:07:00,330.0,R,R03,S2P,4,-1,267.4857745169213,269.93241678414665,268.71542741418966,14.940156442225858,13.36856375337682,1.5715926888490372,7.330000000000008,7.637478295292172,3.542278221546473,2.156092158102091
2022-01-04 20:07:14.268292,2022-01-04 19:46:30,2022-01-04 20:27:30,2460.0,C,C36,S6I,4,1,239.21452845049458,231.89209018215828,235.29144056522807,2.1154238281856936,14.838316370467918,12.722892542282224,4.12,17.53518547090041,2.769870301188196,6.33068828651591
2022-01-04 20:12:17.586207,2022-01-04 19:58:00,2022-01-04 20:27:00,1740.0,R,R21,S3X,4,-1,152.55083428311062,154.72958877366128,153.93417085689788,14.847263323579211,2.0103163241649145,12.836946999414296,4.120000000000001,13.883096217287461,2.2841334861821707,6.078058178855584
2022-01-04 20:12:30.000000,2022-01-04 19:58:00,2022-01-04 20:27:00,1740.0,R,R21,S2C,4,-1,152.55083428311062,154.72958877366128,153.94685981627342,14.847263323579211,2.0103163241649145,12.836946999414296,4.02,16.731946818942333,3.261329170865106,5.130407248804016
2022-01-04 20:12:30.000000,2022-01-04 19:58:00,2022-01-04 20:27:00,1740.0,R,R21,S2P,4,-1,152.55083428311062,154.72958877366128,153.94685981627342,14.847263323579211,2.0103163241649145,12.836946999414296,4.06,15.976929154010314,2.925624196015361,5.4610326151152835
2022-01-04 20:26:00.000000,2022-01-04 20:08:30,2022-01-04 20:43:30,2100.0,R,R14,S2C,5,1,234.73650263914766,224.4256844721074,229.44360833074347,2.0624104478872503,14.904385846547083,12.841975398659832,4.16,18.034473254700135,3.216662934257188,5.606578501786594
2022-01-04 20:26:00.000000,2022-01-04 20:08:30,2022-01-04 20:43:30,2100.0,R,R14,S2P,5,1,234.73650263914766,224.4256844721074,229.44360833074347,2.0624104478872503,14.904385846547083,12.841975398659832,4.18,16.3770438972587,2.99908038336811,5.46068854575565
2022-01-04 20:39:45.000000,2022-01-04 20:08:00,2022-01-04 21:11:30,3810.0,R,R04,S2C,4,-1,221.36771422020723,250.75626051894994,236.48201055480178,11.224366546549362,2.017728968304316,9.206637578245047,4.010000000000001,18.133695583854845,3.1885562043988505,5.687118062663616
2022-01-04 20:39:45.000000,2022-01-04 20:08:00,2022-01-04 21:11:30,3810.0,R,R04,S2P,4,-1,221.36771422020723,250.75626051894994,236.48201055480178,11.224366546549362,2.017728968304316,9.206637578245047,4.010000000000001,16.938873027206874,2.999059611189202,5.648061467004382
2022-01-04 20:59:30.000000,2022-01-04 20:52:30,2022-01-04 21:06:30,840.0,R,R05,S2C,3,1,196.7100051501016,202.96034966926666,199.82443409391107,2.0175009153474104,2.480061353288324,0.4625604379409136,9.990000000000006,0.7612502499487219,0.15682023520071892,4.8542858577808845
2022-01-04 20:59:30.000000,2022-01-04 20:52:30,2022-01-04 21:06:30,840.0,R,R05,S2P,3,1,196.7100051501016,202.96034966926666,199.82443409391107,2.0175009153474104,2.480061353288324,0.4625604379409136,9.990000000000006,0.72720154085343,0.16272713946167328,4.468839944333355
2022-01-04 21:13:25.384615,2022-01-04 21:07:00,2022-01-04 21:20:30,810.0,R,R05,S2C,4,-1,203.18555712575207,209.27035388117392,206.08169255783986,2.479561978464304,2.0273896470609905,0.4521723314033137,9.990000000000002,0.06583866760742955,0.015591453074132714,4.222740965475527
2022-01-04 21:13:25.384615,2022-01-04 21:07:00,2022-01-04 21:20:30,810.0,R,R05,S2P,4,-1,203.18555712575207,209.27035388117392,206.08169255783986,2.479561978464304,2.0273896470609905,0.4521723314033137,9.990000000000002,0.2623819845651929,0.08199072782712215,3.200142156542708
2022-01-04 21:24:00.000000,2022-01-04 20:50:30,2022-01-04 21:57:30,4020.0,E,E03,S6X,4,-1,247.6556304785991,269.13972739648636,258.72832693014834,14.978431779369341,4.414482089227949,10.563949690141392,4.13,4.40222265271931,0.7368825459449064,5.97411714654515
2022-01-04 21:24:08.076923,2022-01-04 21:03:00,2022-01-04 21:43:30,2430.0,G,G25,S2X,5,1,250.73561056400064,240.34717893233113,245.19167963444997,2.4016820371646537,14.88862581064978,12.486943773485127,4.220000000000001,14.893041831616157,2.572102418602793,5.790221152898839
2022-01-04 21:25:15.000000,2022-01-04 20:50:30,2022-01-04 22:00:00,4170.0,E,E03,S7X,4,-1,247.6556304785991,269.86368465544416,259.1158435907643,14.978431779369341,3.892997888254748,11.085433891114594,4.17,20.767003225711687,3.752269244942072,5.534518412745802
2022-01-04 21:25:15.000000,2022-01-04 20:50:30,2022-01-04 22:00:00,4170.0,E,E03,S8X,4,-1,247.6556304785991,269.86368465544416,259.1158435907643,14.978431779369341,3.892997888254748,11.085433891114594,4.22,19.503709435326606,3.4581900309294187,5.639860522669084
2022-01-04 21:39:30.000000,2022-01-04 21:33:30,2022-01-04 21:45:30,720.0,R,R22,S2C,4,-1,148.7798045922008,147.78989646102454,148.32498688489937,14.872049093353818,9.420760236390176,5.451288856963641,4.33,3.2663490730428846,1.0110284202715931,3.23071934235582
2022-01-04 21:42:03.913043,2022-01-04 21:27:00,2022-01-04 21:55:00,1680.0,G,G32,S2X,3,1,215.92867990154295,226.59855579570026,221.6123070934346,2.038291432225091,3.351529308179742,1.313237875954651,6.460000000000001,7.808569922297518,3.9567529764571243,1.9734792565416377
2022-01-04 21:43:34.736842,2022-01-04 21:33:30,2022-01-04 21:58:00,1470.0,R,R22,S2P,4,-1,148.7798045922008,146.25904735723,147.9069299287499,14.872049093353818,3.936766500245532,10.935282593108285,4.26,3.3157998410082072,0.9615145453762979,3.4485176089671503
2022-01-04 21:46:30.000000,2022-01-04 21:27:30,2022-01-04 22:05:30,2280.0,E,E33,S6X,4,-1,142.42232086274075,143.7220209233737,143.40820959378482,14.922671834655024,3.4250506772589007,11.497621157396123,4.3100000000000005,4.830219257867199,0.981900543364126,4.919255102271565
2022-01-04 21:48:32.823529,2022-01-04 21:27:30,2022-01-04 22:10:00,2550.0,E,E33,S7X,4,-1,142.42232086274075,143.61937658300474,143.43224460785478,14.922671834655024,2.0568464402451454,12.865825394409878,4.2700000000000005,23.857602563482622,4.273449220147517,5.582750919562598
2022-01-04 21:48:32.823529,2022-01-04 21:27:30,2022-01-04 22:10:00,2550.0,E,E33,S8X,4,-1,142.42232086274075,143.61937658300474,143.43224460785478,14.922671834655024,2.0568464402451454,12.865825394409878,4.330000000000001,22.26181073180321,3.9098563724260877,5.693766883306159
2022-01-04 22:00:30.000000,2022-01-04 21:48:30,2022-01-04 22:12:30,1440.0,C,C28,S6I,4,-1,132.94472497052791,130.0287560122828,131.58685976117653,14.993349725353943,7.009133650095498,7.984216075258445,4.21,12.83476307793253,2.6358357888955073,4.869333337078132
2022-01-04 22:07:59.250000,2022-01-04 21:56:00,2022-01-04 22:21:00,1500.0,G,G32,S2X,4,-1,226.989966011316,236.80398070768007,231.6974818426829,3.348136564427028,2.190949524601434,1.157187039825594,8.06,4.282562134805785,2.0320533324916923,2.107504791498032
2022-01-04 22:18:00.000000,2022-01-04 22:03:30,2022-01-04 22:32:30,1740.0,E,E02,S6X,2,1,234.1088422855239,229.39172698565602,231.6386235648693,6.774192576131873,14.881343350738808,8.107150774606936,4.380000000000001,4.018605842504174,0.8801129907856993,4.566011278752586
2022-01-04 22:18:00.000000,2022-01-04 22:03:30,2022-01-04 22:32:30,1740.0,E,E02,S7X,2,1,234.1088422855239,229.39172698565602,231.6386235648693,6.774192576131873,14.881343350738808,8.107150774606936,4.39,17.277899100551743,3.903353608035259,4.426424258612973
2022-01-04 22:18:00.000000,2022-01-04 22:03:30,2022-01-04 22:32:30,1740.0,E,E02,S8X,2,1,234.1088422855239,229.39172698565602,231.6386235648693,6.774192576131873,14.881343350738808,8.107150774606936,4.41,15.966825788360461,3.5303830303054067,4.522689365799269
2022-01-04 22:18:00.000000,2022-01-04 22:03:30,2022-01-04 22:32:30,1740.0,R,R15,S2C,5,1,217.2796318889502,213.75094253397162,215.30781863867378,2.331573373671238,14.943786801602522,12.612213427931284,4.33,16.747579640133473,3.2455456837846355,5.160173749458395
2022-01-04 22:18:00.000000,2022-01-04 22:03:30,2022-01-04 22:32:30,1740.0,R,R15,S2P,5,1,217.2796318889502,213.75094253397162,215.30781863867378,2.331573373671238,14.943786801602522,12.612213427931284,4.3,17.28530256573749,2.8189010889506765,6.131929436435766
2022-01-04 22:29:30.000000,2022-01-04 22:11:00,2022-01-04 22:48:00,2220.0,C,C45,S6I,4,1,221.12501891810413,221.6353756319495,221.05037462531206,2.444650380278797,14.88149867076043,12.436848290481635,4.32,14.658523833584855,2.4934208374318265,5.878880778377885
2022-01-04 23:35:09.687500,2022-01-04 23:08:30,2022-01-04 23:59:00,3030.0,G,G31,S2X,5,1,211.951466036704,225.70360563522738,218.4613833418324,2.093987684033594,14.967359450026178,12.873371765992584,4.319999999999999,9.73580859138474,1.6545422616419792,5.8842912732388335
2022-01-04 23:50:15.000000,2022-01-04 23:41:00,2022-01-04 23:59:30,1110.0,R,R08,S2C,5,1,130.0148976278096,138.91569399741172,134.4556892231548,8.673864591621568,9.801046273739304,1.1271816821177367,9.989999999999991,3.591010771164858,1.4191716981339133,2.53035681016379
2022-01-04 23:50:15.000000,2022-01-04 23:41:00,2022-01-04 23:59:30,1110.0,R,R08,S2P,5,1,130.0148976278096,138.91569399741172,134.4556892231548,8.673864591621568,9.801046273739304,1.1271816821177367,9.989999999999991,3.4590398008509764,1.2322380119228997,2.807119864329754
2022-01-04 23:51:00.000000,2022-01-04 23:42:30,2022-01-04 23:59:30,1020.0,G,G06,S2X,5,-1,136.63087566751182,135.36368796510504,136.06305013730938,14.809636143634831,8.244866596020879,6.5647695476139525,4.690000000000002,8.162063850615183,2.1605321950117515,3.777802464346424
2022-01-05 00:01:15.000000,2022-01-05 00:00:00,2022-01-05 00:02:30,150.0,R,R08,S2C,1,1,139.15689559759102,140.36158117589585,139.75940265425186,9.808026041259192,9.823849434128102,0.01582339286890999,10.000000000000009,0.0014177568365400643,0.0004732179500555042,2.9959912475293344
2022-01-05 00:01:15.000000,2022-01-05 00:00:00,2022-01-05 00:02:30,150.0,R,R08,S2P,1,1,139.15689559759102,140.36158117589585,139.75940265425186,9.808026041259192,9.823849434128102,0.01582339286890999,10.000000000000009,0.0006638670766808884,0.00022158938065281895,2.995933626083913
2022-01-05 00:07:25.000000,2022-01-05 00:00:00,2022-01-05 00:15:30,930.0,G,G06,S2X,1,-1,135.31449713943832,133.4869390161849,134.48645979803618,8.055454825675016,2.296372967049492,5.759081858625524,4.2799999999999985,23.086576908497506,5.669679559872701,4.071936811366436
2022-01-05 00:09:00.000000,2022-01-05 00:01:30,2022-01-05 00:16:30,900.0,E,E12,S6X,1,-1,132.2939590302028,130.04163309396165,131.20023335946183,14.982948449043384,10.640422949140339,4.342525499903045,4.3199999999999985,2.7581612593123888,0.8436972887312074,3.269136094368923
2022-01-05 00:09:00.000000,2022-01-05 00:01:30,2022-01-05 00:16:30,900.0,E,E12,S7X,1,-1,132.2939590302028,130.04163309396165,131.20023335946183,14.982948449043384,10.640422949140339,4.342525499903045,4.53,12.640018005831177,4.13789610428482,3.054696804190504
2022-01-05 00:09:00.000000,2022-01-05 00:01:30,2022-01-05 00:16:30,900.0,E,E12,S8X,1,-1,132.2939590302028,130.04163309396165,131.20023335946183,14.982948449043384,10.640422949140339,4.342525499903045,4.610000000000001,11.849672162214834,3.9121569188898393,3.0289358039292145
2022-01-05 00:30:50.625000,2022-01-05 00:03:00,2022-01-05 00:59:00,3360.0,R,R08,S2C,2,-1,140.60219125771295,164.82049364974904,153.23413159631167,9.823189458113431,2.07732079684568,7.745868661267751,4.3100000000000005,20.9581451169792,4.174742896477195,5.020224151926691
2022-01-05 00:30:50.625000,2022-01-05 00:03:00,2022-01-05 00:59:00,3360.0,R,R08,S2P,2,-1,140.60219125771295,164.82049364974904,153.23413159631167,9.823189458113431,2.07732079684568,7.745868661267751,4.34,19.62934914722763,4.013133395575127,4.891277516184961
2022-01-05 00:43:30.000000,2022-01-05 00:22:00,2022-01-05 01:05:00,2580.0,E,E30,S6X,1,1,218.39046157752887,219.37816218491886,218.472733555538,2.144477807107565,14.949206947859464,12.804729140751899,4.340000000000001,5.63471335872384,1.0229025169564325,5.508553616125116
2022-01-05 00:43:30.000000,2022-01-05 00:22:00,2022-01-05 01:05:00,2580.0,E,E30,S7X,1,1,218.39046157752887,219.37816218491886,218.472733555538,2.144477807107565,14.949206947859464,12.804729140751899,4.36,23.208592459350598,4.603095412181017,5.041953377271842
2022-01-05 00:43:30.000000,2022-01-05 00:22:00,2022-01-05 01:05:00,2580.0,E,E30,S8X,1,1,218.39046157752887,219.37816218491886,218.472733555538,2.144477807107565,14.949206947859464,12.804729140751899,4.410000000000001,21.58144773026761,4.2408301476380075,5.088967720692071
2022-01-05 00:44:30.000000,2022-01-05 00:12:00,2022-01-05 01:17:00,3900.0,C,C41,S6I,1,-1,130.1338434947474,150.4876989658326,141.0378219136995,11.506164240388905,2.1757576202472593,9.330406620141646,4.3,18.41737690959365,3.484089220906723,5.286138138793296
2022-01-05 00:55:44.464285,2022-01-05 00:27:30,2022-01-05 01:23:30,3360.0,C,C26,S6I,1,1,211.9860707246198,225.66079978933183,218.11411615521718,2.0749524119579235,14.980408850553044,12.90545643859512,4.33,13.080396853551065,2.329506551800067,5.615093395398919
2022-01-05 00:57:15.000000,2022-01-05 00:47:00,2022-01-05 01:07:30,1230.0,C,C35,S6I,1,1,269.99434175527665,263.58412255264295,266.79782122483607,9.621320255625127,14.903075132754035,5.281754877128908,4.460000000000001,10.705745798284452,3.2240984924041376,3.3205393146353352
2022-01-05 01:01:41.470588,2022-01-05 00:44:00,2022-01-05 01:18:30,2070.0,G,G26,S2X,1,1,220.42979798235862,222.36022240819253,221.08432258059688,2.4230454421714223,14.873845900312865,12.450800458141444,4.27,11.171965796437437,2.1006897585877713,5.318236903267431
2022-01-05 01:38:00.000000,2022-01-05 01:35:00,2022-01-05 01:41:00,360.0,G,G31,S2X,2,-1,267.45411710626115,269.99012403374684,268.7262211801129,14.975920812630894,13.873055504905121,1.1028653077257733,8.539999999999994,4.131845347509428,1.9304379623729475,2.1403668121147232
2022-01-05 01:50:15.000000,2022-01-05 01:31:00,2022-01-05 02:09:30,2310.0,R,R09,S2C,1,1,200.39481494855605,211.7879290898047,205.54158971724914,2.081419898070475,14.921270487950782,12.839850589880307,4.36,16.526662642160993,3.311469720354266,4.990733431919452
2022-01-05 01:50:15.000000,2022-01-05 01:31:00,2022-01-05 02:09:30,2310.0,R,R09,S2P,1,1,200.39481494855605,211.7879290898047,205.54158971724914,2.081419898070475,14.921270487950782,12.839850589880307,4.32,15.318775712881651,2.8147486324081954,5.442324595704829
2022-01-05 01:51:28.235294,2022-01-05 01:38:30,2022-01-05 02:04:00,1530.0,R,R19,S2C,1,1,267.40371470056897,256.07451751912816,261.67715052189544,7.911733287084948,14.992483806864243,7.080750519779295,4.44,10.181771361930235,2.5091431919708067,4.057867799060507
2022-01-05 01:51:28.235294,2022-01-05 01:38:30,2022-01-05 02:04:00,1530.0,R,R19,S2P,1,1,267.40371470056897,256.07451751912816,261.67715052189544,7.911733287084948,14.992483806864243,7.080750519779295,4.470000000000001,9.432198240678343,2.0869994537298417,4.519502017032786
2022-01-05 02:08:37.200000,2022-01-05 01:50:00,2022-01-05 02:28:00,2280.0,R,R01,S2C,2,-1,148.9286091927779,160.47070904804943,155.1262871546904,14.893335449942176,2.36513081259167,12.528204637350505,4.33,11.156012763019003,1.963754156935152,5.680962010249943
2022-01-05 02:09:00.000000,2022-01-05 01:50:00,2022-01-05 02:28:00,2280.0,R,R01,S2P,2,-1,148.9286091927779,160.47070904804943,155.23682510351455,14.893335449942176,2.36513081259167,12.528204637350505,4.340000000000001,10.219847758912481,1.9141636135364284,5.339066988130264
2022-01-05 03:00:30.000000,2022-01-05 02:41:00,2022-01-05 03:20:00,2340.0,C,C24,S6I,1,1,213.75494070273626,226.8259258228175,220.15622495041086,2.260123985364964,4.622303293186912,2.3621793078219477,5.060000000000001,19.05116115515528,7.806713908233304,2.4403560037038234
2022-01-05 03:08:30.000000,2022-01-05 02:58:00,2022-01-05 03:19:00,1260.0,C,C26,S6I,2,-1,262.18060199900646,269.92550256185405,266.0978751094388,14.961150877258348,11.271493271854066,3.689657605404282,4.280000000000001,8.724064300481869,2.6951449611312484,3.2369554982378643
2022-01-05 03:10:30.000000,2022-01-05 02:50:30,2022-01-05 03:30:30,2400.0,C,C32,S6I,2,-1,140.3937308692334,145.09267818328968,143.17789455276179,14.93023061986665,2.2989088631314827,12.631321756735169,4.3500000000000005,17.40105400737731,3.0881963349715598,5.634698095559252
2022-01-05 03:27:02.189781,2022-01-05 02:53:00,2022-01-05 04:03:30,4230.0,E,E04,S6X,2,-1,133.06212228490983,149.38755435228373,141.95280020202958,14.976862213705273,2.0469592105679366,12.929903003137337,4.3999999999999995,5.3289484518508,0.9033942782853648,5.898806954993231
2022-01-05 03:28:15.000000,2022-01-05 02:53:00,2022-01-05 04:03:30,4230.0,E,E04,S7X,2,-1,133.06212228490983,149.38755435228373,142.20438861429625,14.976862213705273,2.0469592105679366,12.929903003137337,4.39,24.798892916717424,4.161117426103404,5.959671496206695
2022-01-05 03:28:15.000000,2022-01-05 02:53:00,2022-01-05 04:03:30,4230.0,E,E04,S8X,2,-1,133.06212228490983,149.38755435228373,142.20438861429625,14.976862213705273,2.0469592105679366,12.929903003137337,4.43,23.064417153307293,3.927305850168805,5.872834465468466
2022-01-05 03:30:30.000000,2022-01-05 03:05:00,2022-01-05 03:56:00,3060.0,E,E15,S7X,1,1,267.03258802087635,251.820749527492,259.38823211763497,3.961067803492456,14.940271847703334,10.979204044210878,4.38,20.669511957111183,3.763736937005391,5.49175255950721
2022-01-05 03:30:30.000000,2022-01-05 03:05:00,2022-01-05 03:56:00,3060.0,E,E15,S8X,1,1,267.03258802087635,251.820749527492,259.38823211763497,3.961067803492456,14.940271847703334,10.979204044210878,4.44,19.508538966237648,3.6066725800373614,5.409013026082772
2022-01-05 03:31:00.000000,2022-01-05 03:09:30,2022-01-05 03:52:30,2580.0,C,C44,S6I,1,1,243.8145404176745,234.6218422567142,239.02530001414863,2.1162304467134287,14.908857547943173,12.792627101229744,4.27,13.137010080334083,2.394939064061903,5.4853212248554
2022-01-05 03:32:30.000000,2022-01-05 03:09:00,2022-01-05 03:56:00,2820.0,E,E15,S6X,1,1,265.828526942016,251.820749527492,258.78886806042715,4.796387825595688,14.940271847703334,10.143884022107645,4.36,4.099383515206265,0.8334517486281217,4.918561298784161
2022-01-05 03:33:11.911764,2022-01-05 03:15:30,2022-01-05 03:50:00,2070.0,G,G27,S2X,1,1,228.9912171361454,225.11714470330838,226.76867064453128,2.471133950975132,14.943437746326083,12.472303795350951,4.3,9.574585575075742,2.0513359878016955,4.6674877406778705
2022-01-05 03:41:30.000000,2022-01-05 03:20:30,2022-01-05 04:02:30,2520.0,C,C24,S6I,2,-1,227.00210337619737,241.8707632464023,234.45163137286002,4.62228173992471,2.0398611380707425,2.5824206018539675,4.729999999999999,18.82974220605059,7.231274430907248,2.603931352068487
2022-01-05 03:43:44.680851,2022-01-05 02:56:00,2022-01-05 04:30:30,5670.0,E,E27,S7X,1,1,208.48120463006225,234.10111371889673,219.95648826560839,2.015665330244916,14.653714743744166,12.63804941349925,4.460000000000001,15.605920725792089,2.965854642760383,5.261862972241732
2022-01-05 03:43:44.680851,2022-01-05 02:56:00,2022-01-05 04:30:30,5670.0,E,E27,S8X,1,1,208.48120463006225,234.10111371889673,219.95648826560839,2.015665330244916,14.653714743744166,12.63804941349925,4.51,14.345353319576988,2.7574234029964604,5.202448526398977
2022-01-05 03:45:28.508287,2022-01-05 02:56:00,2022-01-05 04:30:30,5670.0,E,E27,S6X,1,1,208.48120463006225,234.10111371889673,220.38130640846987,2.015665330244916,14.653714743744166,12.63804941349925,4.5,3.150058705691604,0.8369172028515446,3.76388332676007
2022-01-05 03:47:21.176470,2022-01-05 03:30:30,2022-01-05 04:05:00,2070.0,G,G05,S2X,2,-1,135.09245280524797,132.17353427750317,133.9198467049388,14.913918424488743,2.149206214857204,12.76471220963154,4.31,12.617675059251637,2.076401759995797,6.07670215964235
2022-01-05 04:01:00.000000,2022-01-05 03:55:30,2022-01-05 04:06:30,660.0,R,R09,S2C,2,-1,264.89619039520073,269.78794496719684,267.3667736098114,14.923062128598298,11.933466543488109,2.989595585110189,3.4599999999999995,8.641733963143869,3.859406369279613,2.2391355395821955
2022-01-05 04:01:00.000000,2022-01-05 03:55:30,2022-01-05 04:06:30,660.0,R,R09,S2P,2,-1,264.89619039520073,269.78794496719684,267.3667736098114,14.923062128598298,11.933466543488109,2.989595585110189,3.61,8.265960012384928,3.348883197644438,2.4682736078102394
2022-01-05 04:06:46.551724,2022-01-05 03:52:30,2022-01-05 04:21:30,1740.0,R,R02,S2C,2,-1,151.43058623323745,154.00354952697813,153.00988364416867,14.870259662221557,2.197334473939209,12.672925188282347,4.380000000000001,15.471161690952426,3.491789432256952,4.430725847335099
2022-01-05 04:07:00.000000,2022-01-05 03:52:30,2022-01-05 04:21:30,1740.0,R,R02,S2P,2,-1,151.43058623323745,154.00354952697813,153.02596504393966,14.870259662221557,2.197334473939209,12.672925188282347,4.380000000000001,16.435593470478498,3.4575711570373104,4.753508380305227
2022-01-05 04:21:47.250000,2022-01-05 03:59:30,2022-01-05 04:34:00,2070.0,R,R20,S2C,1,1,236.5330587677674,225.0402834869104,229.00041766387199,2.811688489999842,14.882686544980844,12.070998054981002,4.42,8.808015982473925,3.1404638916399117,2.804686277693353
2022-01-05 04:21:47.250000,2022-01-05 03:59:30,2022-01-05 04:34:00,2070.0,R,R20,S2P,1,1,236.5330587677674,225.0402834869104,229.00041766387199,2.811688489999842,14.882686544980844,12.070998054981002,4.42,9.8365072639246,3.387659196865874,2.9036295247836446
2022-01-05 04:43:10.945946,2022-01-05 04:24:00,2022-01-05 05:01:30,2250.0,C,C12,S6I,1,1,232.02229728912133,226.30698222208784,228.87073220536627,2.555072993207925,14.837289230358436,12.28221623715051,4.470000000000001,11.667550147550807,2.6043556675576798,4.480014113622367
2022-01-05 04:43:10.945946,2022-01-05 04:24:00,2022-01-05 05:01:30,2250.0,C,C12,S7I,1,1,232.02229728912133,226.30698222208784,228.87073220536627,2.555072993207925,14.837289230358436,12.28221623715051,4.52,16.003218583171257,3.033215129532628,5.275991942463081
2022-01-05 04:50:32.812500,2022-01-05 04:33:00,2022-01-05 05:06:30,2010.0,G,G08,S2X,1,1,220.50337782187674,221.1493696718528,220.53177691242527,2.4374940987890845,14.919409467400587,12.481915368611503,4.5200000000000005,11.037184971835858,2.370868727443794,4.655333652207666
2022-01-05 05:20:30.000000,2022-01-05 04:31:00,2022-01-05 06:10:00,5940.0,E,E27,S6X,2,-1,234.27344340293385,266.6133765146722,250.99586597889558,14.653705361747694,2.0350480922107494,12.618657269536945,4.4799999999999995,4.196592120679056,0.6727941356202871,6.2375575209346605
2022-01-05 05:20:30.000000,2022-01-05 04:31:00,2022-01-05 06:10:00,5940.0,E,E27,S7X,2,-1,234.27344340293385,266.6133765146722,250.99586597889558,14.653705361747694,2.0350480922107494,12.618657269536945,4.4399999999999995,17.211929706212874,2.6194772230814722,6.570749901755317
2022-01-05 05:20:30.000000,2022-01-05 04:31:00,2022-01-05 06:10:00,5940.0,E,E27,S8X,2,-1,234.27344340293385,266.6133765146722,250.99586597889558,14.653705361747694,2.0350480922107494,12.618657269536945,4.49,15.745979109023464,2.45048784250966,6.425650776907045
2022-01-05 05:31:00.000000,2022-01-05 05:12:00,2022-01-05 05:50:00,2280.0,C,C20,S6I,2,-1,135.58986310430382,131.98408327086923,134.0623136423261,14.939753900138872,2.172789156263551,12.76696474387532,4.600000000000001,18.04091084854236,3.303449871144403,5.461233423315883
2022-01-05 05:48:22.941176,2022-01-05 05:31:30,2022-01-05 06:07:30,2160.0,G,G15,S2X,2,-1,137.29901270029052,140.14009474402863,139.00034898436041,14.85367525853782,2.3105702090105016,12.543105049527318,4.559999999999999,13.83721496427037,2.4711140375246017,5.599585755310416
2022-01-05 05:50:15.517241,2022-01-05 05:36:00,2022-01-05 06:05:00,1740.0,R,R03,S2C,2,-1,146.81608392627663,143.4833686505679,145.3930285185293,14.848286379059099,2.1719375025505916,12.676348876508508,4.5699999999999985,16.356164148583048,3.190331604177812,5.12679124864772
2022-01-05 05:50:30.000000,2022-01-05 05:36:00,2022-01-05 06:05:00,1740.0,R,R03,S2P,2,-1,146.81608392627663,143.4833686505679,145.3619914689716,14.848286379059099,2.1719375025505916,12.676348876508508,4.589999999999999,16.989758715738766,3.377207137982918,5.030712663329892
2022-01-05 05:57:45.000000,2022-01-05 05:39:00,2022-01-05 06:16:30,2250.0,C,C34,S6I,1,1,223.03778172632488,222.04431724178448,222.22387583720786,2.199895233642099,14.939417358187036,12.739522124544937,4.7,13.514896246482934,2.6545714303499195,5.091178218813811
2022-01-05 06:14:30.000000,2022-01-05 05:53:00,2022-01-05 06:36:00,2580.0,E,E09,S6X,2,-1,139.3013922572342,139.27499032649294,139.6810516045457,14.9004107179883,2.0779817416653894,12.822428976322911,4.659999999999999,5.311439883010831,0.8103114265595964,6.5548130125253605
2022-01-05 06:14:30.000000,2022-01-05 05:53:00,2022-01-05 06:36:00,2580.0,E,E09,S7X,2,-1,139.3013922572342,139.27499032649294,139.6810516045457,14.9004107179883,2.0779817416653894,12.822428976322911,4.630000000000001,30.867679767196176,4.718244668880133,6.542195653987262
2022-01-05 06:14:30.000000,2022-01-05 05:53:00,2022-01-05 06:36:00,2580.0,E,E09,S8X,2,-1,139.3013922572342,139.27499032649294,139.6810516045457,14.9004107179883,2.0779817416653894,12.822428976322911,4.690000000000001,29.07125568592108,4.497540268854055,6.463812205805609
2022-01-05 06:22:30.000000,2022-01-05 06:08:00,2022-01-05 06:37:00,1740.0,R,R21,S2C,1,1,215.7067012454515,212.04560642270204,213.66653785226165,2.115760812502342,14.85054572023816,12.734784907735817,4.699999999999999,17.876010619418476,3.4565870422997893,5.171578322970549
2022-01-05 06:22:30.000000,2022-01-05 06:08:00,2022-01-05 06:37:00,1740.0,R,R21,S2P,1,1,215.7067012454515,212.04560642270204,213.66653785226165,2.115760812502342,14.85054572023816,12.734784907735817,4.64,15.574900745945657,3.227680992400563,4.825415145615721
2022-01-05 06:23:06.964285,2022-01-05 06:08:00,2022-01-05 06:37:00,1740.0,R,R21,S3X,1,1,215.7067012454515,212.04560642270204,213.58342436298855,2.115760812502342,14.85054572023816,12.734784907735817,4.72,10.08185719169292,2.0068386379232974,5.02375078951328
2022-01-05 06:37:30.000000,2022-01-05 06:22:30,2022-01-05 06:52:30,1800.0,E,E13,S6X,1,1,229.95753279069152,225.69654268744844,227.69070525781834,6.224456755062704,14.94383554038413,8.719378785321426,4.65,3.929605351694855,0.7907468170769286,4.969486145035674
2022-01-05 06:37:30.000000,2022-01-05 06:22:30,2022-01-05 06:52:30,1800.0,E,E13,S7X,1,1,229.95753279069152,225.69654268744844,227.69070525781834,6.224456755062704,14.94383554038413,8.719378785321426,4.6999999999999975,15.971489428701325,3.35077388289353,4.766507674611959
2022-01-05 06:37:30.000000,2022-01-05 06:22:30,2022-01-05 06:52:30,1800.0,E,E13,S8X,1,1,229.95753279069152,225.69654268744844,227.69070525781834,6.224456755062704,14.94383554038413,8.719378785321426,4.78,15.331396779267328,3.2667363243943073,4.6931846518435965
2022-01-05 06:56:27.391304,2022-01-05 06:38:00,2022-01-05 07:13:30,2130.0,C,C11,S6I,1,1,217.0976466017548,218.5296100703524,217.50155857229095,2.7290543525249555,14.916400843819476,12.18734649129452,4.8100000000000005,10.660327149742367,2.5183051851827813,4.23313552799941
2022-01-05 06:56:27.391304,2022-01-05 06:38:00,2022-01-05 07:13:30,2130.0,C,C11,S7I,1,1,217.0976466017548,218.5296100703524,217.50155857229095,2.7290543525249555,14.916400843819476,12.18734649129452,4.7799999999999985,15.504349124592153,3.872400561547555,4.003808200667144
2022-01-05 07:09:43.750000,2022-01-05 06:51:30,2022-01-05 07:27:30,2160.0,G,G01,S2X,1,1,232.00096125901547,226.47571240149074,228.98337946598363,2.1569938942330764,14.82597507751364,12.668981183280563,4.830000000000001,12.239036655340897,2.4010915992344444,5.097280195075918
2022-01-05 07:23:52.571428,2022-01-05 06:57:30,2022-01-05 07:53:00,3330.0,G,G24,S2X,3,-1,130.14821512699328,147.2151512574718,138.9411527931146,12.89611700866968,2.089823079121381,10.8062939295483,4.740000000000001,16.859423092580894,2.849145336239818,5.917361560372786
2022-01-05 07:34:45.000000,2022-01-05 07:22:00,2022-01-05 07:47:30,1530.0,R,R04,S2C,2,-1,137.3445875355027,130.0986792035663,133.8012054326854,14.912815898128628,5.245044273509889,9.667771624618737,4.76,17.325733288835373,3.8002696915855396,4.559079932457839
2022-01-05 07:34:45.000000,2022-01-05 07:22:00,2022-01-05 07:47:30,1530.0,R,R04,S2P,2,-1,137.3445875355027,130.0986792035663,133.8012054326854,14.912815898128628,5.245044273509889,9.667771624618737,4.800000000000001,16.741136511152288,3.4465911487612892,4.857302705361232
2022-01-05 07:39:00.000000,2022-01-05 07:38:30,2022-01-05 07:39:30,60.0,C,C46,S6I,2,1,130.45651104001647,130.81542861464595,130.6359888763197,6.662539856096451,6.6641567083347,0.0016168522382491446,,,,
2022-01-05 07:51:15.000000,2022-01-05 07:41:30,2022-01-05 08:01:00,1170.0,R,R14,S2C,2,1,130.07759183231585,139.4088748274579,134.7378862752306,8.906573513585704,9.85966945425671,0.9530959406710071,8.860000000000007,3.5911430882767403,1.524415589710198,2.355750697196321
2022-01-05 07:51:15.000000,2022-01-05 07:41:30,2022-01-05 08:01:00,1170.0,R,R14,S2P,2,1,130.07759183231585,139.4088748274579,134.7378862752306,8.906573513585704,9.85966945425671,0.9530959406710071,8.880000000000006,3.4865354034828613,1.4778163432719345,2.35924810234779
2022-01-05 08:03:15.000000,2022-01-05 07:49:30,2022-01-05 08:12:30,1380.0,R,R22,S2P,1,1,205.92232499499988,207.46084515629508,206.6497605832044,4.575500648369956,14.841518874144192,10.266018225774236,9.99,2.2169697595234092,0.8612648121432738,2.574086074649257
2022-01-05 08:06:15.000000,2022-01-05 07:44:00,2022-01-05 08:28:30,2670.0,C,C43,S6I,1,1,213.26901895532765,220.95265655107775,216.57770758576933,2.1516038216948727,14.934260900455213,12.78265707876034,4.720000000000001,12.809261982161706,2.1922180208590434,5.843060252347649
2022-01-05 08:06:48.333333,2022-01-05 07:40:00,2022-01-05 08:34:00,3240.0,C,C46,S6I,3,-1,130.9947117939205,148.78422635027147,140.15208954261664,6.663781227831287,2.0390179616649484,4.6247632661663385,4.7,25.359129669243185,8.236263332750326,3.078960524295796
2022-01-05 08:08:07.840909,2022-01-05 07:45:30,2022-01-05 08:30:00,2670.0,G,G03,S2X,1,1,266.2216111044751,252.31788185963376,259.1384838694876,2.089811245964045,14.987829394783649,12.898018148819604,4.74,13.72674979633702,2.824017259894149,4.860717386993425
2022-01-05 08:29:16.071428,2022-01-05 08:01:30,2022-01-05 08:58:00,3390.0,R,R14,S2C,3,-1,139.64788189213908,163.90472980211302,152.17370583568507,9.859468175958286,2.1236802611548184,7.735787914803467,4.710000000000001,21.918378122609884,5.723945988211328,3.8292426531891754
2022-01-05 08:29:45.000000,2022-01-05 08:01:30,2022-01-05 08:58:00,3390.0,R,R14,S2P,3,-1,139.64788189213908,163.90472980211302,152.37194319569429,9.859468175958286,2.1236802611548184,7.735787914803467,4.7,21.7273798497214,5.455871134891631,3.982385088014541
2022-01-05 08:53:18.571428,2022-01-05 08:47:30,2022-01-05 09:14:30,1620.0,E,E24,S6X,2,1,134.22131455712028,142.5876321516933,136.0273948818371,2.0227179070871233,2.6866260605368293,0.663908153449706,10.0,0.985849984475555,0.3056950718118292,3.2249456251698936
2022-01-05 08:57:39.166666,2022-01-05 08:47:30,2022-01-05 09:10:00,1350.0,E,E24,S7X,2,1,134.22131455712028,141.2069396928612,137.3784660934261,2.0227179070871233,2.7139724252689845,0.6912545181818612,9.99,0.9540959841618717,0.3430579832631929,2.781150798726326
2022-01-05 08:58:05.526315,2022-01-05 08:47:30,2022-01-05 09:10:00,1350.0,E,E24,S8X,2,1,134.22131455712028,141.2069396928612,137.51502439750516,2.0227179070871233,2.7139724252689845,0.6912545181818612,9.989999999999998,1.295139572182575,0.4309224418147615,3.0055050433862296
2022-01-05 09:12:27.500000,2022-01-05 08:40:00,2022-01-05 09:42:30,3750.0,G,G17,S2X,1,1,209.29096813399596,233.24650936820154,221.11737410960328,2.062625198453719,9.531708088264024,7.469082889810305,4.8199999999999985,10.69679404576404,2.5315792433842597,4.2253443472953975
2022-01-05 09:17:15.000000,2022-01-05 08:57:00,2022-01-05 09:37:30,2430.0,C,C14,S6I,1,1,269.9732490785736,257.5901956279094,263.7909957870353,4.592573504600223,14.960864722884503,10.36829121828428,4.780000000000001,12.885630434048217,2.4431309346972827,5.274228348160479
2022-01-05 09:17:15.000000,2022-01-05 08:57:00,2022-01-05 09:37:30,2430.0,C,C14,S7I,1,1,269.9732490785736,257.5901956279094,263.7909957870353,4.592573504600223,14.960864722884503,10.36829121828428,4.8999999999999995,16.106168827204538,3.783226488789807,4.257257363504198
2022-01-05 09:21:27.857142,2022-01-05 09:10:30,2022-01-05 09:32:30,1320.0,E,E24,S8X,3,-1,141.36080851846026,147.979947592663,144.68643748603355,2.7137029515722033,2.0160762861812365,0.6976266653909668,9.990000000000002,8.076565112298084,2.163688721376848,3.732775899094496
2022-01-05 09:22:06.000000,2022-01-05 09:15:00,2022-01-05 09:32:30,1050.0,E,E24,S6X,3,-1,142.74042175272012,147.979947592663,144.882834758288,2.6801218455226143,2.0160762861812365,0.6640455593413779,10.000000000000002,1.077670565837692,0.2965651612648845,3.6338407425919588
2022-01-05 09:22:12.972973,2022-01-05 09:10:30,2022-01-05 09:32:30,1320.0,E,E24,S7X,3,-1,141.36080851846026,147.979947592663,144.9131111264381,2.7137029515722033,2.0160762861812365,0.6976266653909668,9.989999999999998,8.189057751877431,2.228005753434784,3.675510145901934
2022-01-05 09:30:45.000000,2022-01-05 09:28:30,2022-01-05 09:33:00,270.0,E,E26,S6X,1,1,217.05129675987735,217.60637317914748,217.32398648265539,13.719294341600934,14.990045093999772,1.270750752398838,8.610000000000001,0.4795685109954108,0.22876511531097807,2.0963358436162625
2022-01-05 09:30:45.000000,2022-01-05 09:28:30,2022-01-05 09:33:00,270.0,E,E26,S7X,1,1,217.05129675987735,217.60637317914748,217.32398648265539,13.719294341600934,14.990045093999772,1.270750752398838,9.28000000000001,8.688655939942949,3.83980007010879,2.2627886299550957
2022-01-05 09:30:45.000000,2022-01-05 09:28:30,2022-01-05 09:33:00,270.0,E,E26,S8X,1,1,217.05129675987735,217.60637317914748,217.32398648265539,13.719294341600934,14.990045093999772,1.270750752398838,8.670000000000007,6.382510938701237,3.2136854652603017,1.986040951330085
2022-01-05 09:53:45.000000,2022-01-05 09:51:30,2022-01-05 09:56:00,270.0,G,G25,S2X,3,1,130.03721023947614,131.76903950166044,130.9036957632745,5.017085262685138,5.05493743436353,0.0378521716783915,9.999999999999922,0.0017695648669398254,0.0005895736116729529,3.0014315971818544
2022-01-05 10:10:45.000000,2022-01-05 09:49:30,2022-01-05 10:32:00,2550.0,R,R08,S2C,3,1,265.433495696173,247.79411912751164,256.6538100203833,2.5961239759331955,14.867022884297862,12.270898908364666,4.579999999999999,16.814180752153867,3.2436773658482836,5.183678540037732
2022-01-05 10:10:45.000000,2022-01-05 09:49:30,2022-01-05 10:32:00,2550.0,R,R08,S2P,3,1,265.433495696173,247.79411912751164,256.6538100203833,2.5961239759331955,14.867022884297862,12.270898908364666,4.6,17.25574317624854,3.4173274832640073,5.04948479791787
2022-01-05 10:13:14.250000,2022-01-05 09:43:00,2022-01-05 10:49:00,3960.0,G,G17,S2X,2,-1,233.460395421481,260.723726216033,246.23814085692936,9.531119523126387,2.072328173336041,7.458791349790346,4.819999999999999,10.656426699762577,2.8648209617305476,3.7197531162035924
2022-01-05 10:14:10.869565,2022-01-05 09:56:30,2022-01-05 10:37:30,2460.0,G,G25,S2X,4,-1,131.96094934148098,146.88795470232998,138.56674890869817,5.054916040442238,2.1577021500450324,2.897213890397206,6.13,13.018215844334003,6.5351650530536896,1.992025563034705
2022-01-05 10:18:30.000000,2022-01-05 09:59:30,2022-01-05 10:37:30,2280.0,R,R15,S2C,4,-1,149.32406713904996,160.41477141304034,155.41474253019774,14.9875669108305,2.0552519574259787,12.932314953404521,4.74,16.786835392271765,3.469395183303976,4.838548076925996
2022-01-05 10:18:30.000000,2022-01-05 09:59:30,2022-01-05 10:37:30,2280.0,R,R15,S2P,4,-1,149.32406713904996,160.41477141304034,155.41474253019774,14.9875669108305,2.0552519574259787,12.932314953404521,4.760000000000001,16.776392943435468,3.2238240509731013,5.2038798266212964
2022-01-05 10:22:30.000000,2022-01-05 09:59:00,2022-01-05 10:46:00,2820.0,C,C36,S6I,3,-1,137.42115901128344,146.67334049423937,142.62780391614254,14.980307000283867,2.2673952505327297,12.712911749751138,4.760000000000001,16.602984572072504,2.859824602647047,5.805595404943653
2022-01-05 10:32:52.913385,2022-01-05 10:00:00,2022-01-05 11:04:30,3870.0,C,C28,S6I,1,1,209.54528118139766,230.69259254614457,219.7735506502061,2.085679177398571,8.715436554020528,6.629757376621956,4.47,11.225618880021273,3.064673510953413,3.6629085740780942
2022-01-05 10:42:28.314606,2022-01-05 10:20:00,2022-01-05 11:04:30,2670.0,C,C33,S6I,1,1,252.83270986241223,241.2348330692472,246.84950220836873,2.574065602500291,14.902424234920947,12.328358632420656,4.500000000000001,14.073669514392554,2.784701378081012,5.053924138929028
2022-01-05 11:07:54.578313,2022-01-05 10:46:00,2022-01-05 11:28:30,2550.0,G,G06,S2X,2,1,210.5146429231295,220.72322084475823,215.2086371361337,2.1838306846091182,14.88734056446501,12.703509879855892,4.5299999999999985,11.190802807658804,2.578575227040422,4.339917133425317
2022-01-05 11:35:00.000000,2022-01-05 11:04:00,2022-01-05 12:06:00,3720.0,R,R24,S2P,2,1,195.05060241578397,221.64531341843255,207.54356946236976,2.0552257431936587,11.53614583070104,9.480920087507382,4.430000000000001,11.106372469718439,2.464866151717792,4.505872443409671
2022-01-05 11:35:42.786885,2022-01-05 11:04:00,2022-01-05 12:06:00,3720.0,R,R24,S2C,2,1,195.05060241578397,221.64531341843255,207.83453364367261,2.0552257431936587,11.53614583070104,9.480920087507382,4.420000000000001,10.042871576999048,2.556878266950428,3.9277863583928516
2022-01-05 11:38:30.000000,2022-01-05 11:05:00,2022-01-05 12:12:00,4020.0,C,C28,S6I,2,-1,230.87663234597184,255.11994673048088,243.1697400540229,8.714918543968071,2.0784602940245644,6.636458249943507,4.500000000000001,13.732702355585785,3.6662339655408642,3.745724491306396
2022-01-05 11:55:30.000000,2022-01-05 11:17:00,2022-01-05 12:34:00,4620.0,E,E33,S6X,1,1,209.1689636525293,231.63380141881098,219.51564921929952,5.109863483000991,13.95144040224976,8.84157691924877,4.1899999999999995,2.898152326762353,0.7584696748691172,3.821052341034548
2022-01-05 11:55:30.000000,2022-01-05 11:17:00,2022-01-05 12:34:00,4620.0,E,E33,S7X,1,1,209.1689636525293,231.63380141881098,219.51564921929952,5.109863483000991,13.95144040224976,8.84157691924877,4.259999999999999,12.169948616363913,2.7264038003436037,4.4637366683651765
2022-01-05 11:55:30.000000,2022-01-05 11:17:00,2022-01-05 12:34:00,4620.0,E,E33,S8X,1,1,209.1689636525293,231.63380141881098,219.51564921929952,5.109863483000991,13.95144040224976,8.84157691924877,4.3100000000000005,10.991111139641344,2.5502730656336263,4.309778151897846
2022-01-05 11:58:17.454545,2022-01-05 11:31:00,2022-01-05 12:27:00,3360.0,E,E25,S6X,3,-1,139.12618672877238,149.63984684742405,144.97440192982765,14.941492593963131,2.036104729534546,12.905387864428585,4.6,5.471287861012025,0.8647069040627303,6.327332227030662
2022-01-05 11:58:33.243243,2022-01-05 11:31:00,2022-01-05 12:27:00,3360.0,E,E25,S7X,3,-1,139.12618672877238,149.63984684742405,145.01705322394602,14.941492593963131,2.036104729534546,12.905387864428585,4.540000000000001,20.641424341727017,4.298671681064143,4.801814577431789
2022-01-05 11:58:33.243243,2022-01-05 11:31:00,2022-01-05 12:27:00,3360.0,E,E25,S8X,3,-1,139.12618672877238,149.63984684742405,145.01705322394602,14.941492593963131,2.036104729534546,12.905387864428585,4.61,20.291858177624245,4.3228375835901645,4.69410607852901
2022-01-05 12:10:28.309859,2022-01-05 11:52:30,2022-01-05 12:28:00,2130.0,R,R01,S2P,3,1,236.49956757464338,225.5681269011354,230.83651884801114,2.10067555983749,14.840976902629155,12.740301342791664,4.28,9.79496055114806,1.9277529978699322,5.08102467586407
2022-01-05 12:10:41.571428,2022-01-05 11:52:30,2022-01-05 12:28:00,2130.0,R,R01,S2C,3,1,236.49956757464338,225.5681269011354,230.76729772604244,2.10067555983749,14.840976902629155,12.740301342791664,4.28,9.30392220214596,1.789177574380665,5.200111121092366
2022-01-05 12:15:51.363636,2022-01-05 11:59:30,2022-01-05 12:33:30,2040.0,G,G31,S2X,4,-1,133.66131060737925,130.07427346449686,132.16991386578383,14.899224391860898,2.2717951141473063,12.627429277713592,4.49,11.923896805639968,2.1531540656728185,5.53787441211922
2022-01-05 12:38:17.343750,2022-01-05 12:06:30,2022-01-05 13:11:00,3870.0,R,R24,S2C,3,-1,221.88963846715035,251.76734326818018,237.06113811614392,11.536103720257856,2.056973176024592,9.479130544233264,4.390000000000001,14.523177831513324,3.361786926764479,4.3200768364850015
2022-01-05 12:38:45.000000,2022-01-05 12:06:30,2022-01-05 13:11:00,3870.0,R,R24,S2P,3,-1,221.88963846715035,251.76734326818018,237.27026346051312,11.536103720257856,2.056973176024592,9.479130544233264,4.36,14.591237799198797,3.271788386058069,4.459713183583575
2022-01-05 12:41:30.000000,2022-01-05 12:22:30,2022-01-05 13:00:30,2280.0,C,C45,S6I,4,-1,137.54084455092845,136.87579885215993,137.53687672775476,14.976397357885844,2.123304839359288,12.853092518526555,4.420000000000001,20.09709740861622,3.449045384267696,5.8268579185087335
2022-01-05 12:55:15.000000,2022-01-05 12:46:00,2022-01-05 13:04:30,1110.0,R,R17,S2C,3,1,193.75210844774173,202.0340281535717,197.8700614043581,2.028844890677006,2.87990363570821,0.8510587450312044,9.99,0.9016453534793017,0.24913872552731167,3.619049393348765
2022-01-05 12:55:30.000000,2022-01-05 12:46:00,2022-01-05 13:05:00,1140.0,R,R17,S2P,3,1,193.75210844774173,202.26094325766826,197.98264704324987,2.028844890677006,2.8802545523236116,0.8514096616466058,9.999999999999998,1.4592443855467732,0.4540251832851272,3.214016401002959
2022-01-05 12:57:36.940298,2022-01-05 12:22:00,2022-01-05 13:31:00,4140.0,G,G11,S2X,2,1,210.71870614341526,235.74185711776954,222.84263438508478,2.2137896383177464,10.859361725638793,8.645572087321046,4.150000000000001,11.240062726771942,2.6012127593213354,4.321085496176218
2022-01-05 13:09:44.210526,2022-01-05 12:50:00,2022-01-05 13:28:30,2310.0,C,C41,S6I,2,1,228.77504834821752,224.89098634684404,226.5005911504808,2.011724775585672,14.913947975630105,12.902223200044432,4.180000000000001,14.269106675109642,2.6024083692683435,5.4830390355382015
2022-01-05 13:15:16.285714,2022-01-05 13:05:30,2022-01-05 13:24:00,1110.0,R,R17,S2P,4,-1,202.48792939914884,210.8740929966198,206.92451939808748,2.8794116322742753,2.0227516421207117,0.8566599901535636,9.999999999999993,5.581389335415988,1.7259002167121307,3.233900361892665
2022-01-05 13:16:06.774193,2022-01-05 13:06:00,2022-01-05 13:24:00,1080.0,R,R17,S2C,4,-1,202.71497955939506,210.8740929966198,207.30650132750318,2.8773756164350743,2.0227516421207117,0.8546239743143627,9.999999999999996,6.854907682699762,2.0201016940006853,3.3933478215762722
2022-01-05 13:21:16.755319,2022-01-05 12:34:30,2022-01-05 14:08:30,5640.0,E,E33,S7X,2,-1,231.80701255483507,262.7427362166095,247.70848285027523,13.951024352325392,2.0482865091328355,11.902737843192558,4.31,20.735614930093263,3.600151724933914,5.759650290981527
2022-01-05 13:21:16.755319,2022-01-05 12:34:30,2022-01-05 14:08:30,5640.0,E,E33,S8X,2,-1,231.80701255483507,262.7427362166095,247.70848285027523,13.951024352325392,2.0482865091328355,11.902737843192558,4.37,19.411115482759396,3.4789571769368512,5.579578734524831
2022-01-05 13:21:30.000000,2022-01-05 12:34:30,2022-01-05 14:08:30,5640.0,E,E33,S6X,2,-1,231.80701255483507,262.7427362166095,247.77973487313065,13.951024352325392,2.0482865091328355,11.902737843192558,4.31,5.056384740916354,0.9293505873200864,5.440772093873802
2022-01-05 13:44:51.000000,2022-01-05 13:27:30,2022-01-05 14:04:00,2190.0,G,G26,S2X,4,-1,138.04897877895564,142.11493346402673,140.3827757489474,14.868073145793934,2.06296094865073,12.805112197143204,4.130000000000001,15.567191920211146,2.8423744236216075,5.476826624543092
2022-01-05 13:49:32.033898,2022-01-05 13:35:00,2022-01-05 14:04:30,1770.0,R,R09,S2P,4,-1,145.51829542939657,142.060729465654,144.03163223595942,14.92845057767442,2.178396181608938,12.750054396065483,4.140000000000001,18.26888624365224,3.1450862980525436,5.8087074605757065
2022-01-05 13:49:45.000000,2022-01-05 13:35:00,2022-01-05 14:04:30,1770.0,R,R09,S2C,4,-1,145.51829542939657,142.060729465654,144.00401226128022,14.92845057767442,2.178396181608938,12.750054396065483,4.170000000000001,21.25887782711577,3.753241377055243,5.664138191878105
2022-01-05 14:07:54.863013,2022-01-05 13:31:30,2022-01-05 14:46:00,4470.0,G,G11,S2X,3,-1,235.94952396220862,265.86525380850696,250.8969283889407,10.859294804246465,2.0398628844507876,8.819431919795678,4.050000000000001,15.729177857362016,3.0359420210370436,5.180987564442718
2022-01-05 14:18:15.000000,2022-01-05 14:04:00,2022-01-05 14:32:30,1710.0,R,R02,S2C,3,1,216.81650298917197,213.29774161360103,214.85581174252007,2.3927656868697786,14.867903001450731,12.475137314580952,4.090000000000001,15.778578018263094,3.61137209396911,4.369136607278125
2022-01-05 14:18:15.000000,2022-01-05 14:04:00,2022-01-05 14:32:30,1710.0,R,R02,S2P,3,1,216.81650298917197,213.29774161360103,214.85581174252007,2.3927656868697786,14.867903001450731,12.475137314580952,4.04,15.50168069412649,3.362410407893295,4.610288100981405
2022-01-05 14:26:01.111111,2022-01-05 14:06:00,2022-01-05 14:47:30,2490.0,E,E02,S6X,4,-1,139.68273036435275,138.87135556581242,139.66253475672497,14.952449845011893,2.4114417828811834,12.54100806213071,4.0600000000000005,5.96986300733623,0.9196601955121757,6.491379138151678
2022-01-05 14:27:00.352941,2022-01-05 14:06:00,2022-01-05 14:48:30,2550.0,E,E02,S7X,4,-1,139.68273036435275,138.80067813152903,139.6268828997334,14.952449845011893,2.1144622922019973,12.837987552809896,4.04,27.884748732433994,4.282783962609424,6.510893142376556
2022-01-05 14:27:00.352941,2022-01-05 14:06:00,2022-01-05 14:48:30,2550.0,E,E02,S8X,4,-1,139.68273036435275,138.80067813152903,139.6268828997334,14.952449845011893,2.1144622922019973,12.837987552809896,4.099999999999999,26.111019280565806,3.9612141119074717,6.591670771361657
2022-01-05 14:59:09.204545,2022-01-05 14:35:00,2022-01-05 15:21:00,2760.0,G,G05,S2X,3,1,212.19422714469698,223.28758539058947,217.37919107306624,2.0536221180277243,14.980644509424051,12.927022391396328,3.830000000000001,7.33103551711688,1.6623737363786169,4.40998035320692
2022-01-05 15:07:15.000000,2022-01-05 14:59:00,2022-01-05 15:15:30,990.0,C,C35,S6I,3,1,130.09756327157572,135.9411298023628,133.023699786699,3.278854277419506,3.7020501401639523,0.4231958627444463,10.000000000000005,0.8769158314824769,0.21414914427074083,4.094883659090529
2022-01-05 15:27:00.000000,2022-01-05 15:07:00,2022-01-05 15:47:00,2400.0,C,C32,S6I,3,1,215.20899613308202,219.55435142409448,216.94945037631834,2.1222334234561444,14.87423061765037,12.751997194194226,3.810000000000001,15.671319099054395,3.1109093557869816,5.037536394270783
2022-01-05 15:31:37.142857,2022-01-05 15:16:00,2022-01-05 15:48:30,1950.0,C,C35,S6I,4,-1,136.11700417855818,147.12756750694024,141.492946944907,3.7018673896066026,2.0181810242335083,1.6836863653730942,5.130000000000001,14.377018731418065,6.767560581270109,2.124401925740847
2022-01-05 15:51:00.000000,2022-01-05 15:41:30,2022-01-05 16:00:30,1140.0,R,R20,S2C,3,1,134.26476127024029,143.44667826531153,138.8489873520097,8.758334695182324,9.700786188923395,0.9424514937410713,9.98999999999999,0.6159450293379485,0.13213968136065607,4.661317652619549
2022-01-05 15:51:00.000000,2022-01-05 15:41:30,2022-01-05 16:00:30,1140.0,R,R20,S2P,3,1,134.26476127024029,143.44667826531153,138.8489873520097,8.758334695182324,9.700786188923395,0.9424514937410713,9.98999999999999,1.3204401057784536,0.39370754169796973,3.35386033014176
2022-01-05 16:01:30.000000,2022-01-05 15:47:00,2022-01-05 16:16:00,1740.0,R,R03,S2C,3,1,206.50247058423352,208.8372449146018,207.36473395991354,2.08513590393343,14.811441960206672,12.726306056273241,3.8399999999999994,15.23048778570445,3.0751669536299793,4.9527352548212455
2022-01-05 16:01:30.000000,2022-01-05 15:47:00,2022-01-05 16:16:00,1740.0,R,R03,S2P,3,1,206.50247058423352,208.8372449146018,207.36473395991354,2.08513590393343,14.811441960206672,12.726306056273241,3.8199999999999994,14.981040051526296,2.799887296902003,5.350586814012978
2022-01-05 16:19:32.842105,2022-01-05 15:56:00,2022-01-05 16:44:00,2880.0,G,G27,S2X,4,-1,136.89703672912867,149.33150684272962,143.65425082396362,14.96002060349816,2.0213407374794006,12.93867986601876,3.86,18.55654014283193,2.8263801430257427,6.565479236266669
2022-01-05 16:22:54.578313,2022-01-05 16:01:00,2022-01-05 16:53:00,3120.0,R,R20,S2C,4,-1,143.68830391593673,166.58064357319623,153.82443122053837,9.700623972230035,2.866853880684556,6.83377009154548,3.7700000000000005,14.551604002054857,4.944556356773759,2.9429544234276936
2022-01-05 16:22:54.578313,2022-01-05 16:01:00,2022-01-05 16:53:00,3120.0,R,R20,S2P,4,-1,143.68830391593673,166.58064357319623,153.82443122053837,9.700623972230035,2.866853880684556,6.83377009154548,3.7500000000000004,14.492637245590439,4.850155738107696,2.9880766779758683
2022-01-05 17:00:54.507042,2022-01-05 16:41:00,2022-01-05 17:18:30,2250.0,G,G15,S2X,3,1,219.54288288599827,222.6536867116958,220.7897726228242,2.023178264380605,14.871731579602654,12.848553315222048,3.89,8.63890226228325,1.8324263842186297,4.714460748155505
2022-01-05 17:28:13.723404,2022-01-05 17:04:30,2022-01-05 17:51:30,2820.0,E,E04,S7X,3,1,215.50030220390792,220.0067642085791,217.2574285096691,2.014349963903097,14.99963638370409,12.985286419800993,3.9,22.446063728887843,4.01656889139773,5.588367667976637
2022-01-05 17:28:13.723404,2022-01-05 17:04:30,2022-01-05 17:51:30,2820.0,E,E04,S8X,3,1,215.50030220390792,220.0067642085791,217.2574285096691,2.014349963903097,14.99963638370409,12.985286419800993,3.96,20.19947551773421,3.6784688148939186,5.491272737163801
2022-01-05 17:29:33.409091,2022-01-05 17:04:30,2022-01-05 17:51:30,2820.0,E,E04,S6X,3,1,215.50030220390792,220.0067642085791,217.3663055244565,2.014349963903097,14.99963638370409,12.985286419800993,3.84,4.567172181196945,0.8073043948602878,5.65731118308521
2022-01-05 17:34:52.500000,2022-01-05 17:18:00,2022-01-05 17:54:00,2160.0,G,G08,S2X,4,-1,139.83555261726693,144.66885530357806,142.51231202974617,14.988371765530145,2.3570346736897396,12.631337091840406,3.8800000000000012,15.771237276046131,2.686746972281894,5.870012114557771
2022-01-05 17:41:30.000000,2022-01-05 17:23:30,2022-01-05 17:59:30,2160.0,R,R04,S2C,3,1,199.42524393615642,209.19445393263308,203.80810863822,2.0209601412165292,14.93866680095642,12.917706659739892,3.9699999999999993,14.875973819617677,3.1267185627211997,4.757695175056318
2022-01-05 17:41:30.000000,2022-01-05 17:23:30,2022-01-05 17:59:30,2160.0,R,R04,S2P,3,1,199.42524393615642,209.19445393263308,203.80810863822,2.0209601412165292,14.93866680095642,12.917706659739892,3.92,12.932011371478948,2.235597763052712,5.784587721997122
2022-01-05 17:44:45.000000,2022-01-05 17:22:30,2022-01-05 18:07:00,2670.0,C,C37,S6I,1,1,265.1477070421804,252.3545695646526,258.71767465520304,3.3259471860317387,14.973607774882025,11.647660588850286,3.950000000000001,14.641818376881137,2.428470750367501,6.029233983841637
2022-01-05 17:48:45.283018,2022-01-05 17:22:30,2022-01-05 18:15:30,3180.0,C,C44,S6I,4,-1,136.17773409382164,148.56882630913094,143.02852448214483,14.99466121649326,2.0891556359254597,12.9055055805678,3.8799999999999994,15.522100841286296,2.519817093294335,6.1600109319812395
2022-01-05 18:02:58.867924,2022-01-05 17:22:30,2022-01-05 18:42:30,4800.0,C,C20,S6I,3,1,209.23249889964384,234.86935772448314,221.1509982159582,2.0760730346932847,12.400753376733125,10.32468034203984,3.93,13.048283800337263,2.4333250873141195,5.362326582815875
2022-01-05 18:11:12.613636,2022-01-05 17:49:00,2022-01-05 18:33:00,2640.0,R,R14,S2P,4,1,265.0744778074145,247.1177826403786,256.0433030856336,2.093640891266479,14.885012357700722,12.791371466434242,3.94,17.981192613337406,2.7446602403386837,6.551336427389124
2022-01-05 18:11:25.172413,2022-01-05 17:49:00,2022-01-05 18:33:00,2640.0,R,R14,S2C,4,1,265.0744778074145,247.1177826403786,255.95793085688757,2.093640891266479,14.885012357700722,12.791371466434242,3.93,17.98827967222651,3.092937087292671,5.81592161901105
2022-01-05 18:25:21.857142,2022-01-05 18:08:00,2022-01-05 18:44:00,2160.0,R,R21,S3X,4,-1,151.9251653383774,161.82540656861025,157.21771323231727,14.949456330591728,2.0059860372256613,12.943470293366067,3.96,14.67863985638104,2.5530167050403336,5.749527540263055
2022-01-05 18:25:48.333333,2022-01-05 18:08:00,2022-01-05 18:44:00,2160.0,R,R21,S2C,4,-1,151.9251653383774,161.82540656861025,157.3305899698204,14.949456330591728,2.0059860372256613,12.943470293366067,3.9300000000000006,16.412942484061528,2.9800287296705004,5.5076457218841295
2022-01-05 18:25:48.333333,2022-01-05 18:08:00,2022-01-05 18:44:00,2160.0,R,R21,S2P,4,-1,151.9251653383774,161.82540656861025,157.3305899698204,14.949456330591728,2.0059860372256613,12.943470293366067,3.9600000000000004,15.944189256715205,2.947241559466621,5.409868493982799
2022-01-05 18:39:54.929577,2022-01-05 18:20:30,2022-01-05 18:57:30,2220.0,G,G24,S2X,4,1,235.62345341412356,230.32620903842,232.61732164456004,2.1269139607447487,14.842249675438023,12.715335714693275,4.04,13.162407368923775,2.6407277372532234,4.984386380784098
2022-01-05 18:58:47.625000,2022-01-05 18:39:00,2022-01-05 19:19:00,2400.0,C,C12,S6I,4,-1,141.84240288923752,147.31345361497986,145.00076645366548,14.972832674187748,2.409416146218531,12.563416527969217,4.040000000000001,16.472361557153274,2.9242490447361646,5.633022805223987
2022-01-05 18:58:47.625000,2022-01-05 18:39:00,2022-01-05 19:19:00,2400.0,C,C12,S7I,4,-1,141.84240288923752,147.31345361497986,145.00076645366548,14.972832674187748,2.409416146218531,12.563416527969217,4.02,23.139710799292256,4.0053373135921815,5.777218992459698
2022-01-05 19:25:00.000000,2022-01-05 18:43:00,2022-01-05 20:07:00,5040.0,C,C20,S6I,4,-1,235.0602614398399,265.8236887094281,250.8470401271063,12.400073181697836,2.094439843888437,10.3056333378094,3.97,13.34534728442992,2.537752890372299,5.258726070240867
2022-01-05 19:30:30.000000,2022-01-05 18:59:00,2022-01-05 20:02:00,3780.0,R,R05,S2C,3,1,194.98521441556173,221.98199026419448,207.65140175842785,2.0511766804268907,11.690565873559299,9.63938919313241,3.9900000000000007,17.03495718954743,4.157849105762931,4.097059983715223
2022-01-05 19:30:30.000000,2022-01-05 18:59:00,2022-01-05 20:02:00,3780.0,R,R05,S2P,3,1,194.98521441556173,221.98199026419448,207.65140175842785,2.0511766804268907,11.690565873559299,9.63938919313241,4.0600000000000005,15.159715888924627,3.320172469646876,4.565942289900672
2022-01-05 19:44:45.000000,2022-01-05 19:33:30,2022-01-05 19:56:00,1350.0,G,G12,S2X,2,1,269.9165977697566,262.5425277820009,266.2434123629117,8.400764857158611,14.874569666499394,6.473804809340782,4.1499999999999995,8.94025759418183,2.188181498991996,4.085702030795998
2022-01-05 19:50:00.000000,2022-01-05 19:46:00,2022-01-05 19:54:00,480.0,R,R22,S2C,4,-1,152.93328244280815,154.0831773609202,153.53388294266813,14.969269564637761,11.46980297731898,3.499466587318782,8.879999999999999,2.581943659938255,1.1305869345214166,2.283719704430518
2022-01-05 19:55:42.972973,2022-01-05 19:46:00,2022-01-05 20:11:00,1500.0,R,R22,S2P,4,-1,152.93328244280815,155.52030587645046,154.1888172038655,14.969269564637761,3.96529274169892,11.003976822938842,4.13,2.2328141877878034,0.9016288153378853,2.4764228358773743
2022-01-05 19:57:01.376146,2022-01-05 19:30:00,2022-01-05 20:24:30,3270.0,G,G01,S2X,4,-1,134.83092346644614,150.85106213118013,143.55257167463478,14.978271373304015,2.2319423843907895,12.746328988913225,4.1,14.2377569294688,2.2143932828314035,6.429642394536118
2022-01-05 19:58:45.000000,2022-01-05 19:58:00,2022-01-05 19:59:30,90.0,R,R04,S2C,4,-1,269.2706697391462,269.9397295686977,269.60555692665935,14.896645906998577,14.458433740562445,0.4382121664361325,,,,
2022-01-05 19:58:45.000000,2022-01-05 19:58:00,2022-01-05 19:59:30,90.0,R,R04,S2P,4,-1,269.2706697391462,269.9397295686977,269.60555692665935,14.896645906998577,14.458433740562445,0.4382121664361325,,,,
2022-01-05 20:10:45.394736,2022-01-05 19:52:00,2022-01-05 20:30:00,2280.0,C,C34,S6I,4,-1,139.10505643527245,139.66665983508673,139.7376666826171,14.873229232695733,2.0269853340485464,12.846243898647186,4.109999999999999,15.775169790760163,2.528082944053587,6.239973189117715
2022-01-05 20:13:30.000000,2022-01-05 19:37:30,2022-01-05 20:49:30,4320.0,E,E09,S6X,3,1,208.8406190751775,229.1322192830374,218.34834042724805,2.0743322810999665,9.233404469424753,7.159072188324787,4.170000000000001,5.024877650107699,1.2583790211812818,3.993135268093298
2022-01-05 20:13:30.000000,2022-01-05 19:37:30,2022-01-05 20:49:30,4320.0,E,E09,S7X,3,1,208.8406190751775,229.1322192830374,218.34834042724805,2.0743322810999665,9.233404469424753,7.159072188324787,4.15,22.134209069194743,5.414531831656894,4.087926667968537
2022-01-05 20:13:30.000000,2022-01-05 19:37:30,2022-01-05 20:49:30,4320.0,E,E09,S8X,3,1,208.8406190751775,229.1322192830374,218.34834042724805,2.0743322810999665,9.233404469424753,7.159072188324787,4.2200000000000015,20.187930350638183,5.017883519192273,4.023196288519633
2022-01-05 20:14:45.000000,2022-01-05 19:50:00,2022-01-05 20:39:30,2970.0,E,E15,S6X,4,-1,142.22990705505617,150.05768978046973,146.73215181760028,14.891744200245125,2.18303603501258,12.708708165232544,4.12,5.865470562150421,0.8886306065314893,6.600572295213392
2022-01-05 20:14:45.000000,2022-01-05 19:50:00,2022-01-05 20:39:30,2970.0,E,E15,S7X,4,-1,142.22990705505617,150.05768978046973,146.73215181760028,14.891744200245125,2.18303603501258,12.708708165232544,4.069999999999999,27.047829622658092,4.216410723518459,6.414894419983722
2022-01-05 20:14:45.000000,2022-01-05 19:50:00,2022-01-05 20:39:30,2970.0,E,E15,S8X,4,-1,142.22990705505617,150.05768978046973,146.73215181760028,14.891744200245125,2.18303603501258,12.708708165232544,4.13,25.855790853619443,3.857956520109013,6.701939412445437
2022-01-05 20:20:30.000000,2022-01-05 20:03:00,2022-01-05 20:38:00,2100.0,R,R15,S2P,5,1,235.00753349978294,224.52270152159008,229.6316072801222,2.154403881926529,14.926028922942718,12.77162504101619,4.19,16.07249296271883,3.1633401529576566,5.0808614267079015
2022-01-05 20:20:42.857142,2022-01-05 20:03:00,2022-01-05 20:38:00,2100.0,R,R15,S2C,5,1,235.00753349978294,224.52270152159008,229.5662297458481,2.154403881926529,14.926028922942718,12.77162504101619,4.2,14.737082024180637,2.723575353891677,5.410932362536999
2022-01-05 20:25:45.000000,2022-01-05 19:59:30,2022-01-05 20:52:00,3150.0,E,E31,S8X,1,1,256.09586361341644,242.42107405169088,249.11069884778442,2.7629564320922664,14.953387413762249,12.190430981669982,4.300000000000001,23.717629648668435,4.015716723540817,5.906200880563024
2022-01-05 20:25:59.142857,2022-01-05 19:59:30,2022-01-05 20:52:00,3150.0,E,E31,S7X,1,1,256.09586361341644,242.42107405169088,249.0480907628874,2.7629564320922664,14.953387413762249,12.190430981669982,4.23,25.206545438578477,4.10249439988913,6.144199840774843
2022-01-05 20:27:45.000000,2022-01-05 20:03:30,2022-01-05 20:52:00,2910.0,E,E31,S6X,1,1,254.99773523700594,242.42107405169088,248.57979534424737,3.6375398764924998,14.953387413762249,11.315847537269748,4.3,5.452869237716871,0.8085910529882036,6.743667540675128
2022-01-05 20:29:28.860759,2022-01-05 20:08:30,2022-01-05 20:49:00,2430.0,C,C46,S6I,4,1,235.17392202630202,229.08566489211586,231.76491213343124,2.010127288261009,14.941323771809046,12.931196483548037,4.220000000000001,15.522910858993107,2.572629523734069,6.033869515911573
2022-01-05 20:34:45.000000,2022-01-05 20:02:30,2022-01-05 21:07:00,3870.0,R,R05,S2C,4,-1,222.22646773411745,252.06694395732,237.59568038990943,11.689280488672214,2.0756629916229414,9.613617497049272,4.13,15.869394420290234,2.718303811648627,5.837976738393192
2022-01-05 20:34:45.000000,2022-01-05 20:02:30,2022-01-05 21:07:00,3870.0,R,R05,S2P,4,-1,222.22646773411745,252.06694395732,237.59568038990943,11.689280488672214,2.0756629916229414,9.613617497049272,4.14,15.21816013907233,2.57820602713517,5.902615996900109
2022-01-05 21:09:30.000000,2022-01-05 20:51:00,2022-01-05 21:28:00,2220.0,C,C11,S6I,4,-1,138.60432584215525,136.18701317827285,137.68781260177118,14.835432923407975,2.0673399471135654,12.76809297629441,4.24,12.866612882939153,2.610161173087059,4.929432333759568
2022-01-05 21:09:30.000000,2022-01-05 20:51:00,2022-01-05 21:28:00,2220.0,C,C11,S7I,4,-1,138.60432584215525,136.18701317827285,137.68781260177118,14.835432923407975,2.0673399471135654,12.76809297629441,4.23,26.004601551575135,4.3878311116186035,5.9265274551513984
2022-01-05 21:19:42.000000,2022-01-05 20:59:00,2022-01-05 21:39:30,2430.0,G,G25,S2X,5,1,250.71836204219926,240.33406912615968,245.28958029134117,2.409287473373293,14.898082423267333,12.48879494989404,4.239999999999999,12.966457041515959,2.5045143627908826,5.177234051501668
2022-01-05 21:27:00.000000,2022-01-05 20:50:00,2022-01-05 22:04:00,4440.0,E,E09,S6X,4,-1,229.29437853237587,252.9400953215671,241.2912672677482,9.233078139473442,2.1189265292047614,7.11415161026868,4.13,6.3723927949526935,1.6438672136097663,3.8764644383651663
2022-01-05 21:27:00.000000,2022-01-05 20:50:00,2022-01-05 22:04:00,4440.0,E,E09,S7X,4,-1,229.29437853237587,252.9400953215671,241.2912672677482,9.233078139473442,2.1189265292047614,7.11415161026868,4.290000000000001,25.38217410525144,5.7307872792980135,4.429090257274495
2022-01-05 21:27:00.000000,2022-01-05 20:50:00,2022-01-05 22:04:00,4440.0,E,E09,S8X,4,-1,229.29437853237587,252.9400953215671,241.2912672677482,9.233078139473442,2.1189265292047614,7.11415161026868,4.34,23.31574567819524,5.311118443302131,4.389987895600183
2022-01-05 21:37:44.680851,2022-01-05 21:23:30,2022-01-05 21:50:00,1590.0,G,G32,S2X,3,1,216.10870468241055,226.20477406057762,221.48390531268552,2.0807448885472923,3.3433473046055795,1.2626024160582872,7.290000000000001,4.141412132371769,2.2059007464360083,1.8774245119880824
2022-01-05 22:02:45.000000,2022-01-05 22:02:30,2022-01-05 22:03:00,30.0,C,C43,S6I,4,-1,130.09350311190812,130.02804908966408,130.06077610078611,14.872301724011864,14.705560855391475,0.16674086862038884,,,,
2022-01-05 22:04:37.692307,2022-01-05 21:52:00,2022-01-05 22:17:00,1500.0,G,G32,S2X,4,-1,226.98720183134444,236.80074507042985,231.94638145832596,3.339743498150073,2.179652256794704,1.160091241355369,9.999999999999998,2.3417004229685503,0.8972259084936047,2.609934020853391
2022-01-05 22:44:00.000000,2022-01-05 22:25:30,2022-01-05 23:02:30,2220.0,C,C36,S6I,4,1,219.7022264816988,221.34467538308058,220.17921336549563,2.585855265638213,14.870234179931886,12.284378914293672,4.340000000000002,14.36350963317865,2.6125217307110042,5.497948386163121
2022-01-05 22:46:00.000000,2022-01-05 22:25:00,2022-01-05 23:07:00,2520.0,E,E13,S6X,4,-1,139.8532668983941,137.3816388321059,138.96399080244097,14.910637141159379,2.09479210305699,12.815845038102388,4.319999999999999,5.868324394953717,0.9084539136073421,6.459683102306677
2022-01-05 22:46:00.000000,2022-01-05 22:25:00,2022-01-05 23:07:00,2520.0,E,E13,S7X,4,-1,139.8532668983941,137.3816388321059,138.96399080244097,14.910637141159379,2.09479210305699,12.815845038102388,4.35,25.763419103539842,4.297695051115002,5.994706184855003
2022-01-05 22:46:00.000000,2022-01-05 22:25:00,2022-01-05 23:07:00,2520.0,E,E13,S8X,4,-1,139.8532668983941,137.3816388321059,138.96399080244097,14.910637141159379,2.09479210305699,12.815845038102388,4.410000000000001,23.823073962685683,4.069070923297505,5.854671597461337
2022-01-05 23:24:15.000000,2022-01-05 23:20:30,2022-01-05 23:28:00,450.0,E,E24,S6X,4,1,224.6504255906826,224.15660620004803,224.39318534809735,12.57980016413568,14.854215703007592,2.274415538871912,5.189999999999998,3.632551151056908,1.5381129533991622,2.361693361354983
2022-01-05 23:24:15.000000,2022-01-05 23:20:30,2022-01-05 23:28:00,450.0,E,E24,S7X,4,1,224.6504255906826,224.15660620004803,224.39318534809735,12.57980016413568,14.854215703007592,2.274415538871912,5.620000000000002,12.01341486225651,5.20075937032395,2.3099347627591174
2022-01-05 23:24:15.000000,2022-01-05 23:20:30,2022-01-05 23:28:00,450.0,E,E24,S8X,4,1,224.6504255906826,224.15660620004803,224.39318534809735,12.57980016413568,14.854215703007592,2.274415538871912,5.6800000000000015,11.02740519416253,4.458824275790415,2.473164339316266
2022-01-05 23:25:30.000000,2022-01-05 23:21:30,2022-01-05 23:29:30,480.0,C,C14,S6I,3,1,130.11620608949147,133.0019649317488,131.56078188209216,5.902601303503415,5.9984583093135155,0.09585700581010048,10.000000000000025,0.025284828411670773,0.008454535713322407,2.990682075164422
2022-01-05 23:25:30.000000,2022-01-05 23:21:30,2022-01-05 23:29:30,480.0,C,C14,S7I,3,1,130.11620608949147,133.0019649317488,131.56078188209216,5.902601303503415,5.9984583093135155,0.09585700581010048,9.989999999999984,0.009197994504342409,0.0030543136571927515,3.0114767298642056
2022-01-05 23:30:55.979381,2022-01-05 23:04:30,2022-01-05 23:55:00,3030.0,G,G31,S2X,5,1,211.97310302972843,225.74368258087307,218.43445883622752,2.1297533901014623,14.991167188631163,12.8614137985297,4.28,8.382386260764724,1.4571005504018566,5.752785048672811
2022-01-05 23:32:45.000000,2022-01-05 23:19:00,2022-01-05 23:46:30,1650.0,R,R24,S2C,5,-1,137.73020215615725,130.0130231598856,133.96676204655972,14.92026923740466,4.466421309040091,10.45384792836457,4.430000000000001,14.59777335989966,2.9656292962625876,4.9223189757048855
2022-01-05 23:32:45.000000,2022-01-05 23:19:00,2022-01-05 23:46:30,1650.0,R,R24,S2P,5,-1,137.73020215615725,130.0130231598856,133.96676204655972,14.92026923740466,4.466421309040091,10.45384792836457,4.430000000000001,13.58121554451691,2.632288909167447,5.159469956818851
2022-01-05 23:38:45.000000,2022-01-05 23:27:00,2022-01-05 23:50:30,1410.0,R,R01,S2C,5,1,130.00058854928122,141.14580718999207,135.56127303838966,7.791917293818758,9.107450848029112,1.3155335542103535,6.929999999999997,1.9424170030766426,1.0436355579831131,1.8612023979237324
2022-01-05 23:38:45.000000,2022-01-05 23:27:00,2022-01-05 23:50:30,1410.0,R,R01,S2P,5,1,130.00058854928122,141.14580718999207,135.56127303838966,7.791917293818758,9.107450848029112,1.3155335542103535,9.999999999999996,1.335168861772482,0.4610739735165088,2.895780153430578
2022-01-05 23:44:45.000000,2022-01-05 23:30:00,2022-01-05 23:59:30,1770.0,C,C14,S6I,4,-1,133.18149871069969,143.41353090093514,138.36773804331773,5.997687780035829,4.530723729826039,1.46696405020979,6.1499999999999995,10.0278042055036,5.158648570492545,1.943882020353666
2022-01-05 23:44:45.000000,2022-01-05 23:30:00,2022-01-05 23:59:30,1770.0,C,C14,S7I,4,-1,133.18149871069969,143.41353090093514,138.36773804331773,5.997687780035829,4.530723729826039,1.46696405020979,6.379999999999996,6.890823955163644,3.7646100989426015,1.8304216835361329
2022-01-05 23:48:45.000000,2022-01-05 23:38:00,2022-01-05 23:59:30,1290.0,G,G06,S2X,5,-1,136.65203915501687,134.94278879045726,135.90126935758607,14.960091961850372,6.691593854738627,8.268498107111746,4.169999999999999,12.273437997173096,3.252489722759476,3.773551661451545
2022-01-05 23:53:15.000000,2022-01-05 23:47:00,2022-01-05 23:59:30,750.0,R,R09,S2C,5,1,207.05120307270897,207.8116680018389,207.38056422307355,2.4213052835136137,7.830388727207898,5.409083443694284,4.55,19.633041866717893,5.228054480095951,3.755324651161165
2022-01-05 23:53:15.000000,2022-01-05 23:47:00,2022-01-05 23:59:30,750.0,R,R09,S2P,5,1,207.05120307270897,207.8116680018389,207.38056422307355,2.4213052835136137,7.830388727207898,5.409083443694284,4.420000000000001,19.379740395664008,4.83388861297735,4.009140869244687
2022-01-05 23:55:15.000000,2022-01-05 23:51:00,2022-01-05 23:59:30,510.0,R,R01,S2C,6,-1,141.38298824741602,145.38789211201444,143.39008453093805,9.106243388500467,8.893923962880173,0.2123194256202936,10.000000000000005,0.09541786028151204,0.03145146286890003,3.0338131068575365
2022-01-05 23:55:15.000000,2022-01-05 23:51:00,2022-01-05 23:59:30,510.0,R,R01,S2P,6,-1,141.38298824741602,145.38789211201444,143.39008453093805,9.106243388500467,8.893923962880173,0.2123194256202936,10.000000000000005,0.07185534047973408,0.023881626093302848,3.0088127248539642
2022-01-06 00:05:34.090909,2022-01-06 00:00:00,2022-01-06 00:11:30,690.0,G,G06,S2X,1,-1,134.88843957195644,133.47433575325337,134.22804680377973,6.504014749380827,2.253321592787225,4.250693156593602,4.1899999999999995,19.809395103683965,7.0522063553956755,2.8089641887077943
2022-01-06 00:08:00.000000,2022-01-06 00:00:00,2022-01-06 00:16:00,960.0,R,R09,S2C,1,1,207.8556287255629,209.87410079873106,208.7659677034801,8.04667460812193,14.92052842130382,6.87385381318189,4.210000000000001,9.987501700841626,3.706686907864238,2.6944551695617425
2022-01-06 00:08:00.000000,2022-01-06 00:00:00,2022-01-06 00:16:00,960.0,R,R09,S2P,1,1,207.8556287255629,209.87410079873106,208.7659677034801,8.04667460812193,14.92052842130382,6.87385381318189,4.130000000000001,10.314765188469595,2.718491156518886,3.7942978639952534
2022-01-06 00:09:15.000000,2022-01-06 00:00:00,2022-01-06 00:18:30,1110.0,C,C14,S6I,1,-1,143.57833829978242,149.39086098747885,146.5289404697117,4.482074457481219,2.1573344735234343,2.3247399839577847,4.04,25.08032319747995,11.626900473603413,2.1570945115097424
2022-01-06 00:09:15.000000,2022-01-06 00:00:00,2022-01-06 00:18:30,1110.0,C,C14,S7I,1,-1,143.57833829978242,149.39086098747885,146.5289404697117,4.482074457481219,2.1573344735234343,2.3247399839577847,4.259999999999999,40.30582203310605,17.708370599974696,2.276088689558126
2022-01-06 00:22:02.022472,2022-01-06 00:00:00,2022-01-06 00:44:30,2670.0,R,R01,S2P,1,-1,145.62138591075112,164.39935792488797,155.31192192737268,8.87014922167111,2.075432163782214,6.794717057888896,4.460000000000001,11.641636809071843,2.356162814806742,4.940930540076755
2022-01-06 00:22:15.000000,2022-01-06 00:00:00,2022-01-06 00:44:30,2670.0,R,R01,S2C,1,-1,145.62138591075112,164.39935792488797,155.40078180671853,8.87014922167111,2.075432163782214,6.794717057888896,4.48,11.494709011362247,2.4960501162199047,4.605159542537627
2022-01-06 00:58:17.076923,2022-01-06 00:40:00,2022-01-06 01:14:30,2070.0,G,G26,S2X,1,1,220.43286031062877,222.37459123760888,221.12124266620222,2.457230293313962,14.906986263020515,12.449755969706553,4.3,11.054629812834778,2.1131513784817555,5.2313477990285975
2022-01-06 01:00:30.000000,2022-01-06 00:26:30,2022-01-06 01:34:30,4080.0,C,C33,S6I,2,-1,130.1592710315028,150.35680387048572,141.18635845764888,13.82082125754994,2.1256877856394816,11.695133471910458,4.3500000000000005,15.226495979610332,2.7315647246974537,5.574276107001934
2022-01-06 01:06:24.871794,2022-01-06 00:36:30,2022-01-06 01:35:30,3540.0,C,C45,S6I,1,1,211.43769939057367,226.60125777798845,218.29524358632898,2.0711218581798576,14.99909321530037,12.927971357120512,4.279999999999999,11.084992449891493,2.1247531140207085,5.217073163345158
2022-01-06 01:11:45.000000,2022-01-06 00:50:30,2022-01-06 01:33:00,2550.0,C,C29,S6I,1,1,269.952539351072,257.0131753400221,263.48990181813326,4.079740353769834,14.993930624582756,10.914190270812922,4.390000000000001,14.400306496130709,2.899883043646753,4.965823200242441
2022-01-06 01:24:45.000000,2022-01-06 01:19:30,2022-01-06 01:30:00,630.0,E,E07,S6X,1,1,130.3590668570635,133.69352453883732,132.02915775020213,6.444027049121647,6.596690891455836,0.15266384233418862,9.989999999999998,0.012973289407913908,0.004203562089873569,3.086260921223625
2022-01-06 01:24:45.000000,2022-01-06 01:19:30,2022-01-06 01:30:00,630.0,E,E07,S7X,1,1,130.3590668570635,133.69352453883732,132.02915775020213,6.444027049121647,6.596690891455836,0.15266384233418862,9.999999999999998,0.05335377864024982,0.017387626690879992,3.0684911511376356
2022-01-06 01:24:45.000000,2022-01-06 01:19:30,2022-01-06 01:30:00,630.0,E,E07,S8X,1,1,130.3590668570635,133.69352453883732,132.02915775020213,6.444027049121647,6.596690891455836,0.15266384233418862,9.990000000000013,0.04187229240565387,0.013725834601148507,3.0506190422949007
2022-01-06 01:33:45.000000,2022-01-06 01:31:00,2022-01-06 01:36:30,330.0,G,G31,S2X,2,-1,267.50312878951877,269.8290176721167,268.6694889630678,14.960243320041183,13.951078719078803,1.0091646009623805,9.79000000000001,2.911703458667196,1.187699268404012,2.4515494251165446
2022-01-06 01:56:02.330097,2022-01-06 01:30:30,2022-01-06 02:22:00,3090.0,E,E07,S6X,2,-1,133.85126559661722,148.8363866467848,141.53964157903667,6.5963362726579176,2.881371152154853,3.7149651205030647,4.200000000000001,6.7270371085684495,2.2498102208681217,2.990046469774115
2022-01-06 01:58:22.500000,2022-01-06 01:30:30,2022-01-06 02:27:00,3390.0,E,E07,S7X,2,-1,133.85126559661722,150.09332070934445,142.1892429995307,6.5963362726579176,2.1566303179011537,4.439705954756764,4.489999999999999,29.266759422806803,9.619282350765221,3.0425096546291326
2022-01-06 01:58:34.778761,2022-01-06 01:30:30,2022-01-06 02:27:00,3390.0,E,E07,S8X,2,-1,133.85126559661722,150.09332070934445,142.247007240582,6.5963362726579176,2.1566303179011537,4.439705954756764,4.55,27.460232010161214,8.858423579580933,3.099900536869595
2022-01-06 02:07:30.000000,2022-01-06 02:03:00,2022-01-06 02:12:00,540.0,E,E25,S6X,1,1,217.10836678723038,218.71745573848736,217.8931690861202,12.64621255683212,14.885229771597418,2.2390172147652976,4.3500000000000005,2.028655656740109,1.0011584129734845,2.0263083548535668
2022-01-06 02:07:30.000000,2022-01-06 02:03:00,2022-01-06 02:12:00,540.0,E,E25,S7X,1,1,217.10836678723038,218.71745573848736,217.8931690861202,12.64621255683212,14.885229771597418,2.2390172147652976,4.750000000000004,7.520697179240761,3.626153314058991,2.0740152243652243
2022-01-06 02:07:30.000000,2022-01-06 02:03:00,2022-01-06 02:12:00,540.0,E,E25,S8X,1,1,217.10836678723038,218.71745573848736,217.8931690861202,12.64621255683212,14.885229771597418,2.2390172147652976,5.140000000000002,6.139715906171217,3.0168995805707244,2.0351078125741697
2022-01-06 02:13:45.000000,2022-01-06 02:07:30,2022-01-06 02:20:00,750.0,R,R20,S2C,1,1,256.4927790604314,250.98485745661444,253.74393499750988,11.439098809111648,14.951529375296781,3.5124305661851327,4.429999999999999,6.895975592078565,3.1093238623023356,2.217837670654339
2022-01-06 02:13:45.000000,2022-01-06 02:07:30,2022-01-06 02:20:00,750.0,R,R20,S2P,1,1,256.4927790604314,250.98485745661444,253.74393499750988,11.439098809111648,14.951529375296781,3.5124305661851327,4.409999999999999,8.260119220685027,3.283074994273789,2.5159703129206625
2022-01-06 02:19:15.000000,2022-01-06 02:01:00,2022-01-06 02:37:30,2190.0,R,R02,S2C,2,-1,150.17620738818718,160.73315455251554,155.9652095198978,14.875953432292764,2.2618129515006244,12.61414048079214,4.26,17.31461928894422,3.1723806076793073,5.457926216996512
2022-01-06 02:19:15.000000,2022-01-06 02:01:00,2022-01-06 02:37:30,2190.0,R,R02,S2P,2,-1,150.17620738818718,160.73315455251554,155.9652095198978,14.875953432292764,2.2618129515006244,12.61414048079214,4.28,17.38224614392506,2.974302489524106,5.844142014858163
2022-01-06 03:13:15.000000,2022-01-06 02:57:30,2022-01-06 03:29:00,1890.0,C,C45,S6I,2,-1,258.39167716149507,269.99352164086565,264.28973153658444,14.986524773470414,9.59080396677554,5.395720806694873,4.330000000000002,9.091805911034285,2.4080677503075782,3.7755606792512397
2022-01-06 03:23:30.000000,2022-01-06 03:04:00,2022-01-06 03:43:00,2340.0,C,C41,S6I,2,-1,140.33160014790874,143.93324931722603,142.5402840343212,14.875347028728825,2.2050429910867484,12.670304037642076,4.3500000000000005,17.768929607519034,2.9464589508813117,6.030604839142318
2022-01-06 03:28:57.391304,2022-01-06 03:11:30,2022-01-06 03:46:00,2070.0,G,G27,S2X,1,1,228.97789060059222,225.11146781843397,226.7890326237385,2.508452513496189,14.983769357192784,12.475316843696596,4.27,11.017327858593394,1.9899312659690396,5.5365368879855605
2022-01-06 03:29:15.000000,2022-01-06 02:59:30,2022-01-06 03:59:00,3570.0,R,R11,S2C,1,1,195.3359810423338,220.89625214607693,207.41524563504058,2.133877512311681,10.753819518187765,8.619942005876084,4.249999999999999,18.972834842803188,5.113304549431497,3.7104840244480664
2022-01-06 03:29:15.000000,2022-01-06 02:59:30,2022-01-06 03:59:00,3570.0,R,R11,S2P,1,1,195.3359810423338,220.89625214607693,207.41524563504058,2.133877512311681,10.753819518187765,8.619942005876084,4.27,16.669675491993463,4.149192716486207,4.017570797750357
2022-01-06 03:41:55.645161,2022-01-06 03:26:30,2022-01-06 04:00:30,2040.0,G,G05,S2X,2,-1,135.08839330032234,132.2234602272785,134.04610030881406,14.867929763887556,2.2845206772505695,12.583409086636987,4.289999999999999,12.006246860541067,2.389138590614051,5.025345498042141
2022-01-06 03:47:15.000000,2022-01-06 03:27:30,2022-01-06 04:07:00,2370.0,C,C35,S6I,1,1,239.8278107030347,232.19655409547062,235.82216682880568,2.8082202940844945,14.933652821257013,12.125432527172519,4.250000000000001,16.214789284116932,2.6621490468499,6.090864560458689
2022-01-06 04:01:46.551724,2022-01-06 03:47:30,2022-01-06 04:16:30,1740.0,R,R03,S2C,2,-1,151.23085985254093,153.7899081958393,152.8024339399126,14.837267913198863,2.179446062951777,12.657821850247085,4.3,17.204098822584886,3.5862336476368317,4.797261002199793
2022-01-06 04:01:46.551724,2022-01-06 03:47:30,2022-01-06 04:16:30,1740.0,R,R03,S2P,2,-1,151.23085985254093,153.7899081958393,152.8024339399126,14.837267913198863,2.179446062951777,12.657821850247085,4.28,15.40155341555565,3.06990428991892,5.01694905151666
2022-01-06 04:22:45.000000,2022-01-06 03:50:00,2022-01-06 04:55:30,3930.0,E,E02,S7X,1,1,208.27547980177653,227.1396208807254,217.2034723671913,2.578016274271159,8.656028303957852,6.078012029686693,4.250000000000001,24.34118245531825,6.790768301169417,3.5844519170425135
2022-01-06 04:22:45.000000,2022-01-06 03:50:00,2022-01-06 04:55:30,3930.0,E,E02,S8X,1,1,208.27547980177653,227.1396208807254,217.2034723671913,2.578016274271159,8.656028303957852,6.078012029686693,4.300000000000001,21.92101369561283,6.218727407556498,3.5249999331014537
2022-01-06 04:25:00.000000,2022-01-06 03:54:30,2022-01-06 04:55:30,3660.0,E,E02,S6X,1,1,209.34776200007002,227.1396208807254,217.8224304895197,3.349380584831755,8.656028303957852,5.306647719126097,4.43,4.687193417003438,1.2596959231305882,3.7208927416029534
2022-01-06 04:26:30.000000,2022-01-06 04:09:00,2022-01-06 04:44:00,2100.0,R,R21,S2P,1,1,233.16032454166714,222.48422446327345,227.6846737530417,2.0664887062893658,14.911266031510275,12.844777325220909,4.310000000000001,14.735266498572742,2.667444138903579,5.524114369881237
2022-01-06 04:26:42.428571,2022-01-06 04:09:00,2022-01-06 04:44:00,2100.0,R,R21,S3X,1,1,233.16032454166714,222.48422446327345,227.62040604600423,2.0664887062893658,14.911266031510275,12.844777325220909,4.359999999999999,13.038484355354633,2.2636227621069356,5.7600076185921845
2022-01-06 04:26:42.857142,2022-01-06 04:09:00,2022-01-06 04:44:00,2100.0,R,R21,S2C,1,1,233.16032454166714,222.48422446327345,227.61809071007042,2.0664887062893658,14.911266031510275,12.844777325220909,4.340000000000001,12.533287226314522,2.856686942883617,4.387350618707657
2022-01-06 04:30:02.439024,2022-01-06 03:59:30,2022-01-06 05:01:30,3720.0,R,R11,S2C,2,-1,221.1381144325731,249.7349702409544,235.60984571741378,10.753399239066834,2.0012129076623735,8.75218633140446,4.199999999999999,18.621478530558882,3.5347028319230485,5.268187855109704
2022-01-06 04:30:02.926829,2022-01-06 03:59:30,2022-01-06 05:01:30,3720.0,R,R11,S2P,2,-1,221.1381144325731,249.7349702409544,235.6132186439557,10.753399239066834,2.0012129076623735,8.75218633140446,4.199999999999999,17.305419521328123,3.198207306623692,5.410974918820144
2022-01-06 04:47:02.903225,2022-01-06 04:29:30,2022-01-06 05:02:30,1980.0,G,G08,S2X,1,1,220.48243669706022,221.15180476604348,220.5331593413561,2.6388140674825,14.937068351634984,12.298254284152485,4.36,11.252971149414584,2.13963251008949,5.259300882909061
2022-01-06 05:29:15.000000,2022-01-06 04:56:00,2022-01-06 06:02:30,3990.0,E,E02,S6X,2,-1,227.3021464952879,248.71413991901085,238.13260872406678,8.655853814431373,2.7170775235554174,5.938776290875955,4.2700000000000005,5.933340611365952,1.4079428711485624,4.214191309144305
2022-01-06 05:30:17.608695,2022-01-06 04:56:00,2022-01-06 06:05:30,4170.0,E,E02,S7X,2,-1,227.3021464952879,249.62572705490805,238.4634877858249,8.655853814431373,2.219177429863783,6.43667638456759,4.14,27.9268764438532,6.893945175023642,4.050928131112883
2022-01-06 05:30:31.294964,2022-01-06 04:56:00,2022-01-06 06:05:30,4170.0,E,E02,S8X,2,-1,227.3021464952879,249.62572705490805,238.53622551136232,8.655853814431373,2.219177429863783,6.43667638456759,4.21,26.822383068488538,6.643090425474129,4.037636303373693
2022-01-06 05:40:47.500000,2022-01-06 05:23:00,2022-01-06 05:59:30,2190.0,C,C32,S6I,2,-1,134.2580077131839,130.04111153829004,132.44407172805353,14.83503426782423,2.7190733034757555,12.115960964348474,4.360000000000001,16.737278947092342,3.1086559462614316,5.384088569602283
2022-01-06 05:43:30.000000,2022-01-06 05:29:00,2022-01-06 05:58:00,1740.0,R,R04,S2C,2,-1,147.40729305911586,144.208294567656,146.02377267967196,14.808937492158805,2.075416803671361,12.733520688487443,4.43,23.58680655011537,4.334801491137119,5.441265672336013
2022-01-06 05:43:30.000000,2022-01-06 05:29:00,2022-01-06 05:58:00,1740.0,R,R04,S2P,2,-1,147.40729305911586,144.208294567656,146.02377267967196,14.808937492158805,2.075416803671361,12.733520688487443,4.3999999999999995,22.53185865397556,4.092291080716255,5.505927659972787
2022-01-06 05:44:32.173913,2022-01-06 05:27:30,2022-01-06 06:03:30,2160.0,G,G15,S2X,2,-1,137.30473140090052,140.13807903686697,139.0150121858544,14.843152851616914,2.298596349414314,12.5445565022026,4.42,12.303616102956648,2.449334337860746,5.023248934525881
2022-01-06 06:09:45.000000,2022-01-06 05:51:00,2022-01-06 06:28:30,2250.0,C,C44,S6I,1,1,221.55976703193278,221.48537374249923,221.19105124123462,2.148088095677464,14.838779580698647,12.690691485021183,4.570000000000001,13.502602304538266,2.4561918171522197,5.497372888487829
2022-01-06 06:15:25.135135,2022-01-06 05:59:30,2022-01-06 06:25:00,1530.0,R,R22,S2P,1,1,216.0853153960992,212.5136873742966,213.6901405686084,3.806947587967262,14.935041944316408,11.128094356349147,4.439999999999999,2.0784172412016515,0.8268709630106008,2.5135932136668893
2022-01-06 06:46:30.000000,2022-01-06 06:29:00,2022-01-06 07:04:00,2100.0,E,E19,S6X,2,-1,137.47516759317625,135.90914156112441,136.93239776843265,14.925940515601335,4.436499256176607,10.489441259424728,4.550000000000001,2.2942712743716727,0.49758260781061686,4.610834941491539
2022-01-06 06:48:37.692307,2022-01-06 06:29:00,2022-01-06 07:12:00,2580.0,E,E19,S7X,2,-1,137.47516759317625,135.16632155115337,136.79250985523376,14.925940515601335,2.106601911993937,12.819338603607397,4.59,12.934032087891351,2.2266697943527833,5.808688886288517
2022-01-06 06:48:42.911392,2022-01-06 06:29:00,2022-01-06 07:12:00,2580.0,E,E19,S8X,2,-1,137.47516759317625,135.16632155115337,136.78863634916144,14.925940515601335,2.106601911993937,12.819338603607397,4.6000000000000005,12.214120679902294,2.3277909770651726,5.247086529780087
2022-01-06 07:07:03.181818,2022-01-06 06:48:00,2022-01-06 07:23:30,2130.0,G,G01,S2X,1,1,231.88908923190007,226.4642558092782,228.7555873055455,2.353419424477684,14.858342135972437,12.504922711494753,4.61,9.919514217779858,2.2091262044698983,4.490243335898568
2022-01-06 07:14:12.500000,2022-01-06 06:55:30,2022-01-06 07:32:00,2190.0,C,C12,S7I,1,1,215.2147100290321,218.13339896470762,216.34086804688695,2.7291457209136714,14.916891429446581,12.18774570853291,4.64,16.044133741749647,3.5997260219839675,4.457043020431599
2022-01-06 07:14:28.309859,2022-01-06 06:56:00,2022-01-06 07:32:00,2160.0,C,C12,S6I,1,1,215.22620688954638,218.13339896470762,216.3567301684355,2.898803154959168,14.916891429446581,12.018088274487413,4.58,12.23006735123729,2.31412607793231,5.284961553246465
2022-01-06 07:19:25.961538,2022-01-06 06:53:30,2022-01-06 07:49:00,3330.0,G,G24,S2X,3,-1,130.18046671110446,147.2351081844225,138.8468463021862,12.88983918482272,2.0692039533311015,10.820635231491618,4.510000000000001,16.916844724913688,3.3525272210516897,5.045997723355357
2022-01-06 07:28:00.000000,2022-01-06 07:14:00,2022-01-06 07:42:00,1680.0,R,R05,S2C,2,-1,137.93768604931088,130.11001928479237,134.12328478673135,14.978753318526154,4.339129063651218,10.639624254874935,4.55,19.904960014591456,3.738234954200528,5.324694744567868
2022-01-06 07:28:00.000000,2022-01-06 07:14:00,2022-01-06 07:42:00,1680.0,R,R05,S2P,2,-1,137.93768604931088,130.11001928479237,134.12328478673135,14.978753318526154,4.339129063651218,10.639624254874935,4.57,19.856558653539416,3.6917366390760264,5.378649831995911
2022-01-06 07:46:30.000000,2022-01-06 07:36:00,2022-01-06 07:57:00,1260.0,R,R15,S2C,2,1,130.04784661774727,140.10044130159497,135.06668110342775,8.716035054799978,9.785646591528545,1.0696115367285675,7.82000000000001,2.055473074292898,0.9635857963908478,2.1331500339583265
2022-01-06 07:46:30.000000,2022-01-06 07:36:00,2022-01-06 07:57:00,1260.0,R,R15,S2P,2,1,130.04784661774727,140.10044130159497,135.06668110342775,8.716035054799978,9.785646591528545,1.0696115367285675,9.990000000000013,1.146933826487808,0.3100837021765637,3.6987878383712545
2022-01-06 08:04:07.159091,2022-01-06 07:41:30,2022-01-06 08:26:00,2670.0,G,G03,S2X,1,1,266.19869600200747,252.29656763863662,259.11979134255677,2.099798062473899,14.999044072723095,12.899246010249195,4.809999999999999,15.039791348880126,2.7237047283474665,5.521814164490991
2022-01-06 08:13:30.000000,2022-01-06 07:45:00,2022-01-06 08:42:00,3420.0,C,C37,S6I,2,-1,130.27004774254394,148.77464340201925,139.93314123106126,7.809097731690896,2.07650155780055,5.732596173890346,4.570000000000001,20.927431201676033,5.692181313900545,3.6765222412312077
2022-01-06 08:25:30.000000,2022-01-06 07:57:30,2022-01-06 08:53:30,3360.0,R,R15,S2C,3,-1,140.33961168436582,164.40940296097702,152.9609299711343,9.784549050275206,2.0587386989585807,7.725810351316626,4.66,20.64973146840236,4.808492723191718,4.294429181270707
2022-01-06 08:25:30.000000,2022-01-06 07:57:30,2022-01-06 08:53:30,3360.0,R,R15,S2P,3,-1,140.33961168436582,164.40940296097702,152.9609299711343,9.784549050275206,2.0587386989585807,7.725810351316626,4.66,18.946374449608076,4.1092089417470286,4.610710897935755
2022-01-06 08:30:00.000000,2022-01-06 08:05:30,2022-01-06 08:54:30,2940.0,C,C34,S6I,1,1,211.79672106313828,222.29442838143535,216.4191796878697,2.190748325991474,14.947683314675958,12.756934988684485,4.699999999999999,13.055746013821171,2.217598762964394,5.887334639548946
2022-01-06 09:08:41.848739,2022-01-06 08:36:00,2022-01-06 09:38:30,3750.0,G,G17,S2X,1,1,209.29407001963597,233.2528653022448,221.2116685181375,2.0639129746207976,9.522723046556004,7.458810071935207,4.580000000000002,11.165924721649867,3.0382216923756653,3.675151405070424
2022-01-06 09:31:27.560975,2022-01-06 09:00:00,2022-01-06 10:02:00,3720.0,C,C11,S6I,1,1,208.42395062815754,226.1309836252306,216.51475659266174,2.4418538343694607,14.962632591362642,12.520778756993181,4.69,11.098307713378189,1.7926014049733832,6.191174280343141
2022-01-06 09:31:27.560975,2022-01-06 09:00:00,2022-01-06 10:02:00,3720.0,C,C11,S7I,1,1,208.42395062815754,226.1309836252306,216.51475659266174,2.4418538343694607,14.962632591362642,12.520778756993181,4.699999999999999,16.597392759018117,2.744166841999803,6.048244773237919
2022-01-06 09:38:45.000000,2022-01-06 09:21:00,2022-01-06 09:56:30,2130.0,R,R24,S2C,1,1,199.63606424375084,209.06240813715095,203.86010749275903,2.0200006210980765,14.893640539114664,12.873639918016586,4.58,14.522003190609045,3.18322149262817,4.562046098343981
2022-01-06 09:38:45.000000,2022-01-06 09:21:00,2022-01-06 09:56:30,2130.0,R,R24,S2P,1,1,199.63606424375084,209.06240813715095,203.86010749275903,2.0200006210980765,14.893640539114664,12.873639918016586,4.64,13.407391310208155,2.340594109275242,5.728200057018734
2022-01-06 09:49:45.000000,2022-01-06 09:47:30,2022-01-06 09:52:00,270.0,G,G25,S2X,3,1,130.05171598313106,131.78341867893528,130.91814161994836,5.021817442723877,5.058716297648982,0.036898854925105695,9.9900000000001,0.001679719741391484,0.0005610718596375968,2.993769358663676
2022-01-06 09:53:56.629213,2022-01-06 09:31:00,2022-01-06 10:16:00,2700.0,R,R01,S2P,2,1,268.1627638758742,249.55439406984493,258.73211223899006,2.0074150546567893,14.933208000030925,12.925792945374136,4.63,10.592571711837012,1.9849069505343409,5.336558325308635
2022-01-06 09:56:04.500000,2022-01-06 09:34:30,2022-01-06 10:16:00,2490.0,R,R01,S2C,2,1,266.7425241459523,249.55439406984493,257.8538296981533,2.9915751762186495,14.933208000030925,11.941632823812276,4.6400000000000015,10.065375790837905,2.018967760654127,4.985406893063421
2022-01-06 10:09:20.330578,2022-01-06 09:39:00,2022-01-06 10:44:00,3900.0,G,G17,S2X,2,-1,233.4667425470676,260.34478619591073,246.28864632652414,9.522052497564289,2.252522382669048,7.269530114895241,4.62,12.151357801542146,3.1489064703041674,3.858913535900731
2022-01-06 10:10:08.769230,2022-01-06 09:52:30,2022-01-06 10:34:00,2490.0,G,G25,S2X,4,-1,131.97531160893544,147.06629840037328,138.55983353131043,5.058588451304856,2.08318246116326,2.975405990141596,4.870000000000001,8.746674501222302,4.501191192727036,1.9431910635911358
2022-01-06 10:15:15.000000,2022-01-06 10:08:30,2022-01-06 10:22:00,810.0,E,E15,S6X,1,1,214.7997443241521,217.3588493034233,216.03381590978333,11.615502065487894,14.944570864101255,3.3290687986133616,4.160000000000003,2.465289123346828,0.9755846672922925,2.526986335475288
2022-01-06 10:15:15.000000,2022-01-06 10:08:30,2022-01-06 10:22:00,810.0,E,E15,S7X,1,1,214.7997443241521,217.3588493034233,216.03381590978333,11.615502065487894,14.944570864101255,3.3290687986133616,4.2700000000000005,8.847582999516119,3.457358793429662,2.5590583818867736
2022-01-06 10:15:15.000000,2022-01-06 10:08:30,2022-01-06 10:22:00,810.0,E,E15,S8X,1,1,214.7997443241521,217.3588493034233,216.03381590978333,11.615502065487894,14.944570864101255,3.3290687986133616,4.070000000000001,9.288314196430033,3.5738869587062654,2.598938999400353
2022-01-06 10:23:00.000000,2022-01-06 09:58:30,2022-01-06 10:47:30,2940.0,E,E01,S7X,2,-1,139.21590202827815,152.4616593267167,146.1806559289767,8.254280296415576,2.0026783259350527,6.2516019704805235,4.679999999999999,28.63775148366553,7.424414092072376,3.85724060222399
2022-01-06 10:23:00.000000,2022-01-06 09:58:30,2022-01-06 10:47:30,2940.0,E,E01,S8X,2,-1,139.21590202827815,152.4616593267167,146.1806559289767,8.254280296415576,2.0026783259350527,6.2516019704805235,4.75,26.454211065665845,7.08485298637436,3.7339110799536384
2022-01-06 10:24:00.659340,2022-01-06 10:01:30,2022-01-06 10:47:30,2760.0,E,E01,S6X,2,-1,140.1352580639628,152.4616593267167,146.48010044558174,8.055367242504282,2.0026783259350527,6.052688916569229,4.62,7.071623308433751,1.635566210647239,4.32365456219306
2022-01-06 10:41:30.000000,2022-01-06 10:17:30,2022-01-06 11:05:30,2880.0,C,C43,S6I,1,1,211.26814502609867,227.2871018616632,219.04102138652527,2.1165600157116935,5.744145873684164,3.6275858579724702,4.680000000000001,13.725436974927177,5.058062420310985,2.7135760365099046
2022-01-06 10:44:15.000000,2022-01-06 10:22:30,2022-01-06 11:06:00,2610.0,C,C46,S6I,3,-1,138.91525889723022,145.74318468624182,142.83703153973082,14.931255749438225,2.1188088939472176,12.812446855491007,4.720000000000001,15.460071257260152,2.784044071610423,5.55309860749342
2022-01-06 10:56:45.000000,2022-01-06 10:56:30,2022-01-06 10:57:00,30.0,C,C34,S6I,2,-1,269.64532470290885,269.830662537824,269.7379936203664,14.938531162056279,14.841327451578463,0.09720371047781562,,,,
2022-01-06 10:59:14.000000,2022-01-06 10:36:30,2022-01-06 11:21:30,2700.0,C,C42,S6I,1,1,249.23604412402656,238.23836176565533,243.5180263259878,2.1123624304995454,14.96050014980826,12.848137719308713,4.48,18.05840539168843,3.0505756523538685,5.91967138325329
2022-01-06 11:03:56.024096,2022-01-06 10:42:00,2022-01-06 11:24:30,2550.0,G,G06,S2X,2,1,210.53373793154725,220.7592648832874,215.24035497969047,2.2230627665717737,14.918026952274577,12.694964185702803,4.52,10.794427408117492,2.2803680715520875,4.733633812356651
2022-01-06 11:28:30.000000,2022-01-06 10:57:00,2022-01-06 12:00:00,3780.0,R,R17,S2C,2,1,193.8954417868139,220.99277242827887,206.59277486738853,2.026514384978253,11.905277444001348,9.878763059023095,4.430000000000001,13.710400236690704,2.990349510674854,4.584882197799206
2022-01-06 11:28:30.000000,2022-01-06 10:57:00,2022-01-06 12:00:00,3780.0,R,R17,S2P,2,1,193.8954417868139,220.99277242827887,206.59277486738853,2.026514384978253,11.905277444001348,9.878763059023095,4.460000000000001,13.242668552430953,3.0133687165953242,4.394639288415151
2022-01-06 11:28:45.000000,2022-01-06 11:01:00,2022-01-06 11:56:30,3330.0,C,C11,S6I,2,-1,249.51233853560473,269.9296126201352,260.02630649673233,14.982054199061444,5.289546535537718,9.692507663523728,4.679999999999999,11.453351503757322,2.1299064592551966,5.377396483300222
2022-01-06 11:28:45.000000,2022-01-06 11:01:00,2022-01-06 11:56:30,3330.0,C,C11,S7I,2,-1,249.51233853560473,269.9296126201352,260.02630649673233,14.982054199061444,5.289546535537718,9.692507663523728,4.609999999999999,13.274911615070351,3.253392396475767,4.080329083405488
2022-01-06 11:30:41.515151,2022-01-06 11:06:00,2022-01-06 11:56:00,3000.0,C,C43,S6I,2,-1,227.4659712848476,245.34066118620018,236.33932172371232,5.743926877371926,2.029620165133039,3.7143067122388875,4.36,17.663095593908675,6.114824984527166,2.888569278532587
2022-01-06 12:00:01.016949,2022-01-06 11:45:30,2022-01-06 12:15:00,1770.0,R,R09,S2P,4,-1,150.02623365257816,152.54877115563662,151.58574287372917,14.936642663251485,2.184559941096781,12.752082722154704,4.53,19.737724508434457,3.4906059734352413,5.654526652004149
2022-01-06 12:00:15.000000,2022-01-06 11:45:30,2022-01-06 12:15:00,1770.0,R,R09,S2C,4,-1,150.02623365257816,152.54877115563662,151.60136345313526,14.936642663251485,2.184559941096781,12.752082722154704,4.53,22.75282158234043,4.494935928861373,5.061878954991918
2022-01-06 12:11:34.615384,2022-01-06 11:55:30,2022-01-06 12:29:30,2040.0,G,G31,S2X,4,-1,133.6570366746671,130.06138418133438,132.19433647600826,14.855882664866703,2.2312740432296483,12.624608621637055,4.57,12.935694535836483,2.3448897525461843,5.516547002600159
2022-01-06 12:12:15.000000,2022-01-06 11:52:30,2022-01-06 12:32:00,2370.0,C,C14,S6I,2,1,236.27195982748952,229.58583723787385,232.70927921540255,2.3748457388173048,14.867499315510996,12.49265357669369,4.330000000000001,16.333995430404368,2.4833629902709036,6.577369274808487
2022-01-06 12:12:15.000000,2022-01-06 11:52:30,2022-01-06 12:32:00,2370.0,C,C14,S7I,2,1,236.27195982748952,229.58583723787385,232.70927921540255,2.3748457388173048,14.867499315510996,12.49265357669369,4.35,21.006109636413388,4.0458156501027105,5.192058030592697
2022-01-06 12:21:00.000000,2022-01-06 12:03:30,2022-01-06 12:38:30,2100.0,R,R02,S2C,3,1,234.5918219215313,224.00855451917462,229.16581962234358,2.0399761825291134,14.873483764268137,12.833507581739024,4.37,17.573609372994273,4.4078935256478875,3.986849789074985
2022-01-06 12:21:00.000000,2022-01-06 12:03:30,2022-01-06 12:38:30,2100.0,R,R02,S2P,3,1,234.5918219215313,224.00855451917462,229.16581962234358,2.0399761825291134,14.873483764268137,12.833507581739024,4.36,16.633269711162043,3.7226709558999014,4.468100970568105
2022-01-06 12:31:45.000000,2022-01-06 12:01:30,2022-01-06 13:02:00,3630.0,E,E13,S7X,1,1,205.85951778892357,223.6014306185106,214.3271370282728,2.163347496444329,7.423658220869095,5.260310724424766,4.37,23.43308014265038,6.228207189075417,3.7624117874166356
2022-01-06 12:31:45.000000,2022-01-06 12:01:30,2022-01-06 13:02:00,3630.0,E,E13,S8X,1,1,205.85951778892357,223.6014306185106,214.3271370282728,2.163347496444329,7.423658220869095,5.260310724424766,4.430000000000001,22.07982842228293,5.859876945258172,3.767967933208902
2022-01-06 12:32:46.384615,2022-01-06 12:00:30,2022-01-06 13:05:30,3900.0,R,R17,S2P,3,-1,221.23884583277686,251.445884279005,236.71135969299084,11.904945646765174,2.101264261106847,9.803681385658328,4.430000000000001,15.583504809250119,2.8334337078471883,5.499865681025689
2022-01-06 12:33:00.000000,2022-01-06 12:00:30,2022-01-06 13:05:30,3900.0,R,R17,S2C,3,-1,221.23884583277686,251.445884279005,236.81460010857816,11.904945646765174,2.101264261106847,9.803681385658328,4.430000000000001,17.832777532698156,3.291534199727712,5.417770696161488
2022-01-06 12:34:30.000000,2022-01-06 12:07:00,2022-01-06 13:02:00,3300.0,E,E13,S6X,1,1,207.24121826950395,223.6014306185106,215.10479953744704,3.048293550271094,7.423658220869095,4.375364670598001,4.0600000000000005,4.563933022939845,1.5383872435774093,2.966699731809233
2022-01-06 12:45:45.000000,2022-01-06 12:33:00,2022-01-06 12:58:30,1530.0,R,R18,S2P,3,1,192.11350920943386,203.5310598201653,197.76657960790138,2.013279927579429,3.559285534191761,1.546005606612332,6.409999999999998,9.992678395173183,5.174450355741226,1.9311574579290285
2022-01-06 12:46:31.956521,2022-01-06 12:33:00,2022-01-06 12:58:30,1530.0,R,R18,S2C,3,1,192.11350920943386,203.5310598201653,198.11971434235397,2.013279927579429,3.559285534191761,1.546005606612332,5.689999999999999,7.8338451010698655,3.315041755672793,2.3631210942258476
2022-01-06 12:54:27.000000,2022-01-06 12:18:00,2022-01-06 13:27:00,4140.0,G,G11,S2X,2,1,210.71710849925535,235.74392016236098,223.13979616620682,2.2125324349247255,10.847294700486694,8.63476226556197,4.159999999999999,9.335388027672966,2.6358185215135097,3.5417415696405783
2022-01-06 12:55:30.000000,2022-01-06 12:36:30,2022-01-06 13:14:30,2280.0,C,C36,S6I,4,-1,136.3741771981982,134.72749552932638,135.86044106883946,14.986025265514627,2.158412068771657,12.82761319674297,4.4399999999999995,16.948102929378972,2.8827944224380775,5.879053600723074
2022-01-06 12:57:47.666666,2022-01-06 12:35:30,2022-01-06 13:20:30,2700.0,E,E31,S6X,4,-1,141.4685032317628,145.97755863612875,144.1866395720644,14.873882872615965,2.2991352142607395,12.574747658355225,4.489999999999999,4.981984707410054,0.8594447637441344,5.796747990768192
2022-01-06 12:57:47.666666,2022-01-06 12:35:30,2022-01-06 13:20:30,2700.0,E,E31,S7X,4,-1,141.4685032317628,145.97755863612875,144.1866395720644,14.873882872615965,2.2991352142607395,12.574747658355225,4.5,26.667439758560807,4.285630184907214,6.22252471817938
2022-01-06 12:57:47.666666,2022-01-06 12:35:30,2022-01-06 13:20:30,2700.0,E,E31,S8X,4,-1,141.4685032317628,145.97755863612875,144.1866395720644,14.873882872615965,2.2991352142607395,12.574747658355225,4.55,23.82224867907079,3.97476699335175,5.9933698551175985
2022-01-06 13:11:09.183673,2022-01-06 12:59:00,2022-01-06 13:23:30,1470.0,R,R18,S2P,4,-1,203.7601223117308,214.93697788863437,209.3227064437542,3.5583120882986097,2.0647343344753426,1.493577753823267,7.93,9.241051544031155,3.9788910988930297,2.322519343794585
2022-01-06 13:11:14.411764,2022-01-06 12:45:00,2022-01-06 13:36:30,3090.0,E,E08,S8X,1,1,247.07433613225498,235.82454849659223,241.10433472193594,2.00744840305555,14.968688552884123,12.961240149828573,4.13,23.662019780412074,3.7909163850582646,6.2417677883044105
2022-01-06 13:11:15.000000,2022-01-06 12:59:00,2022-01-06 13:23:30,1470.0,R,R18,S2C,4,-1,203.7601223117308,214.93697788863437,209.36721452852132,3.5583120882986097,2.0647343344753426,1.493577753823267,7.8999999999999995,7.868739671286363,3.406159348898197,2.3101501912503575
2022-01-06 13:11:27.623762,2022-01-06 12:45:00,2022-01-06 13:36:30,3090.0,E,E08,S7X,1,1,247.07433613225498,235.82454849659223,241.0547944454299,2.00744840305555,14.968688552884123,12.961240149828573,4.080000000000001,24.14581130498188,3.691452752545047,6.541005106549099
2022-01-06 13:12:57.157894,2022-01-06 12:45:00,2022-01-06 13:36:30,3090.0,E,E08,S6X,1,1,247.07433613225498,235.82454849659223,240.71800068068586,2.00744840305555,14.968688552884123,12.961240149828573,4.1,5.064241538830349,0.8628954771522144,5.8688933630104305
2022-01-06 13:26:45.000000,2022-01-06 13:08:00,2022-01-06 13:45:30,2250.0,C,C33,S6I,3,1,225.9161490160745,223.31270897342196,224.3265428622571,2.201956369615792,14.900847570686782,12.698891201070989,4.170000000000002,13.517732928185751,2.710495205586711,4.987182010255472
2022-01-06 13:33:30.000000,2022-01-06 13:02:30,2022-01-06 14:04:30,3720.0,E,E13,S6X,2,-1,223.76407774669602,243.7531043098462,233.864226570622,7.422987059591845,2.0379039586625765,5.385083100929268,4.1899999999999995,5.66399710244321,1.4009208644218998,4.043052856365659
2022-01-06 13:33:30.000000,2022-01-06 13:02:30,2022-01-06 14:04:30,3720.0,E,E13,S7X,2,-1,223.76407774669602,243.7531043098462,233.864226570622,7.422987059591845,2.0379039586625765,5.385083100929268,4.07,25.77000448616152,7.14783098426839,3.605290128275072
2022-01-06 13:33:30.000000,2022-01-06 13:02:30,2022-01-06 14:04:30,3720.0,E,E13,S8X,2,-1,223.76407774669602,243.7531043098462,233.864226570622,7.422987059591845,2.0379039586625765,5.385083100929268,4.14,23.336210488187838,6.741528586093494,3.4615607113683464
2022-01-06 13:41:04.225352,2022-01-06 13:23:30,2022-01-06 13:59:30,2160.0,G,G26,S2X,4,-1,138.0636051684042,142.0920711651397,140.41288803122382,14.834587865590658,2.2077863838445477,12.62680148174611,4.220000000000001,15.487630983470712,2.4942859044099297,6.209244479988594
2022-01-06 14:03:13.006993,2022-01-06 13:27:30,2022-01-06 14:41:30,4440.0,G,G11,S2X,3,-1,235.95157711358527,265.67846454000164,250.6204946588603,10.847149515515875,2.122025486632313,8.725124028883563,4.3500000000000005,14.271476022888201,3.0176430390691316,4.729345332803379
2022-01-06 14:13:00.000000,2022-01-06 13:58:30,2022-01-06 14:27:30,1740.0,R,R03,S2C,3,1,216.97444060108444,213.43757817018061,214.9973238874759,2.1556691870062865,14.832097468224385,12.676428281218097,3.9899999999999998,16.483059014990243,3.1652496940170756,5.207506708284772
2022-01-06 14:13:00.000000,2022-01-06 13:58:30,2022-01-06 14:27:30,1740.0,R,R03,S2P,3,1,216.97444060108444,213.43757817018061,214.9973238874759,2.1556691870062865,14.832097468224385,12.676428281218097,4.06,15.739330936908145,2.8913764465078393,5.443542626875124
2022-01-06 14:55:11.860465,2022-01-06 14:32:30,2022-01-06 15:16:30,2640.0,G,G05,S2X,3,1,212.46266499218157,223.16548574228588,217.40446628887875,2.5696055732087837,14.894145629861454,12.324540056652669,3.8299999999999996,8.718619212468163,1.8672590305995316,4.6692071477993204
2022-01-06 15:19:30.000000,2022-01-06 15:16:00,2022-01-06 15:23:00,420.0,C,C29,S6I,3,1,130.05376417764762,132.58009536311204,131.3182920397522,6.097534382491125,6.175156171725821,0.07762178923469687,9.999999999999977,0.0322803758743119,0.010754503045077178,3.001568342024701
2022-01-06 15:20:50.232558,2022-01-06 14:59:30,2022-01-06 15:43:30,2640.0,E,E24,S6X,4,-1,136.19966746850884,131.89428649993812,134.4507276412663,14.979061571474377,2.0072870087371144,12.971774562737263,4.03,5.985337419616347,1.0219465555876135,5.856800814965135
2022-01-06 15:21:30.000000,2022-01-06 14:59:30,2022-01-06 15:43:30,2640.0,E,E24,S7X,4,-1,136.19966746850884,131.89428649993812,134.37854423404727,14.979061571474377,2.0072870087371144,12.971774562737263,3.960000000000001,27.716305445143238,4.645866520096429,5.965798915068262
2022-01-06 15:21:30.000000,2022-01-06 14:59:30,2022-01-06 15:43:30,2640.0,E,E24,S8X,4,-1,136.19966746850884,131.89428649993812,134.37854423404727,14.979061571474377,2.0072870087371144,12.971774562737263,4.000000000000002,25.69962423104015,4.336014234078079,5.927015651622829
2022-01-06 15:26:15.000000,2022-01-06 15:14:30,2022-01-06 15:38:00,1410.0,R,R11,S2C,4,-1,136.76460379542837,130.08761453286135,133.49257316889356,14.960303419704793,6.0619423759611974,8.898361043743595,3.83,16.285243729136017,3.506113737849202,4.644813302356264
2022-01-06 15:26:15.000000,2022-01-06 15:14:30,2022-01-06 15:38:00,1410.0,R,R11,S2P,4,-1,136.76460379542837,130.08761453286135,133.49257316889356,14.960303419704793,6.0619423759611974,8.898361043743595,3.82,15.547888021998379,3.1657031899660857,4.911353683212779
2022-01-06 15:40:43.536585,2022-01-06 15:19:30,2022-01-06 16:01:00,2490.0,C,C41,S6I,3,1,214.20647620373677,219.81851392187434,216.59675682338235,2.0933156915647655,14.927699772779592,12.834384081214827,3.9100000000000006,15.634603070500882,3.6894474727024518,4.237654333386898
2022-01-06 15:48:45.000000,2022-01-06 15:23:30,2022-01-06 16:14:00,3030.0,C,C29,S6I,4,-1,132.7597911187022,149.57097031305082,141.44099544710681,6.174736763214667,2.0642141498378854,4.110522613376782,4.010000000000001,20.343839745697945,6.020170134000682,3.3792798696502158
2022-01-06 15:50:45.000000,2022-01-06 15:40:30,2022-01-06 16:01:00,1230.0,R,R21,S2C,3,1,130.13128514383635,140.1849604821051,135.14938188497595,10.274974111770884,11.361181320384953,1.0862072086140682,10.000000000000007,2.07680747072028,0.9094510163228227,2.2835836493068338
2022-01-06 15:50:45.000000,2022-01-06 15:40:30,2022-01-06 16:01:00,1230.0,R,R21,S2P,3,1,130.13128514383635,140.1849604821051,135.14938188497595,10.274974111770884,11.361181320384953,1.0862072086140682,7.880000000000006,1.3623588502696036,0.6326054063426356,2.153568143127304
2022-01-06 15:50:45.000000,2022-01-06 15:40:30,2022-01-06 16:01:00,1230.0,R,R21,S3X,3,1,130.13128514383635,140.1849604821051,135.14938188497595,10.274974111770884,11.361181320384953,1.0862072086140682,8.91000000000001,5.062054553799006,2.1490930581566703,2.3554375807908725
2022-01-06 15:54:27.882353,2022-01-06 15:32:30,2022-01-06 16:15:30,2580.0,E,E07,S7X,3,1,223.3477911833779,222.0327996801135,222.30027048972536,2.0486300429957156,14.857446207391568,12.808816164395854,3.86,23.783905134979875,4.086593475352827,5.819983142053646
2022-01-06 15:54:27.882353,2022-01-06 15:32:30,2022-01-06 16:15:30,2580.0,E,E07,S8X,3,1,223.3477911833779,222.0327996801135,222.30027048972536,2.0486300429957156,14.857446207391568,12.808816164395854,3.9299999999999997,22.48318568527006,3.77015712711319,5.963461184039679
2022-01-06 15:54:44.482758,2022-01-06 15:40:00,2022-01-06 16:09:00,1740.0,R,R04,S2C,3,1,206.52227805449064,208.59878239508447,207.26967704415384,2.1791119236844745,14.968302810208627,12.789190886524153,3.879999999999999,16.37228866660977,3.286879449536641,4.981104089143826
2022-01-06 15:54:44.482758,2022-01-06 15:40:00,2022-01-06 16:09:00,1740.0,R,R04,S2P,3,1,206.52227805449064,208.59878239508447,207.26967704415384,2.1791119236844745,14.968302810208627,12.789190886524153,3.849999999999999,15.364312344395639,2.987525980559874,5.142821332558356
2022-01-06 15:55:33.375000,2022-01-06 15:32:30,2022-01-06 16:15:30,2580.0,E,E07,S6X,3,1,223.3477911833779,222.0327996801135,222.25594704888718,2.0486300429957156,14.857446207391568,12.808816164395854,3.9,5.362546705173883,0.9515910927398417,5.635347730855616
2022-01-06 16:14:51.521739,2022-01-06 15:52:00,2022-01-06 16:39:30,2850.0,G,G27,S2X,4,-1,136.93246859927189,149.26148372685097,143.5171369246749,14.936524273822643,2.145974619268686,12.790549654553956,3.95,17.741458261643785,2.735655508695462,6.4852676827368745
2022-01-06 16:31:18.500000,2022-01-06 16:01:30,2022-01-06 17:02:00,3630.0,R,R21,S3X,4,-1,140.4301453617604,166.5534497282026,154.07507483626748,11.360414484914301,2.112614660346738,9.247799824567563,3.91,16.230406396386368,3.8038740211634443,4.266809654075288
2022-01-06 16:31:45.000000,2022-01-06 16:01:30,2022-01-06 17:02:00,3630.0,R,R21,S2C,4,-1,140.4301453617604,166.5534497282026,154.25864318996227,11.360414484914301,2.112614660346738,9.247799824567563,3.83,14.39161756888308,3.318572484509987,4.33668923492208
2022-01-06 16:31:45.000000,2022-01-06 16:01:30,2022-01-06 17:02:00,3630.0,R,R21,S2P,4,-1,140.4301453617604,166.5534497282026,154.25864318996227,11.360414484914301,2.112614660346738,9.247799824567563,3.83,14.35623443374555,2.9284083833324654,4.902401767272796
2022-01-06 16:57:06.428571,2022-01-06 16:37:00,2022-01-06 17:14:30,2250.0,G,G15,S2X,3,1,219.53833249722112,222.65681950065914,220.80455267324916,2.0360724428269736,14.883263020100216,12.847190577273242,3.82,8.775527762667714,1.6052561912033245,5.466745937973579
2022-01-06 17:30:40.298507,2022-01-06 17:14:00,2022-01-06 17:49:30,2130.0,G,G08,S2X,4,-1,139.8447960152402,144.63375504836324,142.49210275485575,14.972819815391462,2.520741797130339,12.452078018261123,3.860000000000001,13.642173300785801,2.4670609614517764,5.529726874992937
2022-01-06 17:34:00.000000,2022-01-06 17:16:30,2022-01-06 17:51:30,2100.0,R,R05,S2C,3,1,199.70769599684607,208.9422126745324,203.84913584940736,2.1775201253359358,14.902337978837885,12.72481785350195,3.9399999999999995,11.370234888819692,2.7829968605105195,4.085608234115617
2022-01-06 17:34:00.000000,2022-01-06 17:16:30,2022-01-06 17:51:30,2100.0,R,R05,S2P,3,1,199.70769599684607,208.9422126745324,203.84913584940736,2.1775201253359358,14.902337978837885,12.72481785350195,3.949999999999999,11.671384131667445,2.2011262099823345,5.302460203661432
2022-01-06 18:00:45.000000,2022-01-06 17:56:00,2022-01-06 18:05:30,570.0,R,R22,S2C,4,-1,151.87280363222888,155.2480226979223,153.59526113498853,14.8660554546443,11.906414074332321,2.9596413803119788,4.079999999999997,2.2076621601872715,1.0804973299830718,2.04319075940878
2022-01-06 18:04:00.000000,2022-01-06 17:40:00,2022-01-06 18:28:00,2880.0,C,C35,S6I,4,-1,138.1693501178526,148.00894952511172,143.6953068410039,14.922361254775755,2.091627689951893,12.830733564823863,3.97,17.813752289427235,2.888742068639462,6.166612271415823
2022-01-06 18:04:45.000000,2022-01-06 17:42:30,2022-01-06 18:27:00,2670.0,R,R15,S2C,4,1,265.93693265011746,247.63707434384793,256.8271406185478,2.041168554456361,14.89143422378076,12.850265669324399,3.869999999999999,17.818184813213257,3.3049634706940614,5.391340924404026
2022-01-06 18:04:45.000000,2022-01-06 17:42:30,2022-01-06 18:27:00,2670.0,R,R15,S2P,4,1,265.93693265011746,247.63707434384793,256.8271406185478,2.041168554456361,14.89143422378076,12.850265669324399,3.84,16.69273767061376,3.095514090280958,5.3925574827858975
2022-01-06 18:06:45.000000,2022-01-06 17:44:30,2022-01-06 18:29:00,2670.0,C,C23,S6I,1,1,259.9640731337381,247.7715952445586,253.7942008948666,2.946815178587476,14.861146428283316,11.91433124969584,3.8700000000000014,20.282155236010052,3.193959481305929,6.350160468446893
2022-01-06 18:10:00.000000,2022-01-06 17:56:00,2022-01-06 18:31:00,2100.0,R,R22,S2P,4,-1,151.87280363222888,162.18993483401255,156.48408891272743,14.8660554546443,2.7328171677740647,12.133238286870235,3.83,2.242652887224337,0.7759763923142335,2.8901045308040367
2022-01-06 18:11:00.000000,2022-01-06 17:36:30,2022-01-06 18:45:30,4140.0,C,C32,S6I,3,1,210.0521792014452,232.64150917474177,220.66244188622358,2.732992506328292,10.454788688695835,7.721796182367543,3.9499999999999993,15.780383776786259,3.486681844274654,4.52590298787904
2022-01-06 18:35:48.200000,2022-01-06 17:58:30,2022-01-06 19:15:00,4590.0,E,E11,S7X,3,-1,132.7764278911077,153.52966996342423,143.8637134994359,12.622872039685541,2.0279978651411175,10.594874174544424,3.769999999999999,13.4378210112356,2.599606514403624,5.169175002747819
2022-01-06 18:35:48.200000,2022-01-06 17:58:30,2022-01-06 19:15:00,4590.0,E,E11,S8X,3,-1,132.7764278911077,153.52966996342423,143.8637134994359,12.622872039685541,2.0279978651411175,10.594874174544424,3.82,12.856278862459355,2.5068625655655716,5.128433859539826
2022-01-06 18:35:58.285714,2022-01-06 18:16:30,2022-01-06 18:53:30,2220.0,G,G24,S2X,4,1,235.60543660229263,230.31431697165434,232.596622362269,2.1521949268892535,14.870405269047785,12.718210342158532,3.97,13.433837053706146,2.6104787543780548,5.14612004835364
2022-01-06 18:36:15.394736,2022-01-06 17:58:30,2022-01-06 19:15:00,4590.0,E,E11,S6X,3,-1,132.7764278911077,153.52966996342423,143.97892929269642,12.622872039685541,2.0279978651411175,10.594874174544424,3.8299999999999996,2.9975685956547538,0.5841497499047733,5.1315071112217545
2022-01-06 18:43:00.000000,2022-01-06 18:36:30,2022-01-06 18:49:30,780.0,E,E27,S6X,1,1,269.9751451029101,265.98383622248593,267.9821251900816,12.144980728766539,14.967304572386286,2.8223238436197473,4.209999999999998,3.4665509825563565,1.4807558642742051,2.3410685489707594
2022-01-06 18:43:00.000000,2022-01-06 18:36:30,2022-01-06 18:49:30,780.0,E,E27,S7X,1,1,269.9751451029101,265.98383622248593,267.9821251900816,12.144980728766539,14.967304572386286,2.8223238436197473,4.190000000000003,14.486301778925544,6.336496201609215,2.2861690937724553
2022-01-06 18:43:00.000000,2022-01-06 18:36:30,2022-01-06 18:49:30,780.0,E,E27,S8X,1,1,269.9751451029101,265.98383622248593,267.9821251900816,12.144980728766539,14.967304572386286,2.8223238436197473,4.379999999999997,14.5921985430425,6.056077158254402,2.409513313936796
2022-01-06 19:24:00.000000,2022-01-06 18:46:00,2022-01-06 20:02:00,4560.0,C,C32,S6I,4,-1,232.82864607994452,260.4832336543603,246.9312755262652,10.45455009937107,2.0256752866844816,8.428874812686589,3.9899999999999993,17.974149359213197,3.6866166547369943,4.875513524336173
2022-01-06 19:40:45.000000,2022-01-06 19:29:30,2022-01-06 19:52:00,1350.0,G,G12,S2X,2,1,269.8809040812209,262.5056840706055,266.2071304194392,8.449488509474504,14.92425479015455,6.474766280680045,4.339999999999998,7.123582025123558,1.9427406245419072,3.6667694776822195
2022-01-06 19:53:01.376146,2022-01-06 19:26:00,2022-01-06 20:20:30,3270.0,G,G01,S2X,4,-1,134.86462750182272,150.8697529967673,143.57906165024676,14.96639908489891,2.2066593325750623,12.759739752323847,4.079999999999999,13.444296536258848,2.265741415878056,5.93372943710291
2022-01-06 20:23:00.000000,2022-01-06 20:04:00,2022-01-06 20:42:00,2280.0,C,C44,S6I,4,-1,138.3265571555021,137.99259976595118,138.49583467476288,14.8963207042206,2.0052529416756295,12.89106776254497,4.130000000000001,15.844605812119024,2.7724810566335827,5.714955481556274
2022-01-06 20:37:15.000000,2022-01-06 20:17:30,2022-01-06 20:57:00,2370.0,C,C37,S6I,3,1,233.40934863019925,228.16981499344013,230.5374387403793,2.070489516481313,14.861487368699333,12.79099785221802,4.24,14.559629536935462,2.432438678239674,5.9856101069203875
2022-01-06 21:11:19.285714,2022-01-06 20:50:30,2022-01-06 21:33:00,2550.0,E,E36,S6X,4,-1,142.98757388414558,145.99471588310502,144.89945245702722,14.86676033474432,2.3711529467766455,12.495607387967675,4.290000000000001,5.297822362735677,0.9717605314971026,5.451777666431673
2022-01-06 21:11:19.285714,2022-01-06 20:50:30,2022-01-06 21:33:00,2550.0,E,E36,S7X,4,-1,142.98757388414558,145.99471588310502,144.89945245702722,14.86676033474432,2.3711529467766455,12.495607387967675,4.28,24.01828593169512,4.237000113600285,5.668700799558437
2022-01-06 21:11:19.285714,2022-01-06 20:50:30,2022-01-06 21:33:00,2550.0,E,E36,S8X,4,-1,142.98757388414558,145.99471588310502,144.89945245702722,14.86676033474432,2.3711529467766455,12.495607387967675,4.3500000000000005,22.146412639952104,3.810647533115738,5.811718991980428
2022-01-06 21:15:55.063291,2022-01-06 20:55:00,2022-01-06 21:35:30,2430.0,G,G25,S2X,5,1,250.6999055037673,240.3196409451681,245.21636298563843,2.4178405395384197,14.908612169786183,12.490771630247764,4.2700000000000005,14.018932554333722,2.646663973124136,5.2968312927861785
2022-01-06 21:27:51.891892,2022-01-06 21:09:30,2022-01-06 21:47:00,2250.0,C,C12,S6I,4,-1,136.83231106239188,133.0212883965788,135.23902063064023,14.891625052563008,2.169517654040413,12.722107398522596,4.2700000000000005,17.574616462238975,3.013173676937386,5.832593254333072
2022-01-06 21:27:52.297297,2022-01-06 21:09:30,2022-01-06 21:47:00,2250.0,C,C12,S7I,4,-1,136.83231106239188,133.0212883965788,135.2380778539472,14.891625052563008,2.169517654040413,12.722107398522596,4.309999999999999,19.4780415651842,3.431969996776086,5.675469652555653
2022-01-06 21:32:56.000000,2022-01-06 21:19:00,2022-01-06 21:48:00,1740.0,G,G32,S2X,3,1,215.92168849598067,226.98379139404065,221.16843004370463,2.02748885084578,3.3300941260935955,1.3026052752478154,6.719999999999998,7.686132302552847,3.871232802294805,1.9854482267242186
2022-01-06 21:40:30.000000,2022-01-06 21:26:00,2022-01-06 21:55:00,1740.0,R,R24,S2C,4,-1,147.58186949512915,144.57997513790085,146.3008063541387,14.926297387156376,2.1565506146995195,12.769746772456857,4.33,14.327245077116762,2.4722051955960853,5.795330057002914
2022-01-06 21:40:30.000000,2022-01-06 21:26:00,2022-01-06 21:55:00,1740.0,R,R24,S2P,4,-1,147.58186949512915,144.57997513790085,146.3008063541387,14.926297387156376,2.1565506146995195,12.769746772456857,4.290000000000001,13.217740403546703,2.3389062757297783,5.65124842354897
2022-01-06 21:57:45.000000,2022-01-06 21:56:00,2022-01-06 21:59:30,210.0,E,E21,S6X,1,1,232.77695941755488,232.181046484312,232.4776258723005,13.988745771461366,14.968888049071422,0.9801422776100566,10.000000000000012,0.6276671496236199,0.14587129788951597,4.3028831490826915
2022-01-06 21:57:45.000000,2022-01-06 21:56:00,2022-01-06 21:59:30,210.0,E,E21,S7X,1,1,232.77695941755488,232.181046484312,232.4776258723005,13.988745771461366,14.968888049071422,0.9801422776100566,10.0,2.290733205656356,0.587561977958147,3.8987090580928103
2022-01-06 21:57:45.000000,2022-01-06 21:56:00,2022-01-06 21:59:30,210.0,E,E21,S8X,1,1,232.77695941755488,232.181046484312,232.4776258723005,13.988745771461366,14.968888049071422,0.9801422776100566,9.990000000000007,1.4465471859202368,0.38788323022592464,3.729336751881972
2022-01-06 22:02:42.000000,2022-01-06 21:50:30,2022-01-06 22:14:00,1410.0,G,G32,S2X,4,-1,227.96373825546758,237.1868192352814,232.7561777106593,3.3060659489936963,2.0802094935425357,1.2258564554511606,9.999999999999998,2.490472725673854,0.8259164034283486,3.0154053307768116
2022-01-06 22:12:00.000000,2022-01-06 21:57:30,2022-01-06 22:26:30,1740.0,R,R09,S2C,5,1,217.24164360350102,214.13394875615649,215.47414373868634,2.2249047431911944,14.859902266361049,12.634997523169854,4.390000000000001,16.917847950210426,2.907307095541024,5.819078409761927
2022-01-06 22:12:00.000000,2022-01-06 21:57:30,2022-01-06 22:26:30,1740.0,R,R09,S2P,5,1,217.24164360350102,214.13394875615649,215.47414373868634,2.2249047431911944,14.859902266361049,12.634997523169854,4.38,15.815940910793719,2.6444992256821007,5.980694097845419
2022-01-06 23:02:45.000000,2022-01-06 22:43:00,2022-01-06 23:22:30,2370.0,C,C46,S6I,4,1,217.61938534713266,220.6483553414786,218.72775249515394,2.0363947958697404,14.862398254732241,12.826003458862502,4.319999999999999,14.42259435418591,2.53706897656553,5.68474664559968
2022-01-06 23:26:32.812500,2022-01-06 23:00:00,2022-01-06 23:50:30,3030.0,G,G31,S2X,5,1,211.89943202955266,225.60244155536066,218.35983217255796,2.0115426439124433,14.919535144487815,12.907992500575372,4.390000000000001,8.777132943261355,1.5675643383719258,5.599217032697552
2022-01-06 23:28:00.000000,2022-01-06 23:14:00,2022-01-06 23:42:00,1680.0,R,R17,S2C,5,-1,138.16703462633265,130.07448045052243,134.21653775392454,14.858590030179869,4.299796931796375,10.558793098383493,4.32,16.74329388483507,3.112040644962373,5.380165555336925
2022-01-06 23:28:00.000000,2022-01-06 23:14:00,2022-01-06 23:42:00,1680.0,R,R17,S2P,5,-1,138.16703462633265,130.07448045052243,134.21653775392454,14.858590030179869,4.299796931796375,10.558793098383493,4.290000000000001,16.14680773555257,2.7582743140552566,5.853952833216683
2022-01-06 23:46:45.000000,2022-01-06 23:34:00,2022-01-06 23:59:30,1530.0,G,G06,S2X,5,-1,136.6492591014428,134.48093060300852,135.70864266060235,14.914482952235943,5.153969057678881,9.76051389455706,4.44,13.934272493037772,2.743108394270453,5.07973819851318
2022-01-06 23:46:45.000000,2022-01-06 23:36:30,2022-01-06 23:57:00,1230.0,R,R02,S2C,5,1,130.1875546680841,140.1006392625208,135.13682062136104,9.123198565827314,10.177547175287955,1.0543486094606411,8.890000000000008,2.5008842326341085,1.0733638322576171,2.329950159932232
2022-01-06 23:46:45.000000,2022-01-06 23:36:30,2022-01-06 23:57:00,1230.0,R,R02,S2P,5,1,130.1875546680841,140.1006392625208,135.13682062136104,9.123198565827314,10.177547175287955,1.0543486094606411,8.830000000000009,2.801393436463838,1.2380786852499157,2.2626941807808887
2022-01-06 23:58:30.000000,2022-01-06 23:57:30,2022-01-06 23:59:30,120.0,R,R02,S2C,6,-1,140.3422579955795,141.30729997438632,140.82493146269113,10.176864994446916,10.161260517290518,0.015604477156397678,10.000000000000256,0.0020465352982430548,0.0006830829506867157,2.9960274900517363
2022-01-06 23:58:30.000000,2022-01-06 23:57:30,2022-01-06 23:59:30,120.0,R,R02,S2P,6,-1,140.3422579955795,141.30729997438632,140.82493146269113,10.176864994446916,10.161260517290518,0.015604477156397678,10.000000000000256,0.0015426518149517453,0.0005148994903198689,2.996025134912078
2022-01-07 00:03:45.000000,2022-01-07 00:00:00,2022-01-07 00:07:30,450.0,G,G06,S2X,1,-1,134.42162018704386,133.46239215847294,133.95202763875412,4.9682658022749635,2.2107269633376143,2.757538838937349,4.36,21.274700738865075,8.39104454886407,2.535405528474416
2022-01-07 00:21:45.000000,2022-01-07 00:15:30,2022-01-07 00:28:00,750.0,E,E01,S6X,1,1,219.94466255893136,220.2075400448905,220.0405780724173,11.09334363504108,14.885742753092826,3.792399118051746,4.360000000000002,3.170942913900371,1.1648680973625325,2.7221476157514717
2022-01-07 00:21:45.000000,2022-01-07 00:15:30,2022-01-07 00:28:00,750.0,E,E01,S7X,1,1,219.94466255893136,220.2075400448905,220.0405780724173,11.09334363504108,14.885742753092826,3.792399118051746,4.209999999999998,10.789592998224254,3.792761753195167,2.844785330672218
2022-01-07 00:21:45.000000,2022-01-07 00:15:30,2022-01-07 00:28:00,750.0,E,E01,S8X,1,1,219.94466255893136,220.2075400448905,220.0405780724173,11.09334363504108,14.885742753092826,3.792399118051746,4.550000000000001,8.64648635664266,3.3694640219549186,2.5661310820663052
2022-01-07 00:27:15.000000,2022-01-07 00:00:00,2022-01-07 00:54:30,3270.0,R,R02,S2C,1,-1,141.5481562696306,164.97558500854979,153.85407155778663,10.154136731273837,2.125409520266944,8.028727211006894,4.310000000000001,15.078985907804087,3.366395575684563,4.479267385187716
2022-01-07 00:27:15.000000,2022-01-07 00:00:00,2022-01-07 00:54:30,3270.0,R,R02,S2P,1,-1,141.5481562696306,164.97558500854979,153.85407155778663,10.154136731273837,2.125409520266944,8.028727211006894,4.390000000000001,15.328848647217113,3.452402546858943,4.440052525498097
2022-01-07 00:53:27.826087,2022-01-07 00:36:00,2022-01-07 01:10:30,2070.0,G,G26,S2X,1,1,220.43517116027152,222.38841398315512,221.09133254997968,2.492200995244159,14.941038003870185,12.448837008626025,4.300000000000001,12.03492446412632,2.2700967357494175,5.3015029159774025
2022-01-07 01:15:45.000000,2022-01-07 00:44:00,2022-01-07 01:47:30,3810.0,C,C42,S6I,2,-1,132.02547823440412,149.75051245607676,141.79689243962443,14.965301279515446,2.2627980574968993,12.702503222018546,4.38,17.977694356835016,2.9184608583101346,6.159991594762923
2022-01-07 01:24:14.680851,2022-01-07 01:00:30,2022-01-07 01:47:30,2820.0,C,C30,S6I,1,1,267.33284033467964,253.32680257900057,260.23631828882606,2.749628660153407,14.86628183423287,12.116653174079463,4.310000000000001,12.736164566831082,2.1801098347306715,5.841982988166508
2022-01-07 01:29:45.000000,2022-01-07 01:27:00,2022-01-07 01:32:30,330.0,G,G31,S2X,2,-1,267.54935565669336,269.8744362029915,268.7153143162116,14.944715114630068,13.934044493437785,1.0106706211922827,9.990000000000014,0.9230348470607422,0.3464458626105923,2.664297504104531
2022-01-07 01:30:09.600000,2022-01-07 00:51:30,2022-01-07 02:07:30,4560.0,C,C36,S6I,1,1,211.33786248448018,233.94862892580807,221.67394925201728,2.2359576841212907,14.982554240091158,12.746596555969868,4.339999999999999,12.175888687478855,1.9237223793989313,6.329337755733351
2022-01-07 01:34:15.000000,2022-01-07 01:16:00,2022-01-07 01:52:30,2190.0,R,R11,S2C,1,1,199.6256875166571,209.75777196525192,204.18040904681266,2.1099832218426062,14.973920456116106,12.8639372342735,4.220000000000001,14.346834358766834,2.8918389927608485,4.961145622104591
2022-01-07 01:34:15.000000,2022-01-07 01:16:00,2022-01-07 01:52:30,2190.0,R,R11,S2P,1,1,199.6256875166571,209.75777196525192,204.18040904681266,2.1099832218426062,14.973920456116106,12.8639372342735,4.26,12.731741366896541,2.433794185379137,5.231231730021241
2022-01-07 02:11:45.000000,2022-01-07 01:49:00,2022-01-07 02:34:30,2730.0,R,R21,S2C,1,1,264.22970353241305,245.0513414913279,254.67235590111693,2.0193087962498653,14.953764627246192,12.934455830996328,4.260000000000001,18.483024790902515,3.172822256747162,5.825420806853412
2022-01-07 02:11:45.000000,2022-01-07 01:49:00,2022-01-07 02:34:30,2730.0,R,R21,S2P,1,1,264.22970353241305,245.0513414913279,254.67235590111693,2.0193087962498653,14.953764627246192,12.934455830996328,4.260000000000001,18.233794066412674,2.8808818795122306,6.3292404301907315
2022-01-07 02:12:41.724138,2022-01-07 01:49:00,2022-01-07 02:34:30,2730.0,R,R21,S3X,1,1,264.22970353241305,245.0513414913279,254.27345835254908,2.0193087962498653,14.953764627246192,12.934455830996328,4.230000000000001,13.675776583457242,2.356781622997539,5.802733885061154
2022-01-07 02:14:00.000000,2022-01-07 01:55:30,2022-01-07 02:32:30,2220.0,R,R03,S2C,2,-1,149.84648867320038,160.54915425677333,155.72114532220382,14.937749940554678,2.181918758682546,12.755831181872132,4.410000000000001,17.996462967919143,3.608246049733639,4.987593063185822
2022-01-07 02:14:00.000000,2022-01-07 01:55:30,2022-01-07 02:32:30,2220.0,R,R03,S2P,2,-1,149.84648867320038,160.54915425677333,155.72114532220382,14.937749940554678,2.181918758682546,12.755831181872132,4.400000000000001,15.681973741232905,3.1062852968172048,5.048465367074021
2022-01-07 02:27:53.571428,2022-01-07 02:07:00,2022-01-07 02:50:30,2610.0,C,C14,S6I,2,-1,139.61149951323614,147.0867746595149,143.7281830737036,14.876504688317677,2.248710626627225,12.627794061690452,4.37,17.569520523503257,2.81059061909247,6.251184503411029
2022-01-07 02:27:53.571428,2022-01-07 02:07:00,2022-01-07 02:50:30,2610.0,C,C14,S7I,2,-1,139.61149951323614,147.0867746595149,143.7281830737036,14.876504688317677,2.248710626627225,12.627794061690452,4.35,25.11348071724986,4.01209810275166,6.25943834723932
2022-01-07 02:49:00.000000,2022-01-07 02:10:30,2022-01-07 03:27:30,4620.0,E,E03,S6X,2,-1,130.08005866555877,150.18192149993,141.09544916465103,12.989199173906503,2.1108651508555933,10.87833402305091,4.279999999999999,5.055995807775376,0.9311492041289116,5.429844954338173
2022-01-07 02:49:00.000000,2022-01-07 02:10:30,2022-01-07 03:27:30,4620.0,E,E03,S7X,2,-1,130.08005866555877,150.18192149993,141.09544916465103,12.989199173906503,2.1108651508555933,10.87833402305091,4.28,23.72069229649759,3.8983176623595606,6.08485360891293
2022-01-07 02:49:00.000000,2022-01-07 02:10:30,2022-01-07 03:27:30,4620.0,E,E03,S8X,2,-1,130.08005866555877,150.18192149993,141.09544916465103,12.989199173906503,2.1108651508555933,10.87833402305091,4.33,24.025585251734455,3.852626090242168,6.236158061792147
2022-01-07 02:56:30.000000,2022-01-07 02:46:00,2022-01-07 03:07:00,1260.0,E,E33,S6X,1,1,267.089462425343,260.5484702822148,263.8206236249935,10.461164839266326,14.947813955868229,4.486649116601903,4.580000000000001,3.8804662407694224,1.2208614053074607,3.1784658143011484
2022-01-07 02:56:30.000000,2022-01-07 02:46:00,2022-01-07 03:07:00,1260.0,E,E33,S7X,1,1,267.089462425343,260.5484702822148,263.8206236249935,10.461164839266326,14.947813955868229,4.486649116601903,4.439999999999999,16.781412165268204,4.957850528480769,3.384816074802183
2022-01-07 02:56:30.000000,2022-01-07 02:46:00,2022-01-07 03:07:00,1260.0,E,E33,S8X,1,1,267.089462425343,260.5484702822148,263.8206236249935,10.461164839266326,14.947813955868229,4.486649116601903,4.4799999999999995,15.864949322138079,4.540649263195179,3.4939825567972145
2022-01-07 02:59:00.000000,2022-01-07 02:37:30,2022-01-07 03:20:30,2580.0,E,E31,S6X,1,1,212.5371305695235,222.71394622517195,217.2338305279388,6.669629180381726,14.958806388614633,8.289177208232907,4.319999999999999,3.2077541534612397,0.6727507452088816,4.768116834215126
2022-01-07 02:59:00.000000,2022-01-07 02:37:30,2022-01-07 03:20:30,2580.0,E,E31,S7X,1,1,212.5371305695235,222.71394622517195,217.2338305279388,6.669629180381726,14.958806388614633,8.289177208232907,4.31,15.036015406441745,3.2833220011344304,4.579512883977449
2022-01-07 02:59:00.000000,2022-01-07 02:37:30,2022-01-07 03:20:30,2580.0,E,E31,S8X,1,1,212.5371305695235,222.71394622517195,217.2338305279388,6.669629180381726,14.958806388614633,8.289177208232907,4.370000000000001,13.479608853898078,2.8053000609389613,4.805050640246421
2022-01-07 03:10:15.000000,2022-01-07 02:37:00,2022-01-07 03:43:30,3990.0,C,C36,S6I,2,-1,245.38958315458274,269.95985164450974,258.004944141562,14.988958009040232,5.698250508490197,9.290707500550035,4.309999999999998,14.716549502863016,3.2537104137893094,4.523005317404369
2022-01-07 03:24:55.522388,2022-01-07 03:07:30,2022-01-07 03:41:30,2040.0,G,G27,S2X,1,1,228.96507821487992,225.14115352381666,226.7778510812569,2.5463764244971316,14.836356766661376,12.289980342164245,4.27,10.548050954599807,2.342294922173931,4.503297537275942
2022-01-07 03:29:45.000000,2022-01-07 03:00:30,2022-01-07 03:59:00,3510.0,R,R12,S2C,1,1,195.61742647603438,220.79148803560693,207.54521411824368,2.095312180879985,10.323645676974921,8.228333496094937,4.08,12.536283990388396,2.8504754187908503,4.397962496973993
2022-01-07 03:29:45.000000,2022-01-07 03:00:30,2022-01-07 03:59:00,3510.0,R,R12,S2P,1,1,195.61742647603438,220.79148803560693,207.54521411824368,2.095312180879985,10.323645676974921,8.228333496094937,4.09,12.741543850686611,2.63283657086841,4.839473893544392
2022-01-07 03:39:16.323529,2022-01-07 03:22:30,2022-01-07 03:56:30,2040.0,G,G05,S2X,2,-1,135.0845150463464,132.21040567421565,133.9121092979172,14.820788594653353,2.2400916747451447,12.580696919908208,4.319999999999999,12.041551096800136,1.928967870058538,6.242484016301792
2022-01-07 03:40:45.000000,2022-01-07 03:21:30,2022-01-07 04:00:00,2310.0,C,C33,S6I,2,-1,140.14894909602552,142.31506752232764,141.6151305084704,14.86110651927258,2.044172617206457,12.816933902066122,4.3500000000000005,15.607932215870468,2.469681397994946,6.319816081759389
2022-01-07 03:50:00.000000,2022-01-07 03:48:00,2022-01-07 03:52:00,240.0,R,R11,S2C,2,-1,268.16667578063124,269.94978553238695,269.0614779823206,14.918939186463025,13.767529113257092,1.1514100732059322,9.99,3.656611609399584,1.397176292362872,2.617144042156346
2022-01-07 03:50:00.000000,2022-01-07 03:48:00,2022-01-07 03:52:00,240.0,R,R11,S2P,2,-1,268.16667578063124,269.94978553238695,269.0614779823206,14.918939186463025,13.767529113257092,1.1514100732059322,9.99,3.3694048619639045,1.347253254602292,2.500943939421805
2022-01-07 03:55:15.000000,2022-01-07 03:40:30,2022-01-07 04:10:00,1770.0,R,R04,S2C,2,-1,151.64476174622828,154.40272146014982,153.344990205796,14.936695822582935,2.063179187668242,12.873516634914694,4.22,18.06587407002589,3.422682912862227,5.278278628188277
2022-01-07 03:55:15.000000,2022-01-07 03:40:30,2022-01-07 04:10:00,1770.0,R,R04,S2P,2,-1,151.64476174622828,154.40272146014982,153.344990205796,14.936695822582935,2.063179187668242,12.873516634914694,4.24,18.091916761997183,3.15833811903913,5.7283026959448335
2022-01-07 04:06:45.000000,2022-01-07 03:46:30,2022-01-07 04:27:00,2430.0,C,C29,S6I,1,1,236.1536756500982,229.40215082167776,232.54437141009373,2.07925479365294,14.912590170647233,12.833335376994293,4.25,17.18279545335884,2.5380391154045006,6.770106634318095
2022-01-07 04:18:41.739130,2022-01-07 04:03:30,2022-01-07 04:31:00,1650.0,R,R22,S2P,1,1,232.3779430044175,223.71326127809562,227.51449645343556,5.018045867299995,14.973630448025066,9.95558458072507,4.2,1.862122168421602,0.5887141477254245,3.163032815868548
2022-01-07 04:29:02.521008,2022-01-07 03:59:30,2022-01-07 04:59:30,3600.0,R,R12,S2C,2,-1,221.03249907222403,248.71087328518118,235.00651421341723,10.322648889010612,2.07475061781711,8.247898271193502,4.15,19.37844177455541,4.5143783757064,4.292604687023629
2022-01-07 04:29:30.000000,2022-01-07 03:59:30,2022-01-07 04:59:30,3600.0,R,R12,S2P,2,-1,221.03249907222403,248.71087328518118,235.21430070407877,10.322648889010612,2.07475061781711,8.247898271193502,4.170000000000001,18.849201833370252,4.182183842897194,4.50702373244131
2022-01-07 04:42:23.076923,2022-01-07 04:25:00,2022-01-07 04:58:30,2010.0,G,G08,S2X,1,1,220.49404918342807,221.15503583215596,220.52697601725663,2.473090670401547,14.954970030021236,12.48187935961969,4.329999999999999,9.906068456030189,2.0769000864630778,4.769641313319044
2022-01-07 05:11:45.000000,2022-01-07 05:03:00,2022-01-07 05:20:30,1050.0,E,E24,S7X,1,1,214.17031621424644,219.4947750998323,216.81644429478524,2.6775449048308997,3.091541697571639,0.4139967927407393,9.990000000000002,0.6692095144229174,0.20677377978790396,3.2364331450020023
2022-01-07 05:11:45.000000,2022-01-07 05:03:00,2022-01-07 05:20:30,1050.0,E,E24,S8X,1,1,214.17031621424644,219.4947750998323,216.81644429478524,2.6775449048308997,3.091541697571639,0.4139967927407393,10.000000000000007,0.4164250005356538,0.12763088328748504,3.2627291280094646
2022-01-07 05:17:00.000000,2022-01-07 04:53:00,2022-01-07 05:41:00,2880.0,E,E31,S6X,2,-1,254.57492522797799,269.89966456626706,262.44151610093195,14.96223759989486,6.207282689178453,8.754954910716407,4.320000000000001,3.6080716203642624,0.7518132424226259,4.799159441163465
2022-01-07 05:17:00.000000,2022-01-07 04:53:00,2022-01-07 05:41:00,2880.0,E,E31,S7X,2,-1,254.57492522797799,269.89966456626706,262.44151610093195,14.96223759989486,6.207282689178453,8.754954910716407,4.39,17.762282106625285,3.285337728665989,5.406531557362189
2022-01-07 05:17:00.000000,2022-01-07 04:53:00,2022-01-07 05:41:00,2880.0,E,E31,S8X,2,-1,254.57492522797799,269.89966456626706,262.44151610093195,14.96223759989486,6.207282689178453,8.754954910716407,4.41,16.92636232264106,3.1249722813381355,5.416483987305344
2022-01-07 05:17:15.000000,2022-01-07 05:14:00,2022-01-07 05:20:30,390.0,E,E24,S6X,1,1,217.49459190762457,219.4947750998323,218.49303244279193,3.0372673562574786,3.091541697571639,0.054274341314160424,9.989999999999945,0.0035411166857102724,0.0011798671204055775,3.001284317926428
2022-01-07 05:33:45.000000,2022-01-07 05:21:00,2022-01-07 05:46:30,1530.0,E,E24,S6X,2,-1,219.6494682320733,227.60784713916337,223.6231582312086,3.0908543278858494,2.156192005039514,0.9346623228463353,10.000000000000002,0.407579423267427,0.10235246239475256,3.9821164408871415
2022-01-07 05:33:45.000000,2022-01-07 05:21:00,2022-01-07 05:46:30,1530.0,E,E24,S7X,2,-1,219.6494682320733,227.60784713916337,223.6231582312086,3.0908543278858494,2.156192005039514,0.9346623228463353,10.000000000000002,6.180835252571225,1.8542515174755547,3.3333316404594555
2022-01-07 05:33:45.000000,2022-01-07 05:21:00,2022-01-07 05:46:30,1530.0,E,E24,S8X,2,-1,219.6494682320733,227.60784713916337,223.6231582312086,3.0908543278858494,2.156192005039514,0.9346623228463353,10.0,5.128531780023105,1.4978271102976242,3.4239811422588327
2022-01-07 05:35:00.000000,2022-01-07 05:13:00,2022-01-07 05:57:00,2640.0,E,E08,S6X,2,-1,140.15571502139727,142.09363044765098,141.5618663125929,14.993164457562692,2.138479302521746,12.854685155040945,4.43,5.377907553370556,0.7869595705338939,6.833778703170283
2022-01-07 05:35:00.000000,2022-01-07 05:13:00,2022-01-07 05:57:00,2640.0,E,E08,S7X,2,-1,140.15571502139727,142.09363044765098,141.5618663125929,14.993164457562692,2.138479302521746,12.854685155040945,4.409999999999999,27.606539518149543,4.276254471924305,6.455775655868923
2022-01-07 05:35:00.000000,2022-01-07 05:13:00,2022-01-07 05:57:00,2640.0,E,E08,S8X,2,-1,140.15571502139727,142.09363044765098,141.5618663125929,14.993164457562692,2.138479302521746,12.854685155040945,4.46,25.310055958810512,3.906796146270069,6.478468548448516
2022-01-07 05:35:46.551724,2022-01-07 05:21:30,2022-01-07 05:50:30,1740.0,R,R05,S2C,2,-1,147.67641477800467,144.68793056020812,146.42782772627723,14.79591001346741,2.0458120214689948,12.750097991998414,4.420000000000001,17.25263173980301,2.9460012296984717,5.856288030663466
2022-01-07 05:35:46.551724,2022-01-07 05:21:30,2022-01-07 05:50:30,1740.0,R,R05,S2P,2,-1,147.67641477800467,144.68793056020812,146.42782772627723,14.79591001346741,2.0458120214689948,12.750097991998414,4.44,15.42448067159436,2.697016367501147,5.7190904947623755
2022-01-07 05:40:40.434782,2022-01-07 05:23:30,2022-01-07 06:00:00,2190.0,G,G15,S2X,2,-1,137.30925335257064,140.1453787821756,139.0199973621033,14.832295889042136,2.1094991788901654,12.722796710151972,4.3500000000000005,10.76652104729966,2.0170828917179917,5.3376691119171555
2022-01-07 05:47:15.000000,2022-01-07 05:36:00,2022-01-07 05:58:30,1350.0,C,C41,S6I,2,-1,132.81479452920385,130.06203961032372,131.52629655649787,14.94270611556262,7.4354871715742386,7.507218943988382,4.340000000000001,15.2439377356574,3.2093074880851717,4.749914987034375
2022-01-07 06:23:00.000000,2022-01-07 06:04:30,2022-01-07 06:41:30,2220.0,C,C35,S6I,1,1,219.80224257337593,220.72163670254733,219.9230843026764,2.441045291679599,14.905951585489344,12.464906293809745,4.460000000000001,16.328338973263776,2.6693104135948515,6.117062627899407
2022-01-07 07:02:25.652174,2022-01-07 06:44:00,2022-01-07 07:19:30,2130.0,G,G01,S2X,1,1,231.8712307000313,226.45267441153376,228.840091596368,2.3824954585218583,14.890453061201377,12.507957602679518,4.630000000000001,11.668300058792983,2.387193672470217,4.88787323515267
2022-01-07 07:14:45.728155,2022-01-07 06:49:00,2022-01-07 07:44:30,3330.0,G,G24,S2X,3,-1,130.02323486832393,147.13771913557912,138.66233134741822,12.939189879782015,2.1830873020073014,10.756102577774714,4.49,16.237842201575173,2.9083537233513335,5.583173075269571
2022-01-07 07:50:30.000000,2022-01-07 07:48:00,2022-01-07 07:53:00,300.0,E,E07,S6X,2,-1,130.66920662447345,130.0622449520365,130.36932104993545,14.888881906853651,13.433503997868385,1.455377908985266,7.360000000000003,0.9868743154044818,0.48915387926077436,2.0175130102124084
2022-01-07 07:50:30.000000,2022-01-07 07:48:00,2022-01-07 07:53:00,300.0,E,E07,S7X,2,-1,130.66920662447345,130.0622449520365,130.36932104993545,14.888881906853651,13.433503997868385,1.455377908985266,7.209999999999997,8.04775360909522,4.346344758874768,1.85161418515238
2022-01-07 07:50:30.000000,2022-01-07 07:48:00,2022-01-07 07:53:00,300.0,E,E07,S8X,2,-1,130.66920662447345,130.0622449520365,130.36932104993545,14.888881906853651,13.433503997868385,1.455377908985266,6.979999999999995,8.02210874648309,4.304716057126292,1.8635628087949718
2022-01-07 07:51:30.000000,2022-01-07 07:37:00,2022-01-07 08:06:00,1740.0,R,R24,S2C,1,1,206.80544878952983,208.66679992714296,207.4361313282961,2.0127008811585343,14.824775947783163,12.81207506662463,4.4799999999999995,15.75861370801909,3.08254437425817,5.112209848337213
2022-01-07 07:51:30.000000,2022-01-07 07:37:00,2022-01-07 08:06:00,1740.0,R,R24,S2P,1,1,206.80544878952983,208.66679992714296,207.4361313282961,2.0127008811585343,14.824775947783163,12.81207506662463,4.4799999999999995,15.403794613742859,2.6585796062391744,5.793994122874154
2022-01-07 07:59:39.886363,2022-01-07 07:37:30,2022-01-07 08:21:30,2640.0,G,G03,S2X,1,1,266.1747834216785,252.42888070906503,259.2385028019872,2.111280937166549,14.860860517679555,12.749579580513005,4.609999999999999,13.991514629180129,2.781902128010011,5.0294776686441995
2022-01-07 08:31:00.000000,2022-01-07 08:00:30,2022-01-07 09:01:30,3660.0,C,C23,S6I,3,-1,130.03036144934308,149.08953742220183,140.14162917140055,10.022111980424562,2.0387487654195673,7.983363215004994,4.579999999999999,20.4527862208063,4.22347505342527,4.842644022300767
2022-01-07 08:44:30.000000,2022-01-07 08:17:30,2022-01-07 09:11:30,3240.0,C,C44,S6I,1,1,211.33952193944032,224.39528527385417,217.14277762819265,2.228144897428415,14.996800219094203,12.768655321665788,4.750000000000002,11.075863670632753,2.0194348146971404,5.4846353989860415
2022-01-07 08:49:30.000000,2022-01-07 08:40:30,2022-01-07 08:58:30,1080.0,C,C22,S6I,1,1,269.9843993016043,264.2872116089612,267.14329048397275,10.30564768144406,14.938331680818708,4.632683999374647,4.470000000000002,8.394532781956528,2.6918036075759453,3.118553210319854
2022-01-07 09:04:43.865546,2022-01-07 08:32:30,2022-01-07 09:34:30,3720.0,G,G17,S2X,1,1,209.4550238643141,233.259696536473,221.22831402248437,2.1775783504023094,9.513313818656576,7.335735468254266,4.73,11.42783893144048,3.19559622183224,3.5761210547708586
2022-01-07 09:33:00.000000,2022-01-07 09:15:30,2022-01-07 09:50:30,2100.0,R,R17,S2C,1,1,198.85710636246276,208.1663917657048,203.03125153796051,2.186478360250661,14.990710693600304,12.804232333349644,4.73,17.09439674757201,3.192407052028183,5.354704606579443
2022-01-07 09:33:00.000000,2022-01-07 09:15:30,2022-01-07 09:50:30,2100.0,R,R17,S2P,1,1,198.85710636246276,208.1663917657048,203.03125153796051,2.186478360250661,14.990710693600304,12.804232333349644,4.73,14.046043174363257,2.599614893201207,5.403124597838696
2022-01-07 09:45:45.000000,2022-01-07 09:43:30,2022-01-07 09:48:00,270.0,G,G25,S2X,3,1,130.06729624527742,131.79889331557146,130.93367257618922,5.027217125612967,5.063134536506048,0.03591741089308087,10.000000000000062,0.0026903894038305585,0.0008977858365413811,2.996693971242608
2022-01-07 09:59:28.490566,2022-01-07 09:19:00,2022-01-07 10:39:00,4800.0,C,C12,S6I,1,1,208.1945440196903,234.25144217405904,220.27234240905725,2.6807445111936037,13.375651561360808,10.694907050167204,4.63,12.816482219970005,2.1581585947359008,5.938619270720644
2022-01-07 09:59:43.860759,2022-01-07 09:19:30,2022-01-07 10:39:00,4770.0,C,C12,S7I,1,1,208.31041190312834,234.25144217405904,220.34888367373162,2.8030285804743205,13.375651561360808,10.572622980886488,4.69,18.617239317797985,4.0598052866521455,4.585746853182311
2022-01-07 10:06:03.145161,2022-01-07 09:35:00,2022-01-07 10:41:00,3960.0,G,G17,S2X,2,-1,233.47356370033106,260.7295367463029,246.5853731520017,9.512561786794043,2.0392649159649587,7.473296870829085,4.63,11.925367585643215,3.0743450943968393,3.8789944588126573
2022-01-07 10:06:15.000000,2022-01-07 09:44:00,2022-01-07 10:28:30,2670.0,R,R02,S2C,2,1,265.28885025301315,246.80891694236925,256.08750829458455,2.1279462951926376,14.993429772169664,12.865483476977026,4.67,18.019478190488517,2.822038829483542,6.385269402471772
2022-01-07 10:06:15.000000,2022-01-07 09:44:00,2022-01-07 10:28:30,2670.0,R,R02,S2P,2,1,265.28885025301315,246.80891694236925,256.08750829458455,2.1279462951926376,14.993429772169664,12.865483476977026,4.67,16.766825373440994,2.5754196005488614,6.510327625784834
2022-01-07 10:06:47.916666,2022-01-07 09:48:30,2022-01-07 10:30:30,2520.0,G,G25,S2X,4,-1,131.99077156801576,147.24525765630452,138.81784516894626,5.062896968762176,2.007983270028298,3.054913698733878,5.9,13.176927326770455,6.503111244821563,2.0262497181273442
2022-01-07 10:11:30.000000,2022-01-07 09:52:30,2022-01-07 10:30:30,2280.0,R,R09,S2C,4,-1,148.5148595898311,159.37866551462386,154.49002529733536,14.960409348200217,2.004068454212588,12.95634089398763,4.71,19.110935545248307,3.5439364423945157,5.392572879308102
2022-01-07 10:11:30.000000,2022-01-07 09:52:30,2022-01-07 10:30:30,2280.0,R,R09,S2P,4,-1,148.5148595898311,159.37866551462386,154.49002529733536,14.960409348200217,2.004068454212588,12.95634089398763,4.73,18.67012815235369,3.196531462346072,5.840745937363895
2022-01-07 10:51:21.785714,2022-01-07 10:30:30,2022-01-07 11:13:00,2550.0,C,C37,S6I,3,-1,138.8828892800564,144.8064433516031,142.27931060914722,14.94398628704175,2.089661178310272,12.854325108731476,4.780000000000001,17.481782622525234,2.8922908388668565,6.044268573410224
2022-01-07 10:59:41.428571,2022-01-07 10:38:00,2022-01-07 11:20:30,2550.0,G,G06,S2X,2,1,210.55243040334466,220.79466215350473,215.21423724271241,2.262011728812074,14.948651899104474,12.6866401702924,4.7,11.45481336804742,2.3804271781971993,4.812083088684379
2022-01-07 10:59:45.000000,2022-01-07 10:50:00,2022-01-07 11:09:30,1170.0,C,C44,S6I,2,-1,262.6762623678567,269.8745402662866,266.31592706213706,14.977391064095084,11.423933609858965,3.553457454236119,4.71,8.5223051480559,2.769193723183219,3.077540251773868
2022-01-07 11:01:30.000000,2022-01-07 10:48:00,2022-01-07 11:15:00,1620.0,C,C34,S6I,1,1,213.95643805093007,223.1622870888276,218.5079589260307,2.02435408479103,3.165683892696573,1.1413298079055432,8.910000000000004,8.306330293717327,3.7161044198041586,2.2352252131158026
2022-01-07 11:03:15.000000,2022-01-07 10:34:00,2022-01-07 11:32:30,3510.0,E,E36,S7X,1,1,208.5202002261982,222.38925225045213,214.73436273591506,3.660976695646753,14.996514896560512,11.33553820091376,4.61,19.773637327068244,3.9277477624142505,5.0343450046074425
2022-01-07 11:03:15.000000,2022-01-07 10:34:00,2022-01-07 11:32:30,3510.0,E,E36,S8X,1,1,208.5202002261982,222.38925225045213,214.73436273591506,3.660976695646753,14.996514896560512,11.33553820091376,4.68,18.14367727373322,3.3660821394478253,5.390146919204272
2022-01-07 11:04:45.000000,2022-01-07 10:37:00,2022-01-07 11:32:30,3330.0,E,E36,S6X,1,1,209.01500153309658,222.38925225045213,215.05648459272942,4.404789793993078,14.996514896560512,10.591725102567434,4.57,4.520482689289046,0.914485506317484,4.943197741309701
2022-01-07 11:15:15.000000,2022-01-07 10:40:30,2022-01-07 11:50:00,4170.0,E,E27,S6X,3,-1,134.53958782594225,150.88927603999983,143.6819268835974,14.992538567100743,2.104218330642816,12.888320236457927,4.76,5.492034591518584,0.7482433139211753,7.339904666488139
2022-01-07 11:15:15.000000,2022-01-07 10:40:30,2022-01-07 11:50:00,4170.0,E,E27,S7X,3,-1,134.53958782594225,150.88927603999983,143.6819268835974,14.992538567100743,2.104218330642816,12.888320236457927,4.76,24.802935571232208,3.6131051596368327,6.8647145530979365
2022-01-07 11:15:15.000000,2022-01-07 10:40:30,2022-01-07 11:50:00,4170.0,E,E27,S8X,3,-1,134.53958782594225,150.88927603999983,143.6819268835974,14.992538567100743,2.104218330642816,12.888320236457927,4.819999999999999,23.260494300245565,3.341657908285565,6.9607646679128035
2022-01-07 11:18:59.655172,2022-01-07 10:57:00,2022-01-07 11:40:30,2610.0,C,C21,S6I,1,1,244.83031601130614,235.08326832146824,239.71387128245743,2.050029463047084,14.877637697541187,12.827608234494104,4.5600000000000005,16.021998941736232,2.5923171524161224,6.1805705088218925
2022-01-07 11:20:15.000000,2022-01-07 10:47:30,2022-01-07 11:53:00,3930.0,R,R18,S2C,2,1,193.82529337431023,221.9902594273154,206.9228515448826,2.0903262618446474,12.911878994886976,10.821552733042328,4.569999999999999,12.89264640146231,2.3317974947857083,5.529059204451689
2022-01-07 11:20:30.000000,2022-01-07 10:48:00,2022-01-07 11:53:00,3900.0,R,R18,S2P,2,1,193.98859668899684,221.9902594273154,207.02299253645523,2.2399555304601013,12.911878994886976,10.671923464426875,4.559999999999999,11.73882007411346,1.8644899449175467,6.295995377241139
2022-01-07 11:21:50.647058,2022-01-07 10:39:30,2022-01-07 12:06:00,5190.0,C,C12,S6I,2,-1,234.4463544305518,266.45682439641894,250.61807469893438,13.374841038326442,2.077678909008532,11.297162129317911,4.770000000000001,15.603618182930985,3.4218361922847853,4.560013193534064
2022-01-07 11:21:50.647058,2022-01-07 10:39:30,2022-01-07 12:06:00,5190.0,C,C12,S7I,2,-1,234.4463544305518,266.45682439641894,250.61807469893438,13.374841038326442,2.077678909008532,11.297162129317911,4.739999999999999,21.174373992761435,4.69527150391152,4.509723021367681
2022-01-07 11:22:00.000000,2022-01-07 11:02:00,2022-01-07 11:42:00,2400.0,E,E09,S6X,1,1,265.7098898585549,254.3236593642274,259.9921819997556,6.138415973027224,14.952666242249979,8.814250269222754,4.540000000000001,4.510199926787271,0.850298043486638,5.304257679217096
2022-01-07 11:22:00.000000,2022-01-07 11:02:00,2022-01-07 11:42:00,2400.0,E,E09,S7X,1,1,265.7098898585549,254.3236593642274,259.9921819997556,6.138415973027224,14.952666242249979,8.814250269222754,4.53,20.431972261668978,4.3154122789546765,4.7346512780044785
2022-01-07 11:22:00.000000,2022-01-07 11:02:00,2022-01-07 11:42:00,2400.0,E,E09,S8X,1,1,265.7098898585549,254.3236593642274,259.9921819997556,6.138415973027224,14.952666242249979,8.814250269222754,4.6,19.06428294652395,4.100508991282935,4.649247931671835
2022-01-07 11:29:00.000000,2022-01-07 11:15:30,2022-01-07 11:42:30,1620.0,C,C34,S6I,2,-1,223.33772077238189,232.88011180316641,228.1054550823986,3.165452757828459,2.0390500661669906,1.1264026916614682,9.700000000000001,7.3566973857080304,2.877863569083958,2.5563051232653513
2022-01-07 12:07:50.909091,2022-01-07 11:51:30,2022-01-07 12:25:30,2040.0,G,G31,S2X,4,-1,133.653026006432,130.04896482237822,132.15397420119692,14.815309090193802,2.1933830029498855,12.621926087243917,4.54,13.925559590552147,2.113672838182213,6.588323102324726
2022-01-07 12:16:00.000000,2022-01-07 11:58:30,2022-01-07 12:33:30,2100.0,R,R03,S2C,3,1,234.60961794652397,224.10305399117638,229.22086751909129,2.0130315264291774,14.8660641106357,12.853032584206522,4.550000000000001,18.005457136258897,3.191752265418567,5.6412451966718224
2022-01-07 12:16:00.000000,2022-01-07 11:58:30,2022-01-07 12:33:30,2100.0,R,R03,S2P,3,1,234.60961794652397,224.10305399117638,229.22086751909129,2.0130315264291774,14.8660641106357,12.853032584206522,4.540000000000001,15.93480080100678,2.9029212353063367,5.489229472437004
2022-01-07 12:27:15.882353,2022-01-07 11:53:30,2022-01-07 13:01:30,4080.0,R,R18,S2C,3,-1,222.2399543134576,254.09008548242372,238.61167190140725,12.911836904356619,2.124350095765076,10.787486808591543,4.57,15.857607317162453,3.1057425403450587,5.105898866749147
2022-01-07 12:27:15.882353,2022-01-07 11:53:30,2022-01-07 13:01:30,4080.0,R,R18,S2P,3,-1,222.2399543134576,254.09008548242372,238.61167190140725,12.911836904356619,2.124350095765076,10.787486808591543,4.61,15.184170936779513,2.7311442123456833,5.559637190940703
2022-01-07 12:45:45.000000,2022-01-07 12:42:30,2022-01-07 12:49:00,390.0,R,R19,S2C,2,1,203.9175571752852,206.92129682035417,205.41756666695667,5.022153844472061,5.132388467086925,0.11023462261486472,9.989999999999984,0.0030279581338173455,0.0010049773050567613,3.012961704290751
2022-01-07 12:45:45.000000,2022-01-07 12:42:30,2022-01-07 12:49:00,390.0,R,R19,S2P,2,1,203.9175571752852,206.92129682035417,205.41756666695667,5.022153844472061,5.132388467086925,0.11023462261486472,9.989999999999984,0.0024993011177889307,0.0008455774913736679,2.95573279005894
2022-01-07 12:49:24.666666,2022-01-07 12:14:00,2022-01-07 13:23:00,4140.0,G,G11,S2X,2,1,210.71502179334635,235.74538746006013,222.7715273913575,2.211368563526415,10.835697788309659,8.624329224783244,4.27,12.449871930683564,2.828110843009832,4.402186696980279
2022-01-07 13:06:07.500000,2022-01-07 12:49:30,2022-01-07 13:24:30,2100.0,R,R19,S2C,3,-1,207.15321922358225,223.1928388098525,214.82991079793877,5.132202467377121,2.1866355769220553,2.945566890455066,4.02,13.051722128966503,4.805910242192355,2.715764854362445
2022-01-07 13:06:07.500000,2022-01-07 12:49:30,2022-01-07 13:24:30,2100.0,R,R19,S2P,3,-1,207.15321922358225,223.1928388098525,214.82991079793877,5.132202467377121,2.1866355769220553,2.945566890455066,4.04,13.93864120856868,5.018957934350148,2.777198253281126
2022-01-07 13:16:00.000000,2022-01-07 12:57:00,2022-01-07 13:35:00,2280.0,C,C46,S6I,4,-1,135.167419109614,132.15728477702268,133.9452027718935,14.95747056482137,2.218851784524981,12.73861878029639,4.48,18.053909772917716,2.897329194377575,6.231224883921479
2022-01-07 13:21:45.000000,2022-01-07 12:49:00,2022-01-07 13:54:30,3930.0,E,E36,S6X,2,-1,249.10399667301684,269.9559854249624,259.90482355780637,14.98225841216612,2.8844969316967912,12.097761480469329,4.49,5.2953511030856,0.8843632802784465,5.9877555085940815
2022-01-07 13:21:45.000000,2022-01-07 12:49:00,2022-01-07 13:54:30,3930.0,E,E36,S7X,2,-1,249.10399667301684,269.9559854249624,259.90482355780637,14.98225841216612,2.8844969316967912,12.097761480469329,4.460000000000001,23.760899907235775,3.969928740884726,5.985220757877003
2022-01-07 13:21:45.000000,2022-01-07 12:49:00,2022-01-07 13:54:30,3930.0,E,E36,S8X,2,-1,249.10399667301684,269.9559854249624,259.90482355780637,14.98225841216612,2.8844969316967912,12.097761480469329,4.53,21.766270394570732,3.7022410030524657,5.879214880021217
2022-01-07 13:35:16.034482,2022-01-07 13:21:00,2022-01-07 13:50:00,1740.0,R,R11,S2C,4,-1,146.99559859652726,143.7430319606174,145.61227630589107,14.889115306205165,2.203233845869083,12.68588146033608,4.400000000000001,18.433008205823437,3.459458964066668,5.328292197504503
2022-01-07 13:35:30.000000,2022-01-07 13:21:00,2022-01-07 13:50:00,1740.0,R,R11,S2P,4,-1,146.99559859652726,143.7430319606174,145.58320028180253,14.889115306205165,2.203233845869083,12.68588146033608,4.410000000000001,17.15848838368322,2.8864762510724913,5.944441211774342
2022-01-07 13:36:47.500000,2022-01-07 13:19:00,2022-01-07 13:55:30,2190.0,G,G26,S2X,4,-1,137.9894583977188,142.09520536850607,140.38662924207108,14.968981091615428,2.1727300786185597,12.796251012996867,4.42,14.679826963907846,2.3181704807410735,6.332505346722815
2022-01-07 13:41:45.000000,2022-01-07 13:23:30,2022-01-07 14:00:00,2190.0,C,C42,S6I,3,1,223.90762032895734,222.3770290806235,222.84956357091,2.49624909980328,14.9623577204501,12.466108620646821,4.319999999999999,12.700924825474141,2.37644487651038,5.344506388940289
2022-01-07 13:56:00.000000,2022-01-07 13:34:30,2022-01-07 14:17:30,2580.0,E,E21,S6X,4,-1,140.50971962962265,140.98260569434166,141.151845214529,14.961009812930868,2.061770396732373,12.899239416198496,4.369999999999999,6.1704399650449195,0.816378321075851,7.558309432951753
2022-01-07 13:56:00.000000,2022-01-07 13:34:30,2022-01-07 14:17:30,2580.0,E,E21,S7X,4,-1,140.50971962962265,140.98260569434166,141.151845214529,14.961009812930868,2.061770396732373,12.899239416198496,4.359999999999999,27.37103262719929,3.973732468938675,6.887990784772103
2022-01-07 13:56:00.000000,2022-01-07 13:34:30,2022-01-07 14:17:30,2580.0,E,E21,S8X,4,-1,140.50971962962265,140.98260569434166,141.151845214529,14.961009812930868,2.061770396732373,12.899239416198496,4.41,26.669964009381644,3.9158026977410145,6.810854904606727
2022-01-07 13:59:37.448275,2022-01-07 13:23:30,2022-01-07 14:37:30,4440.0,G,G11,S2X,3,-1,235.95303467332303,265.67600772947264,250.78346462236544,10.83547658640612,2.103142024446705,8.732334561959416,4.37,16.239036772842056,3.7427992811509103,4.338741020557361
2022-01-07 14:05:45.000000,2022-01-07 13:51:00,2022-01-07 14:20:30,1770.0,R,R04,S2C,3,1,217.22673053821728,213.34978434062813,215.07730340814672,2.0859537562338466,14.924541315624333,12.838587559390486,4.27,14.714116093594065,2.5745366260616285,5.715248307072188
2022-01-07 14:05:45.000000,2022-01-07 13:51:00,2022-01-07 14:20:30,1770.0,R,R04,S2P,3,1,217.22673053821728,213.34978434062813,215.07730340814672,2.0859537562338466,14.924541315624333,12.838587559390486,4.279999999999999,13.654882055328226,2.284691569172183,5.976685098144704
2022-01-07 14:32:30.000000,2022-01-07 14:29:00,2022-01-07 14:36:00,420.0,E,E05,S6X,1,1,229.76173121718253,228.93523606954258,229.3411259676157,12.906629676397936,14.94793039133312,2.0413007149351845,6.100000000000002,1.807609074496893,0.8613349165267375,2.098613489147669
2022-01-07 14:32:30.000000,2022-01-07 14:29:00,2022-01-07 14:36:00,420.0,E,E05,S7X,1,1,229.76173121718253,228.93523606954258,229.3411259676157,12.906629676397936,14.94793039133312,2.0413007149351845,6.250000000000005,8.012106067465671,3.69957363034486,2.1656836349324973
2022-01-07 14:32:30.000000,2022-01-07 14:29:00,2022-01-07 14:36:00,420.0,E,E05,S8X,1,1,229.76173121718253,228.93523606954258,229.3411259676157,12.906629676397936,14.94793039133312,2.0413007149351845,6.260000000000005,8.53328299611079,3.818384869178887,2.2347886052528287
2022-01-07 14:46:42.567567,2022-01-07 14:28:00,2022-01-07 15:05:00,2220.0,C,C14,S6I,3,1,217.87030199764592,219.97246837683625,218.57558754044427,2.5319591073380177,14.849838908266296,12.317879800928278,4.070000000000001,12.907841438875904,2.1739465742934967,5.937515480605027
2022-01-07 14:46:42.567567,2022-01-07 14:28:00,2022-01-07 15:05:00,2220.0,C,C14,S7I,3,1,217.87030199764592,219.97246837683625,218.57558754044427,2.5319591073380177,14.849838908266296,12.317879800928278,4.12,19.006838618965304,3.7061353408761346,5.128479364834007
2022-01-07 14:48:28.181818,2022-01-07 14:39:30,2022-01-07 14:56:30,1020.0,R,R21,S2C,3,1,151.44619103521563,159.15779302917394,155.51097786628404,2.004968933933633,2.6837060966218838,0.6787371626882508,9.999999999999998,3.7104775569993564,0.9808981026316844,3.7827349722100507
2022-01-07 14:48:28.181818,2022-01-07 14:39:30,2022-01-07 14:56:30,1020.0,R,R21,S2P,3,1,151.44619103521563,159.15779302917394,155.51097786628404,2.004968933933633,2.6837060966218838,0.6787371626882508,9.999999999999998,2.562436408899256,0.6562450609482419,3.904694391446789
2022-01-07 14:48:28.181818,2022-01-07 14:39:30,2022-01-07 14:56:30,1020.0,R,R21,S3X,3,1,151.44619103521563,159.15779302917394,155.51097786628404,2.004968933933633,2.6837060966218838,0.6787371626882508,9.990000000000004,3.8872524490803593,1.0282818989753764,3.7803373306033903
2022-01-07 14:50:40.227272,2022-01-07 14:27:30,2022-01-07 15:12:30,2700.0,G,G05,S2X,3,1,212.3189897974259,223.2051544676517,217.32105294687162,2.2898033888381515,14.923160888291022,12.63335749945287,4.069999999999999,9.907463025325926,1.6308760953830401,6.074933008935289
2022-01-07 15:05:00.000000,2022-01-07 14:57:00,2022-01-07 15:13:00,960.0,R,R21,S2P,4,-1,159.38464219776253,166.56328812980962,162.98983272351208,2.6829883783533606,2.029063194181383,0.6539251841719778,9.99,0.6391641053004102,0.20572230934529112,3.1069265522759424
2022-01-07 15:05:18.387096,2022-01-07 14:57:00,2022-01-07 15:13:00,960.0,R,R21,S2C,4,-1,159.38464219776253,166.56328812980962,163.127506260892,2.6829883783533606,2.029063194181383,0.6539251841719778,9.99,1.932903887524825,0.579439149504828,3.3358185914373046
2022-01-07 15:05:30.000000,2022-01-07 14:57:00,2022-01-07 15:13:00,960.0,R,R21,S3X,4,-1,159.38464219776253,166.56328812980962,163.214534131671,2.6829883783533606,2.029063194181383,0.6539251841719778,9.990000000000004,1.754423504228498,0.5276662081339418,3.3248737121766916
2022-01-07 15:26:15.000000,2022-01-07 15:15:30,2022-01-07 15:37:00,1290.0,R,R12,S2C,4,-1,136.16977430819927,130.0470535372879,133.16315631879166,14.867469073255702,6.716353030045,8.151116043210703,4.219999999999999,15.366152535506297,3.1358255635362116,4.900193656874898
2022-01-07 15:26:15.000000,2022-01-07 15:15:30,2022-01-07 15:37:00,1290.0,R,R12,S2P,4,-1,136.16977430819927,130.0470535372879,133.16315631879166,14.867469073255702,6.716353030045,8.151116043210703,4.209999999999999,14.044089110370075,2.945490449426225,4.767996824809203
2022-01-07 15:26:30.000000,2022-01-07 15:26:00,2022-01-07 15:27:00,60.0,C,C30,S6I,3,1,130.02273890821917,130.38735813724497,130.2050680611192,7.809246777945911,7.810865762385341,0.0016189844394300934,,,,
2022-01-07 15:42:09.069767,2022-01-07 15:31:00,2022-01-07 15:53:00,1320.0,R,R22,S2P,3,1,131.34925650905566,142.00687235737684,136.73924373685526,9.278355370433038,10.506945482835416,1.2285901124023777,6.949999999999999,0.18104704952249281,0.08234405921099514,2.1986655899314496
2022-01-07 15:46:45.000000,2022-01-07 15:32:30,2022-01-07 16:01:00,1710.0,R,R05,S2C,3,1,206.8464065119298,208.62127482300204,207.44488425349354,2.186432579147177,14.78180561749407,12.595373038346894,3.9900000000000007,16.551441485264387,3.29813430928143,5.018425550071209
2022-01-07 15:46:45.000000,2022-01-07 15:32:30,2022-01-07 16:01:00,1710.0,R,R05,S2P,3,1,206.8464065119298,208.62127482300204,207.44488425349354,2.186432579147177,14.78180561749407,12.595373038346894,4.01,17.056871588850903,2.6378761771337778,6.466138076042785
2022-01-07 15:56:30.769230,2022-01-07 15:27:30,2022-01-07 16:27:00,3570.0,C,C30,S6I,4,-1,130.5694874586837,150.1486969884242,140.56371479243998,7.810455769034802,2.0913454103458906,5.719110358688912,4.13,22.838082860458805,7.246008315196518,3.151815712460912
2022-01-07 15:57:30.000000,2022-01-07 15:35:30,2022-01-07 16:19:30,2640.0,C,C33,S6I,3,1,212.87592972152763,220.31274854637405,216.06790120857235,2.15738665826386,14.981853099759853,12.824466441495993,4.0,15.117840660496869,2.7724515272489194,5.452878260237132
2022-01-07 16:02:45.000000,2022-01-07 16:01:30,2022-01-07 16:04:00,150.0,E,E01,S6X,4,-1,130.37094255473545,130.01345219565684,130.1929502380618,14.976590067111745,14.252768799288937,0.7238212678228084,9.999999999999986,0.783719228615575,0.2326174611011661,3.3691332753164773
2022-01-07 16:02:45.000000,2022-01-07 16:01:30,2022-01-07 16:04:00,150.0,E,E01,S7X,4,-1,130.37094255473545,130.01345219565684,130.1929502380618,14.976590067111745,14.252768799288937,0.7238212678228084,9.99000000000001,3.452925203504364,1.0193465222978924,3.3873909685986905
2022-01-07 16:02:45.000000,2022-01-07 16:01:30,2022-01-07 16:04:00,150.0,E,E01,S8X,4,-1,130.37094255473545,130.01345219565684,130.1929502380618,14.976590067111745,14.252768799288937,0.7238212678228084,9.990000000000018,0.4483415642734543,0.1529686524851068,2.9309375286358446
2022-01-07 16:10:20.333333,2022-01-07 15:48:00,2022-01-07 16:34:30,2790.0,G,G27,S2X,4,-1,136.96806604750378,149.0999601569721,143.42235710754406,14.912154083848636,2.4272412372053602,12.484912846643276,4.140000000000001,16.92954082808242,2.4615420152565486,6.877616032208159
2022-01-07 16:16:15.205479,2022-01-07 15:53:30,2022-01-07 16:50:00,3390.0,R,R22,S2P,4,-1,142.249373504635,166.80220127052203,152.75441184262922,10.506050266394155,2.4079200547111017,8.098130211683053,3.9099999999999993,2.9447971053206095,1.2432097080597129,2.368705043267863
2022-01-07 16:43:25.454545,2022-01-07 16:25:00,2022-01-07 17:00:00,2100.0,E,E26,S7X,3,1,130.14668228858926,141.21747826668496,135.97357727210556,2.110660974975031,3.81146077168993,1.700799796714899,7.219999999999999,14.67937182295451,8.546710796426199,1.7175463371350623
2022-01-07 16:43:25.454545,2022-01-07 16:25:00,2022-01-07 17:00:00,2100.0,E,E26,S8X,3,1,130.14668228858926,141.21747826668496,135.97357727210556,2.110660974975031,3.81146077168993,1.700799796714899,7.3000000000000025,13.196042626207547,7.71196415862326,1.7111130646856252
2022-01-07 16:44:52.909091,2022-01-07 16:25:00,2022-01-07 17:00:00,2100.0,E,E26,S6X,3,1,130.14668228858926,141.21747826668496,136.43648273945385,2.110660974975031,3.81146077168993,1.700799796714899,6.250000000000001,3.105987129100873,1.4232891361129922,2.1822601257136935
2022-01-07 16:52:27.123287,2022-01-07 16:33:00,2022-01-07 17:10:30,2250.0,G,G15,S2X,3,1,219.53461600049533,222.66106037829047,220.75775818716664,2.0489250417575557,14.894615137204068,12.845690095446512,3.9799999999999995,11.30603129617542,1.9154837337711852,5.902441820226903
2022-01-07 17:07:30.000000,2022-01-07 17:01:00,2022-01-07 17:14:00,780.0,E,E03,S6X,3,1,218.81453147018982,220.11849437214235,219.42547655857203,11.310603228237714,14.962709554539881,3.6521063263021674,3.6100000000000003,2.006119035883061,0.7608064725836107,2.636832240754358
2022-01-07 17:07:30.000000,2022-01-07 17:01:00,2022-01-07 17:14:00,780.0,E,E03,S7X,3,1,218.81453147018982,220.11849437214235,219.42547655857203,11.310603228237714,14.962709554539881,3.6521063263021674,3.7600000000000007,11.860931497892999,4.029731507711775,2.9433552769445077
2022-01-07 17:07:30.000000,2022-01-07 17:01:00,2022-01-07 17:14:00,780.0,E,E03,S8X,3,1,218.81453147018982,220.11849437214235,219.42547655857203,11.310603228237714,14.962709554539881,3.6521063263021674,3.7500000000000027,12.845170466261226,4.5342813186761415,2.8329010847548353
2022-01-07 17:15:13.928571,2022-01-07 17:00:30,2022-01-07 17:35:30,2100.0,E,E26,S6X,4,-1,141.37444979384043,151.89662621840657,145.89334648245728,3.8111382383048906,2.0171813597414094,1.7939568785634812,8.139999999999999,1.9343246629044306,1.1928049728724976,1.6216604615976866
2022-01-07 17:17:32.608695,2022-01-07 17:00:30,2022-01-07 17:35:30,2100.0,E,E26,S7X,4,-1,141.37444979384043,151.89662621840657,146.59152060238137,3.8111382383048906,2.0171813597414094,1.7939568785634812,5.369999999999998,18.106377814902682,9.717210591775414,1.8633308030009976
2022-01-07 17:17:32.608695,2022-01-07 17:00:30,2022-01-07 17:35:30,2100.0,E,E26,S8X,4,-1,141.37444979384043,151.89662621840657,146.59152060238137,3.8111382383048906,2.0171813597414094,1.7939568785634812,5.410000000000001,17.315210111148257,9.171392236109153,1.8879587379302858
2022-01-07 17:26:49.411764,2022-01-07 17:10:00,2022-01-07 17:45:30,2130.0,G,G08,S2X,4,-1,139.85381109637046,144.6340338961851,142.51806486846863,14.956518083194414,2.502294091127423,12.454223992066991,4.0,14.035406130787859,2.3656956396101427,5.9328875176440015
2022-01-07 18:20:30.000000,2022-01-07 17:50:00,2022-01-07 18:51:00,3660.0,C,C41,S6I,3,1,210.22836170457475,230.44463903445634,219.86129828218074,2.5392068115001014,8.557138327922537,6.017931516422436,4.09,17.372064324591896,4.584685480971979,3.789150727283679
2022-01-07 18:23:15.000000,2022-01-07 18:01:30,2022-01-07 18:45:00,2610.0,C,C29,S6I,4,-1,139.5118913766772,146.87450811749184,143.7066200808974,14.971977058477401,2.3240819733547573,12.647895085122645,4.040000000000001,16.998463765766893,2.6539918392946378,6.404866629237505
2022-01-07 18:31:00.405405,2022-01-07 18:12:00,2022-01-07 18:49:30,2250.0,G,G24,S2X,4,1,235.67639200045733,230.30266762400979,232.72930117748385,2.0120359289082628,14.896391591450488,12.884355662542225,4.139999999999999,16.332569998609852,2.9642416852458915,5.509864489087712
2022-01-07 18:33:15.000000,2022-01-07 18:10:00,2022-01-07 18:56:30,2790.0,C,C25,S6I,1,1,253.1575123916935,241.5207266619169,247.1961953290421,2.029239751111325,14.990883686192422,12.961643935081097,4.14,18.401470367292184,2.8476380783841186,6.462011625344618
2022-01-07 19:23:45.000000,2022-01-07 18:51:30,2022-01-07 19:56:00,3870.0,C,C41,S6I,4,-1,230.62886928665847,254.04059270325502,242.48733098180426,8.557026745775037,2.3968165178731993,6.160210227901837,3.9899999999999993,18.33562310951291,4.579206239040555,4.004105111752867
2022-01-07 19:30:45.000000,2022-01-07 19:02:00,2022-01-07 19:59:30,3450.0,R,R07,S2C,3,1,195.17155921183155,219.94205052377154,206.92868883281022,2.0246122788633825,10.104332900691185,8.079720621827803,4.130000000000001,16.659290444554223,3.5384684400920077,4.708051160157033
2022-01-07 19:30:45.000000,2022-01-07 19:02:00,2022-01-07 19:59:30,3450.0,R,R07,S2P,3,1,195.17155921183155,219.94205052377154,206.92868883281022,2.0246122788633825,10.104332900691185,8.079720621827803,4.180000000000001,16.909118556166607,3.3122457563559724,5.105031389569802
2022-01-07 19:34:30.000000,2022-01-07 19:06:00,2022-01-07 20:03:00,3420.0,E,E33,S6X,4,-1,140.13855019980272,151.66714545433368,146.63899465845824,14.926557097489304,2.101343986479413,12.82521311100989,4.15,5.318914951912964,0.6998715305136979,7.5998447143705645
2022-01-07 19:34:30.000000,2022-01-07 19:06:00,2022-01-07 20:03:00,3420.0,E,E33,S7X,4,-1,140.13855019980272,151.66714545433368,146.63899465845824,14.926557097489304,2.101343986479413,12.82521311100989,4.17,26.047907210694426,3.8519119975090192,6.76233185689062
2022-01-07 19:34:30.000000,2022-01-07 19:06:00,2022-01-07 20:03:00,3420.0,E,E33,S8X,4,-1,140.13855019980272,151.66714545433368,146.63899465845824,14.926557097489304,2.101343986479413,12.82521311100989,4.21,23.728117103957914,3.5950252664960223,6.600264350043107
2022-01-07 19:36:45.000000,2022-01-07 19:25:30,2022-01-07 19:48:00,1350.0,G,G12,S2X,2,1,269.8442704359021,262.46773193393136,266.169824096106,8.498519195698547,14.9742350712414,6.475715875542853,4.249999999999999,8.723735887622345,2.331728152558502,3.7413177338233776
2022-01-07 19:43:30.000000,2022-01-07 19:28:30,2022-01-07 19:58:30,1800.0,E,E02,S6X,1,1,259.13506460662654,250.66639935017005,254.87407134443924,8.28485725845875,14.986407303949928,6.701550045491178,4.259999999999999,3.998491356245427,0.9990771964608379,4.002184586346087
2022-01-07 19:43:30.000000,2022-01-07 19:28:30,2022-01-07 19:58:30,1800.0,E,E02,S7X,1,1,259.13506460662654,250.66639935017005,254.87407134443924,8.28485725845875,14.986407303949928,6.701550045491178,4.16,16.890596963354216,3.852772109740125,4.384011429239066
2022-01-07 19:43:30.000000,2022-01-07 19:28:30,2022-01-07 19:58:30,1800.0,E,E02,S8X,1,1,259.13506460662654,250.66639935017005,254.87407134443924,8.28485725845875,14.986407303949928,6.701550045491178,4.2,15.343351336025478,3.517844450756091,4.361577537269372
2022-01-07 19:48:16.698113,2022-01-07 19:22:00,2022-01-07 20:16:00,3240.0,G,G01,S2X,4,-1,134.8980066437081,150.78477543593183,143.40604117354823,14.95471447593258,2.3310850348783796,12.6236294410542,4.209999999999999,13.97165123310991,2.22384530803078,6.282654275751688
2022-01-07 19:50:00.000000,2022-01-07 19:14:30,2022-01-07 20:25:30,4260.0,E,E08,S6X,3,1,212.6157405377378,233.2151784915594,222.24434158392987,5.534026083689669,12.681591244556593,7.1475651608669235,4.360000000000001,3.381632545982231,0.8899711297187541,3.7997103872918707
2022-01-07 19:50:00.000000,2022-01-07 19:14:30,2022-01-07 20:25:30,4260.0,E,E08,S7X,3,1,212.6157405377378,233.2151784915594,222.24434158392987,5.534026083689669,12.681591244556593,7.1475651608669235,4.4399999999999995,15.314701786071726,3.871287461113289,3.955971221436392
2022-01-07 19:50:00.000000,2022-01-07 19:14:30,2022-01-07 20:25:30,4260.0,E,E08,S8X,3,1,212.6157405377378,233.2151784915594,222.24434158392987,5.534026083689669,12.681591244556593,7.1475651608669235,4.499999999999999,14.938806244788701,3.738433474318352,3.9960069765619064
2022-01-07 19:52:45.000000,2022-01-07 19:38:00,2022-01-07 20:07:30,1770.0,R,R24,S2C,4,-1,151.69883440025257,154.61738649888136,153.48053006209287,14.834787490395787,2.0050496436039675,12.829737846791819,4.229999999999999,14.771402315394923,2.487034171796171,5.939364437733804
2022-01-07 19:52:45.000000,2022-01-07 19:38:00,2022-01-07 20:07:30,1770.0,R,R24,S2P,4,-1,151.69883440025257,154.61738649888136,153.48053006209287,14.834787490395787,2.0050496436039675,12.829737846791819,4.219999999999999,13.779314884377811,2.2359297461420757,6.162677923200833
2022-01-07 20:14:45.000000,2022-01-07 19:57:30,2022-01-07 20:32:00,2070.0,R,R09,S2C,5,1,234.44807621613938,224.5481641216183,229.35913769479228,2.029748575961014,14.820313806771681,12.790565230810667,4.300000000000001,19.997678986238046,3.607901691737336,5.542744978898923
2022-01-07 20:14:45.000000,2022-01-07 19:57:30,2022-01-07 20:32:00,2070.0,R,R09,S2P,5,1,234.44807621613938,224.5481641216183,229.35913769479228,2.029748575961014,14.820313806771681,12.790565230810667,4.270000000000001,17.608780524875097,3.0646926722337113,5.745692116019216
2022-01-07 20:29:45.000000,2022-01-07 20:00:00,2022-01-07 20:59:30,3570.0,R,R07,S2C,4,-1,220.18253475068434,247.591902693799,234.22209213887214,10.104331265190021,2.0725718757230114,8.031759389467009,4.15,19.4400545368567,3.8747709458538773,5.0170848312099965
2022-01-07 20:29:45.000000,2022-01-07 20:00:00,2022-01-07 20:59:30,3570.0,R,R07,S2P,4,-1,220.18253475068434,247.591902693799,234.22209213887214,10.104331265190021,2.0725718757230114,8.031759389467009,4.17,19.78299141231289,4.3543597196062445,4.5432607056409715
2022-01-07 20:35:45.000000,2022-01-07 20:17:00,2022-01-07 20:54:30,2250.0,C,C35,S6I,4,-1,137.69745472676985,136.39066630614766,137.3557121633895,14.898409321324719,2.1413668776139065,12.757042443710812,4.28,16.687223729703785,2.7206791092410927,6.133477363436119
2022-01-07 20:56:30.000000,2022-01-07 20:37:30,2022-01-07 21:15:30,2280.0,C,C23,S6I,4,1,230.3225852140291,226.441292401936,228.1210360975138,2.298501925197091,14.843959129058351,12.545457203861261,4.39,12.857709867322786,2.3198731282511207,5.542419415416829
2022-01-07 21:11:30.000000,2022-01-07 20:26:00,2022-01-07 21:57:00,5460.0,E,E08,S6X,4,-1,233.38281449392952,262.751764265476,248.45556016321098,12.680905061527145,2.0753913753793403,10.605513686147805,4.249999999999999,5.698810838406455,0.9403545495197544,6.060278903650626
2022-01-07 21:11:30.000000,2022-01-07 20:26:00,2022-01-07 21:57:00,5460.0,E,E08,S7X,4,-1,233.38281449392952,262.751764265476,248.45556016321098,12.680905061527145,2.0753913753793403,10.605513686147805,4.28,20.440372463081644,3.33117350749777,6.136087603084819
2022-01-07 21:11:30.000000,2022-01-07 20:26:00,2022-01-07 21:57:00,5460.0,E,E08,S8X,4,-1,233.38281449392952,262.751764265476,248.45556016321098,12.680905061527145,2.0753913753793403,10.605513686147805,4.330000000000001,19.78174651952517,3.2337466247058706,6.117284009944485
2022-01-07 21:11:49.746835,2022-01-07 20:50:30,2022-01-07 21:31:30,2460.0,G,G25,S2X,5,1,250.8169884849961,240.30411745439403,245.22273782152575,2.2803115258828033,14.919195981524398,12.638884455641595,4.36,15.639585230649779,2.587591458404924,6.044070511923289
2022-01-07 21:30:16.304347,2022-01-07 21:15:00,2022-01-07 21:42:30,1650.0,G,G32,S2X,3,1,215.91855004189705,226.39391914258886,221.68117569345736,2.0204736822408953,3.323848144832092,1.3033744625911967,6.45,5.320423240283729,2.9361367258983733,1.8120488713466953
2022-01-07 21:35:16.034482,2022-01-07 21:21:00,2022-01-07 21:50:00,1740.0,R,R17,S2C,4,-1,148.19224441886192,144.95288139897562,146.81893388939608,14.986167332459171,2.1967269722988263,12.789440360160345,4.450000000000001,17.399347759129405,2.9267843522839323,5.944868382787317
2022-01-07 21:35:16.034482,2022-01-07 21:21:00,2022-01-07 21:50:00,1740.0,R,R17,S2P,4,-1,148.19224441886192,144.95288139897562,146.81893388939608,14.986167332459171,2.1967269722988263,12.789440360160345,4.440000000000001,17.232434736058327,2.6358341711243884,6.537753749776813
2022-01-07 21:57:12.000000,2022-01-07 21:43:00,2022-01-07 22:09:30,1590.0,G,G32,S2X,4,-1,226.58946880876888,236.9881333667892,232.1644348275834,3.3232572902480664,2.1108313535352723,1.212425936712794,10.000000000000002,2.1957444898127374,0.6868441282427703,3.1968599563198636
2022-01-07 22:05:15.000000,2022-01-07 21:46:30,2022-01-07 22:24:00,2250.0,E,E12,S6X,4,-1,141.19638618447135,140.85824100921707,141.3333692200776,14.882383511511048,3.3994664785543107,11.482917032956736,4.5200000000000005,3.2492927962591773,0.48675975757588785,6.675352154091332
2022-01-07 22:06:20.250000,2022-01-07 21:46:30,2022-01-07 22:28:00,2490.0,E,E12,S7X,4,-1,141.19638618447135,140.61430315879576,141.30058643082842,14.882383511511048,2.191761476426314,12.690622035084733,4.48,19.306439095614106,2.8628057708683485,6.743887165547407
2022-01-07 22:06:49.390244,2022-01-07 21:46:30,2022-01-07 22:28:00,2490.0,E,E12,S8X,4,-1,141.19638618447135,140.61430315879576,141.286558434917,14.882383511511048,2.191761476426314,12.690622035084733,4.540000000000001,18.973950724339318,3.014852648029486,6.29349190141705
2022-01-07 22:59:45.000000,2022-01-07 22:50:30,2022-01-07 23:09:00,1110.0,C,C22,S6I,3,1,130.05974548423353,136.62660602226262,133.34787923852286,3.0832457819099073,3.612900117712554,0.5296543358026469,9.999999999999993,0.9250526025953693,0.23574140333870852,3.924014150650797
2022-01-07 23:10:59.629629,2022-01-07 22:50:30,2022-01-07 23:31:00,2430.0,C,C37,S6I,4,1,216.9318407410144,220.87435710921682,218.48921505486885,2.0177661527934823,14.909411838636423,12.89164568584294,4.57,15.775667402372326,2.3266738979527184,6.780351735691717
2022-01-07 23:19:45.454545,2022-01-07 23:03:30,2022-01-07 23:36:30,1980.0,R,R18,S2C,5,-1,139.44726629672223,130.07099014227705,134.97159547252926,14.908759757334622,2.3473664549125566,12.561393302422065,4.489999999999998,22.086569853608633,4.0574184714049775,5.443503057243349
2022-01-07 23:20:00.000000,2022-01-07 23:03:30,2022-01-07 23:36:30,1980.0,R,R18,S2P,5,-1,139.44726629672223,130.07099014227705,134.90075787724572,14.908759757334622,2.3473664549125566,12.561393302422065,4.489999999999998,20.55865400041224,3.2561166945711153,6.313856636246926
2022-01-07 23:21:56.363636,2022-01-07 22:56:00,2022-01-07 23:46:30,3030.0,G,G31,S2X,5,1,211.91762527465042,225.63758775532654,218.230076974816,2.043810980071037,14.940705494977433,12.896894514906396,4.61,8.3654389185593,1.4990246602282458,5.580587925275062
2022-01-07 23:25:15.000000,2022-01-07 23:09:30,2022-01-07 23:41:00,1890.0,C,C22,S6I,4,-1,136.80283175711483,147.5118926173774,142.23441498834933,3.6126072615621707,2.0123345891389137,1.600272672423257,5.490000000000001,16.400976775028663,7.4554363860818285,2.1998681131056
2022-01-07 23:41:30.000000,2022-01-07 23:31:30,2022-01-07 23:51:30,1200.0,R,R03,S2C,5,1,130.14802866145268,139.80302227284525,134.96884106019496,9.084964493302051,10.10367494737371,1.018710454071659,9.61999999999999,4.096001328870238,1.6217278242421032,2.5257020738263893
2022-01-07 23:41:30.000000,2022-01-07 23:31:30,2022-01-07 23:51:30,1200.0,R,R03,S2P,5,1,130.14802866145268,139.80302227284525,134.96884106019496,9.084964493302051,10.10367494737371,1.018710454071659,9.01999999999999,2.5308789562773137,1.0712085399521314,2.3626388904539635
2022-01-07 23:44:45.000000,2022-01-07 23:30:00,2022-01-07 23:59:30,1770.0,G,G06,S2X,5,-1,136.64678044134158,133.97946999872204,135.50182472017786,14.869472661207148,3.632437076770414,11.237035584436734,4.64,14.267789502822643,2.431495291193585,5.867907519499573
2022-01-07 23:45:45.000000,2022-01-07 23:32:00,2022-01-07 23:59:30,1650.0,R,R11,S2C,5,1,206.5877968535917,208.59800354651304,207.32273077386418,2.148387178450268,14.20551750891654,12.057130330466272,4.450000000000001,19.82820869952545,3.608759242092761,5.494467036827551
2022-01-07 23:45:45.000000,2022-01-07 23:32:00,2022-01-07 23:59:30,1650.0,R,R11,S2P,5,1,206.5877968535917,208.59800354651304,207.32273077386418,2.148387178450268,14.20551750891654,12.057130330466272,4.480000000000001,18.49651163345569,2.857114179535881,6.473844050733851
2022-01-07 23:55:45.000000,2022-01-07 23:52:00,2022-01-07 23:59:30,450.0,R,R03,S2C,6,-1,140.04423801790375,143.64174858103576,141.8464687119453,10.103486604109698,9.946627668697396,0.156858935412302,9.999999999999972,0.00206754778422565,0.0007471519333035892,2.767238753012162
2022-01-07 23:55:45.000000,2022-01-07 23:52:00,2022-01-07 23:59:30,450.0,R,R03,S2P,6,-1,140.04423801790375,143.64174858103576,141.8464687119453,10.103486604109698,9.946627668697396,0.156858935412302,9.999999999999972,0.023908819423515675,0.00802102196732969,2.980769722474062
