epochMean,epochStart,epochEnd,epochRange,constellation,satID,obsType,arcNo,arcType,azimStart,azimEnd,azimMean,elevStart,elevEnd,elevRange,h,peakAmp,meanAmp,PBNR
2022-01-01 00:04:15.000000,2022-01-01 00:00:00,2022-01-01 00:08:30,510.0,C,C22,S1X,1,-1,144.5034995889377,147.30089364276407,145.90935560325892,2.769520674260122,2.0535428954495054,0.7159777788106165,10.0,5.81437684550828,2.0356614175332095,2.8562592951012813
2022-01-01 00:04:30.000000,2022-01-01 00:00:00,2022-01-01 00:09:00,540.0,C,C22,S2I,1,-1,144.5034995889377,147.46250612789996,145.99110048005707,2.769520674260122,2.004586354587425,0.764934319672697,10.0,4.260417788499421,1.0838781930498331,3.9307163995166206
2022-01-01 00:07:45.000000,2022-01-01 00:00:00,2022-01-01 00:15:30,930.0,G,G31,S1C,1,1,220.56027342925609,225.7130842725802,223.0718269062706,11.682271405863688,14.972761530061408,3.2904901241977207,7.68,4.289291474709074,2.0334755745796276,2.109340052238288
2022-01-01 00:09:30.000000,2022-01-01 00:00:00,2022-01-01 00:19:00,1140.0,R,R04,S1C,1,1,131.69659003605494,140.85627614679012,136.27179777251007,9.081484064549645,9.966862931970583,0.885378867420938,9.999999999999991,3.7757821132001794,1.3388356779388058,2.8201983076916175
2022-01-01 00:09:30.000000,2022-01-01 00:00:00,2022-01-01 00:19:00,1140.0,R,R04,S1P,1,1,131.69659003605494,140.85627614679012,136.27179777251007,9.081484064549645,9.966862931970583,0.885378867420938,9.999999999999991,1.77110505555678,0.5580768534407776,3.173586298441111
2022-01-01 00:15:33.809523,2022-01-01 00:00:00,2022-01-01 00:32:00,1920.0,G,G06,S1C,1,-1,136.574848977354,133.47434327912418,135.28806295024447,14.404589239420561,2.286070017841114,12.118519221579447,4.66,6.477690446021547,1.2330499441099914,5.253388540313432
2022-01-01 00:19:45.000000,2022-01-01 00:05:00,2022-01-01 00:34:30,1770.0,R,R12,S1C,1,1,206.6110681411819,209.04767036161792,207.5134700847173,2.078781654282884,14.958271763510739,12.879490109227856,4.750000000000001,18.588378551879128,4.160283206617281,4.468056050201762
2022-01-01 00:19:45.000000,2022-01-01 00:05:00,2022-01-01 00:34:30,1770.0,R,R12,S1P,1,1,206.6110681411819,209.04767036161792,207.5134700847173,2.078781654282884,14.958271763510739,12.879490109227856,4.73,13.017650950429099,3.325258241382051,3.914778945113951
2022-01-01 00:47:45.000000,2022-01-01 00:19:30,2022-01-01 01:16:00,3390.0,R,R04,S1C,2,-1,141.09698399460265,165.46962959679323,153.89352414700758,9.965626488337904,2.001875408994416,7.963751079343488,4.499999999999999,19.436430689431337,4.0075218424111405,4.849987462011519
2022-01-01 00:47:45.000000,2022-01-01 00:19:30,2022-01-01 01:16:00,3390.0,R,R04,S1P,2,-1,141.09698399460265,165.46962959679323,153.89352414700758,9.965626488337904,2.001875408994416,7.963751079343488,4.52,16.929974908929,3.0252841755422644,5.596160203989565
2022-01-01 01:17:58.260869,2022-01-01 01:00:30,2022-01-01 01:35:00,2070.0,G,G26,S1C,1,1,220.42156374353868,222.36902190406704,221.074836263231,2.48317853369971,14.93606175803445,12.452883224334741,4.66,5.706761510467427,1.4985752683777487,3.808124710776231
2022-01-01 01:45:45.000000,2022-01-01 01:40:30,2022-01-01 01:51:00,630.0,E,E09,S1X,1,1,130.09144759650596,133.45165453882538,131.77440006144906,7.017746143161241,7.1739171300724776,0.15617098691123665,9.990000000000006,0.06686214568436222,0.02216973660053287,3.015919714750022
2022-01-01 01:54:15.000000,2022-01-01 01:51:30,2022-01-01 01:57:00,330.0,G,G31,S1C,2,-1,267.4703116406463,269.79647919913896,268.63680992796395,14.95317836607179,13.944406475768185,1.0087718903036045,7.1099999999999985,2.888198655538598,1.5486722367392296,1.8649515288139837
2022-01-01 02:05:33.925233,2022-01-01 01:39:00,2022-01-01 02:33:00,3240.0,C,C21,S1X,2,-1,136.24131408488333,149.31779591594042,143.41249509237502,14.977435631346873,2.0854674893278795,12.891968142018994,4.66,6.8590187331124834,1.2876798220023846,5.326649230587836
2022-01-01 02:06:00.000000,2022-01-01 01:39:00,2022-01-01 02:33:00,3240.0,C,C21,S2I,2,-1,136.24131408488333,149.31779591594042,143.50948846777598,14.977435631346873,2.0854674893278795,12.891968142018994,4.7,7.482700488741219,1.6696670164924927,4.481552557982668
2022-01-01 02:06:30.000000,2022-01-01 01:55:30,2022-01-01 02:17:30,1320.0,R,R13,S1C,1,1,203.31904628990614,210.20184213746023,206.57133356003948,7.681941669812222,14.987429709979441,7.305488040167219,3.3099999999999987,2.0381396185502187,0.7751269322661771,2.6294269153975485
2022-01-01 02:11:45.000000,2022-01-01 01:48:00,2022-01-01 02:35:30,2850.0,C,C27,S1X,1,1,264.2892655794532,250.39859660228439,257.29700957065273,2.5135108313570007,14.871292750828344,12.357781919471343,4.71,5.17394627089798,1.3781742253313423,3.7542033335110836
2022-01-01 02:11:45.000000,2022-01-01 01:48:00,2022-01-01 02:35:30,2850.0,C,C27,S2I,1,1,264.2892655794532,250.39859660228439,257.29700957065273,2.5135108313570007,14.871292750828344,12.357781919471343,4.71,8.818916940040474,1.9485771228054884,4.525823913678781
2022-01-01 02:15:45.000000,2022-01-01 02:14:00,2022-01-01 02:17:30,210.0,R,R13,S1P,1,1,208.95037477446112,210.20184213746023,209.57181836769465,13.921301232932905,14.987429709979441,1.0661284770465365,6.0199999999999925,1.4110960731683269,0.6408727914960581,2.2018348912492507
2022-01-01 02:16:00.000000,2022-01-01 01:57:30,2022-01-01 02:34:30,2220.0,E,E21,S1X,1,1,213.5885536942136,218.80087809393476,215.8624706788848,5.222433742626714,14.973400418285856,9.750966675659143,4.74,6.9224370485352145,1.6837745565495383,4.111261226515362
2022-01-01 02:19:45.000000,2022-01-01 01:39:30,2022-01-01 03:00:00,4830.0,C,C46,S1X,1,1,210.71670438347775,236.3301342479959,222.4736363287767,2.295962410771987,12.594734253532868,10.298771842760882,4.66,5.937733526013863,1.3442041579139572,4.417285492724937
2022-01-01 02:19:45.000000,2022-01-01 01:39:30,2022-01-01 03:00:00,4830.0,C,C46,S2I,1,1,210.71670438347775,236.3301342479959,222.4736363287767,2.295962410771987,12.594734253532868,10.298771842760882,4.669999999999999,7.606406804021382,1.763723398717117,4.312698243700837
2022-01-01 02:21:45.000000,2022-01-01 01:51:30,2022-01-01 02:52:00,3630.0,E,E09,S1X,2,-1,133.61062150355463,150.94052335103342,142.66759895846215,7.173625973313731,2.058492045977608,5.115133927336123,4.56,14.973667546049263,3.1651149766847073,4.730844742244845
2022-01-01 02:32:19.342105,2022-01-01 02:13:30,2022-01-01 02:51:30,2280.0,R,R05,S1C,2,-1,149.98761266946093,161.3750801380958,156.17482934198262,14.893498259859786,2.112748605783153,12.780749654076633,4.63,17.531734314392708,3.352289972232509,5.22977858705856
2022-01-01 02:32:19.342105,2022-01-01 02:13:30,2022-01-01 02:51:30,2280.0,R,R05,S1P,2,-1,149.98761266946093,161.3750801380958,156.17482934198262,14.893498259859786,2.112748605783153,12.780749654076633,4.61,12.94156168471723,2.3864321985388575,5.4229748042458406
2022-01-01 02:44:36.666666,2022-01-01 02:25:30,2022-01-01 03:02:30,2220.0,G,G16,S1C,1,1,214.61651722759308,219.6359221857844,216.78763989433247,2.355226694801075,14.896977391632191,12.541750696831116,4.760000000000002,5.019766738307752,1.1903376619623727,4.21709477799118
2022-01-01 02:49:45.000000,2022-01-01 02:32:30,2022-01-01 03:07:00,2070.0,G,G20,S1C,2,-1,136.60994217830532,136.52784870912276,136.86967700597228,14.961283585541421,2.203072434069346,12.758211151472075,4.73,7.931141921322092,1.4889930118152404,5.326513864328476
2022-01-01 03:43:45.000000,2022-01-01 03:00:30,2022-01-01 04:27:00,5190.0,C,C46,S1X,2,-1,236.5199769371706,268.0258338030584,252.69079954583208,12.594280488171835,2.0119054251601978,10.582375063011638,4.57,5.263084859311906,1.2533195879847983,4.199315888595003
2022-01-01 03:43:45.000000,2022-01-01 03:00:30,2022-01-01 04:27:00,5190.0,C,C46,S2I,2,-1,236.5199769371706,268.0258338030584,252.69079954583208,12.594280488171835,2.0119054251601978,10.582375063011638,4.67,7.119908507871257,1.6959444187731387,4.198196844812792
2022-01-01 03:49:00.000000,2022-01-01 03:31:30,2022-01-01 04:06:30,2100.0,G,G27,S1C,1,1,229.05203838138712,225.11224812041007,226.84518449959103,2.3187917040366086,14.966985065270373,12.648193361233766,4.81,6.241156716374474,1.303792631907551,4.786924364837966
2022-01-01 03:54:45.000000,2022-01-01 03:26:00,2022-01-01 04:23:30,3450.0,R,R14,S1C,1,1,196.00460926616202,220.67641577381494,207.72118192966897,2.0600163385676167,9.972146939253388,7.912130600685772,4.71,13.128245051535442,3.8008044872555717,3.454070077941549
2022-01-01 03:54:45.000000,2022-01-01 03:26:00,2022-01-01 04:23:30,3450.0,R,R14,S1P,1,1,196.00460926616202,220.67641577381494,207.72118192966897,2.0600163385676167,9.972146939253388,7.912130600685772,4.7,13.260374467452884,3.2315035224739277,4.103468981306014
2022-01-01 04:04:15.000000,2022-01-01 03:47:00,2022-01-01 04:21:30,2070.0,G,G05,S1C,2,-1,135.08153011828284,132.15376504755875,133.8673304263422,14.901141768133803,2.1376951716761283,12.763446596457674,4.7700000000000005,8.56793158196168,1.8912620339096111,4.530272076709581
2022-01-01 04:14:15.000000,2022-01-01 04:12:00,2022-01-01 04:16:30,270.0,R,R13,S1C,2,-1,267.92665732284144,269.93495116731515,268.9349142151777,14.950158203663314,13.668787081491779,1.2813711221715351,9.209999999999996,1.8307491320232705,0.8290530706843667,2.208241181124899
2022-01-01 04:14:15.000000,2022-01-01 04:12:00,2022-01-01 04:16:30,270.0,R,R13,S1P,2,-1,267.92665732284144,269.93495116731515,268.9349142151777,14.950158203663314,13.668787081491779,1.2813711221715351,9.999999999999995,1.188024076605999,0.3521178433894878,3.3739388642452037
2022-01-01 04:22:30.000000,2022-01-01 04:03:30,2022-01-01 04:41:30,2280.0,C,C42,S1X,2,-1,139.64563656267978,140.84484455506498,140.60781726808395,14.907245948521151,2.0673132178286857,12.839932730692466,4.79,7.735714126604595,1.3022550227499323,5.940245183519679
2022-01-01 04:22:30.000000,2022-01-01 04:03:30,2022-01-01 04:41:30,2280.0,C,C42,S2I,2,-1,139.64563656267978,140.84484455506498,140.60781726808395,14.907245948521151,2.0673132178286857,12.839932730692466,4.700000000000001,8.229297402931776,1.527519005859102,5.387361709652498
2022-01-01 04:37:45.000000,2022-01-01 04:20:00,2022-01-01 04:55:30,2130.0,R,R24,S1C,1,1,235.93164566988827,224.85125138759017,230.2637909052405,2.1115291360572743,14.88268944934214,12.771160313284865,4.8,14.351171047260982,3.140491336718434,4.56972158447564
2022-01-01 04:37:45.000000,2022-01-01 04:20:00,2022-01-01 04:55:30,2130.0,R,R24,S1P,1,1,235.93164566988827,224.85125138759017,230.2637909052405,2.1115291360572743,14.88268944934214,12.771160313284865,4.79,11.144460889671025,2.4168836053358635,4.611087130992528
2022-01-01 04:40:30.000000,2022-01-01 04:06:00,2022-01-01 05:15:00,4140.0,E,E01,S1X,1,1,207.59212531608523,227.28122833269464,216.85977579686778,2.0685683900968113,8.797430688901036,6.728862298804225,4.71,11.608569005069553,2.1176109108299905,5.481917828105454
2022-01-01 04:47:30.000000,2022-01-01 04:28:00,2022-01-01 05:07:00,2340.0,C,C30,S2I,1,1,233.6300337217725,227.91064505188578,230.53262114411237,2.289173039819882,14.882372359855491,12.593199320035609,4.7,8.556277126770528,1.887107805760237,4.534069066246886
2022-01-01 04:47:45.000000,2022-01-01 04:28:30,2022-01-01 05:07:00,2310.0,C,C30,S1X,1,1,233.53942966500261,227.91064505188578,230.49291351847944,2.442365945153145,14.882372359855491,12.440006414702346,4.73,6.6638680330219096,1.3056924668729377,5.103704127957107
2022-01-01 04:53:30.000000,2022-01-01 04:24:00,2022-01-01 05:23:00,3540.0,R,R14,S1C,2,-1,220.91568965731923,248.0162592283782,234.7827356821877,9.971434042099489,2.0847862244328947,7.886647817666594,4.659999999999999,16.61091955693174,3.241050511416188,5.125165281572098
2022-01-01 04:53:30.000000,2022-01-01 04:24:00,2022-01-01 05:23:00,3540.0,R,R14,S1P,2,-1,220.91568965731923,248.0162592283782,234.7827356821877,9.971434042099489,2.0847862244328947,7.886647817666594,4.6499999999999995,13.177202352057433,2.510827781082159,5.24815061046445
2022-01-01 04:54:02.000000,2022-01-01 04:28:00,2022-01-01 05:20:30,3150.0,G,G13,S1C,2,-1,134.39517985396404,149.29872070342714,142.53128936743562,14.956071504465484,2.083199528590816,12.872871975874668,4.74,5.940588720677082,1.4840049171333516,4.0030788659059855
2022-01-01 04:54:15.000000,2022-01-01 04:29:30,2022-01-01 05:19:00,2970.0,E,E05,S1X,2,-1,139.49531370857252,146.33626995970002,143.48488305773992,14.925766109225503,2.190061555639954,12.735704553585549,4.73,8.394562739039008,1.6583075950819928,5.062126449842347
2022-01-01 05:06:11.363636,2022-01-01 04:49:00,2022-01-01 05:22:30,2010.0,G,G08,S1C,1,1,220.52957955925498,221.14489662850707,220.53784618323684,2.3618294575916665,14.843395524916211,12.481566067324545,4.82,5.683915490567384,1.4891658723851315,3.816845118444533
2022-01-01 05:27:45.000000,2022-01-01 05:09:00,2022-01-01 05:46:30,2250.0,C,C14,S2I,2,-1,136.70194004377905,134.2102737348561,135.7461857623062,14.86735044382603,2.1354376332228013,12.731912810603228,4.6499999999999995,9.000768493737745,1.580675807134569,5.694253339686545
2022-01-01 05:32:45.000000,2022-01-01 05:28:30,2022-01-01 05:37:00,510.0,E,E26,S1X,1,1,239.24220656902662,237.31947289062705,238.27454193960358,12.739225687987318,14.936715979369724,2.1974902913824064,9.990000000000006,1.53923117791541,0.8544650082993731,1.8013975563246472
2022-01-01 05:51:15.000000,2022-01-01 05:15:30,2022-01-01 06:27:00,4290.0,E,E01,S1X,2,-1,227.44397544982476,250.39736406814745,239.08191858520314,8.797322319857903,2.017354354422348,6.779967965435555,4.64,11.125843013083491,2.381518597727059,4.671743073391107
2022-01-01 06:06:00.000000,2022-01-01 05:47:30,2022-01-01 06:24:30,2220.0,G,G15,S1C,2,-1,137.26054933292158,140.15815286954398,139.08197397284786,14.91278462185977,2.0237908584348276,12.888993763424942,4.79,8.706833398902534,1.7720940021504343,4.913302222306943
2022-01-01 06:11:00.000000,2022-01-01 05:56:30,2022-01-01 06:25:30,1740.0,R,R07,S1C,2,-1,146.54761116398578,143.0018416123242,144.982598848303,14.806301296602308,2.1771052664809636,12.629196030121346,4.76,16.48931154096295,3.491122213917708,4.723212345653974
2022-01-01 06:11:00.000000,2022-01-01 05:56:30,2022-01-01 06:25:30,1740.0,R,R07,S1P,2,-1,146.54761116398578,143.0018416123242,144.982598848303,14.806301296602308,2.1771052664809636,12.629196030121346,4.779999999999999,12.578231951973414,2.4918852569148644,5.047677021672412
2022-01-01 06:24:45.000000,2022-01-01 06:22:30,2022-01-01 06:27:00,270.0,C,C33,S1X,2,-1,130.66633054036043,130.05435320162715,130.363403814596,14.857663377294692,13.359642251660347,1.4980211256343452,6.170000000000004,2.184136091915743,1.0556806251199682,2.0689364187843617
2022-01-01 06:24:45.000000,2022-01-01 06:22:30,2022-01-01 06:27:00,270.0,C,C33,S2I,2,-1,130.66633054036043,130.05435320162715,130.363403814596,14.857663377294692,13.359642251660347,1.4980211256343452,5.85,3.082081061525387,1.5051357209493499,2.047709730509481
2022-01-01 06:29:10.714285,2022-01-01 06:11:00,2022-01-01 06:46:30,2130.0,G,G21,S1C,1,1,238.59287853580867,231.799000860655,234.94056996763277,2.2594391136379053,14.83799220463335,12.578553090995445,4.67,6.385054140241719,1.3936774740344129,4.581443166874388
2022-01-01 06:30:45.000000,2022-01-01 06:16:00,2022-01-01 06:45:30,1770.0,R,R17,S1C,1,1,216.774315265717,212.72093263508253,214.53798344738283,2.112216206177166,14.985279862791549,12.873063656614383,4.83,15.564321723145907,3.3642527707740126,4.626382969304958
2022-01-01 06:30:45.000000,2022-01-01 06:16:00,2022-01-01 06:45:30,1770.0,R,R17,S1P,1,1,216.774315265717,212.72093263508253,214.53798344738283,2.112216206177166,14.985279862791549,12.873063656614383,4.79,13.659507762034897,2.6109904311966847,5.231542635632866
2022-01-01 07:09:00.000000,2022-01-01 06:49:30,2022-01-01 07:28:30,2340.0,C,C29,S2I,1,1,217.78366968166995,220.0650567176363,218.5310261364553,2.040686229522107,14.97753299853971,12.936846769017603,4.670000000000001,9.334997940943332,2.1348834365189813,4.372603103879266
2022-01-01 07:09:15.000000,2022-01-01 06:50:00,2022-01-01 07:28:30,2310.0,C,C29,S1X,1,1,217.78410317778088,220.0650567176363,218.54060804060282,2.2079391629017255,14.97753299853971,12.769593835637984,4.76,7.226451448215546,1.492380953182384,4.842229748916128
2022-01-01 07:26:40.714285,2022-01-01 07:08:30,2022-01-01 07:44:00,2130.0,G,G01,S1C,1,1,231.87995444163678,226.4577478226696,228.88766260492042,2.3767727303798267,14.884462127401953,12.507689397022126,4.81,5.260990474875551,1.1892127115129045,4.423927211627743
2022-01-01 07:30:30.000000,2022-01-01 07:08:30,2022-01-01 07:52:30,2640.0,E,E03,S1X,2,-1,135.8958369660434,132.44674060008072,134.5148180536495,14.97826809535226,2.0254099060624786,12.952858189289781,4.77,10.13608717446363,1.7763153822935471,5.706242976613811
2022-01-01 07:31:04.800000,2022-01-01 07:17:00,2022-01-01 07:43:30,1590.0,G,G22,S1C,1,1,269.6080926685341,261.4323686879875,265.27976126335994,7.175469626741362,14.992276488092347,7.816806861350986,6.880000000000002,2.5254951918159656,0.9783210032534292,2.581458624947612
2022-01-01 07:40:42.660550,2022-01-01 07:13:30,2022-01-01 08:09:30,3360.0,G,G24,S1C,3,-1,130.01621694873492,147.25338184592022,139.0798002579029,12.934477583224874,2.052653470939627,10.881824112285248,4.74,4.9655210858750225,1.0772993217124127,4.609230680645113
2022-01-01 07:51:00.000000,2022-01-01 07:39:00,2022-01-01 08:03:00,1440.0,R,R08,S1C,2,-1,136.84919646563938,130.0656906522525,133.5274608138106,14.89974686742065,5.779009216021068,9.120737651399581,4.91,12.377355901407563,2.3735550789251842,5.21469082866718
2022-01-01 07:51:00.000000,2022-01-01 07:39:00,2022-01-01 08:03:00,1440.0,R,R08,S1P,2,-1,136.84919646563938,130.0656906522525,133.5274608138106,14.89974686742065,5.779009216021068,9.120737651399581,4.9,9.901194061395602,1.9741733368677676,5.015362063953757
2022-01-01 08:03:30.000000,2022-01-01 07:58:00,2022-01-01 08:09:00,660.0,E,E33,S1X,1,1,221.38071911944746,220.93758092977723,221.13426907892733,11.496510004473443,14.911467856776008,3.4149578523025657,2.1,4.362261003126152,1.8751502457197011,2.326352788574482
2022-01-01 08:09:30.000000,2022-01-01 07:55:30,2022-01-01 08:23:30,1680.0,R,R18,S1C,1,1,206.33990921796823,207.7229875423769,206.75352657852224,2.2981332264538765,14.825205292475768,12.527072066021892,4.59,16.002257376056622,2.9053168959884594,5.507921493229146
2022-01-01 08:09:30.000000,2022-01-01 07:55:30,2022-01-01 08:23:30,1680.0,R,R18,S1P,1,1,206.33990921796823,207.7229875423769,206.75352657852224,2.2981332264538765,14.825205292475768,12.527072066021892,4.6000000000000005,11.734845055523358,2.359993538033318,4.972405587729913
2022-01-01 08:23:45.000000,2022-01-01 08:01:30,2022-01-01 08:46:00,2670.0,G,G03,S1C,1,1,266.3056486283554,252.39800013571306,259.3403517950191,2.0574754567816504,14.951777160545433,12.894301703763782,4.59,6.418862763486181,1.4995970528975937,4.280391689943205
2022-01-01 09:20:00.000000,2022-01-01 08:47:30,2022-01-01 09:52:30,3900.0,C,C25,S1X,3,-1,130.11062962851656,149.02824342902807,140.4044038896767,13.260959490421849,2.031900026659556,11.229059463762292,4.53,7.004982087156263,1.437072990407223,4.874478981872217
2022-01-01 09:20:00.000000,2022-01-01 08:47:30,2022-01-01 09:52:30,3900.0,C,C25,S2I,3,-1,130.11062962851656,149.02824342902807,140.4044038896767,13.260959490421849,2.031900026659556,11.229059463762292,4.53,8.784079295304771,1.8890951721218365,4.649887112589711
2022-01-01 09:27:55.121951,2022-01-01 08:56:30,2022-01-01 09:58:30,3720.0,G,G17,S1C,1,1,209.43503143222225,233.21771405186982,220.8865207872089,2.1647980950417485,9.565805626812542,7.401007531770794,4.2299999999999995,7.618945121771013,1.6778262759457052,4.540961857017408
2022-01-01 09:28:15.000000,2022-01-01 08:57:30,2022-01-01 09:59:00,3690.0,C,C35,S2I,1,1,210.54860235247733,227.09158659361813,217.94540487549554,2.132251263502639,14.982286689006697,12.850035425504059,4.38,10.675405733027388,1.9451064602222585,5.488340073585256
2022-01-01 09:28:30.000000,2022-01-01 08:58:00,2022-01-01 09:59:00,3660.0,C,C35,S1X,1,1,210.63962376000146,227.09158659361813,218.00558687913073,2.268915760973485,14.982286689006697,12.713370928033212,4.4,7.471346468226888,1.3449797843473847,5.554987930061832
2022-01-01 09:28:45.000000,2022-01-01 09:11:00,2022-01-01 09:46:30,2130.0,C,C19,S2I,1,1,269.9927869661939,259.0054174833492,264.5115433555277,5.849248310854471,14.952536199421763,9.10328788856729,4.49,4.425672412448418,1.461747692987094,3.0276582160389927
2022-01-01 09:28:49.285714,2022-01-01 09:11:00,2022-01-01 09:46:30,2130.0,C,C19,S1X,1,1,269.9927869661939,259.0054174833492,264.48919832135476,5.849248310854471,14.952536199421763,9.10328788856729,4.49,5.07556622964106,1.301328591789695,3.900295637599663
2022-01-01 09:44:25.945946,2022-01-01 09:24:00,2022-01-01 09:54:00,1800.0,R,R19,S1C,1,1,200.16285653703957,206.6676847759428,204.21111850013853,2.965655938884937,14.90172812654623,11.936072187661292,4.450000000000001,2.4673113773505992,1.0541507974024145,2.3405677664243334
2022-01-01 09:52:30.000000,2022-01-01 09:51:00,2022-01-01 09:54:00,180.0,R,R19,S1P,1,1,205.8118332497288,206.6676847759428,206.2363470698321,13.77931819269617,14.90172812654623,1.1224099338500597,9.77,1.332095836713413,0.5241544762090522,2.5414184122737966
2022-01-01 09:54:45.000000,2022-01-01 09:51:30,2022-01-01 09:58:00,390.0,E,E02,S1X,2,1,130.14241233507232,132.26974866505574,131.20731732484796,8.995092911528861,9.061216760932117,0.06612384940325633,9.990000000000013,0.005592432982580409,0.0018544931233145567,3.0156126826639236
2022-01-01 10:10:00.000000,2022-01-01 10:07:30,2022-01-01 10:12:30,300.0,G,G25,S1C,3,1,130.0005854941428,131.92468034509162,130.9633485503105,4.994666485625391,5.036054328337466,0.04138784271207463,10.0,0.0020493474194863783,0.00068432929224952,2.9946802551002683
2022-01-01 10:17:02.000000,2022-01-01 09:58:30,2022-01-01 10:33:30,2100.0,G,G19,S1C,1,1,211.97238384504996,224.9481444878911,218.73798276874837,2.1758982760551797,4.330491645546025,2.1545933694908452,4.510000000000001,6.548573693903397,2.8344678903614833,2.3103361714456567
2022-01-01 10:25:00.000000,2022-01-01 10:02:30,2022-01-01 10:47:30,2700.0,R,R04,S1C,3,1,266.6229107602922,247.82983746314687,257.27436894118523,2.0691173561260254,14.944029665735362,12.874912309609337,3.87,10.550280678178591,3.0659823207281276,3.4410768147133504
2022-01-01 10:25:00.000000,2022-01-01 10:02:30,2022-01-01 10:47:30,2700.0,R,R04,S1P,3,1,266.6229107602922,247.82983746314687,257.27436894118523,2.0691173561260254,14.944029665735362,12.874912309609337,4.180000000000001,9.245810673296843,2.334557175333835,3.9604130372068176
2022-01-01 10:30:47.578125,2022-01-01 09:59:00,2022-01-01 11:03:30,3870.0,G,G17,S1C,2,-1,233.43161761769449,260.1350087040073,246.8598343744818,9.565584519214466,2.435005411949121,7.130579107265346,4.25,7.4980110374302535,1.6597943854910842,4.517433667069438
2022-01-01 10:31:30.000000,2022-01-01 10:13:00,2022-01-01 10:50:00,2220.0,R,R11,S1C,4,-1,149.85228650624904,160.6489858839673,155.7712567622699,14.979574873558333,2.3238453883158097,12.655729485242523,4.340000000000001,12.862721003915535,3.202722818714421,4.016183020508361
2022-01-01 10:31:30.000000,2022-01-01 10:13:00,2022-01-01 10:50:00,2220.0,R,R11,S1P,4,-1,149.85228650624904,160.6489858839673,155.7712567622699,14.979574873558333,2.3238453883158097,12.655729485242523,4.390000000000001,10.880469310879498,2.429511788199669,4.478459155344213
2022-01-01 10:32:30.000000,2022-01-01 10:13:00,2022-01-01 10:52:00,2340.0,G,G25,S1C,4,-1,132.1165171544308,146.35656187180024,139.3829775132274,5.035541213873734,2.370713462801118,2.664827751072616,4.6400000000000015,6.8324694197441564,2.7108249854554964,2.520439149116115
2022-01-01 10:33:00.647482,2022-01-01 09:58:30,2022-01-01 11:09:00,4230.0,E,E02,S1X,3,-1,132.43265629624213,152.46845752177643,142.86409352050782,9.061177032139428,2.0200762300695234,7.041100802069904,4.359999999999999,11.175634054962927,2.584479216809132,4.324133845719475
2022-01-01 10:51:38.695652,2022-01-01 10:34:00,2022-01-01 11:11:00,2220.0,G,G19,S1C,2,-1,225.1414189162432,239.48555832597123,231.99623161069616,4.330283467384055,2.0268067880452882,2.3034766793387664,3.4899999999999998,8.623172854764269,4.266589339071757,2.0210927674235304
2022-01-01 11:24:38.780487,2022-01-01 11:02:00,2022-01-01 11:45:00,2580.0,G,G06,S1C,2,1,210.43371917620658,220.73448497415532,215.26655760956072,2.030778297972621,14.894703073974716,12.863924776002095,4.08,7.1990409837666025,1.5752760782182849,4.570018603919304
2022-01-01 11:30:15.000000,2022-01-01 11:09:30,2022-01-01 11:51:00,2490.0,C,C35,S1X,2,-1,254.56846349780443,269.85512472266197,262.37594087043976,14.95801460110533,7.941354113678895,7.016660487426434,3.89,3.054170575836329,0.9335920256939614,3.271418876533452
2022-01-01 11:30:15.000000,2022-01-01 11:09:30,2022-01-01 11:51:00,2490.0,C,C35,S2I,2,-1,254.56846349780443,269.85512472266197,262.37594087043976,14.95801460110533,7.941354113678895,7.016660487426434,3.85,3.564265976730751,1.3861152057033836,2.571406735937267
2022-01-01 11:37:45.000000,2022-01-01 11:18:00,2022-01-01 11:57:30,2370.0,C,C23,S1X,4,-1,139.05828917109076,143.30741546652916,141.59681910527522,14.877426825068861,2.4408243651445773,12.436602459924284,4.14,8.045048298391656,1.6849181825068376,4.7747412200289485
2022-01-01 11:37:45.000000,2022-01-01 11:18:00,2022-01-01 11:57:30,2370.0,C,C23,S2I,4,-1,139.05828917109076,143.30741546652916,141.59681910527522,14.877426825068861,2.4408243651445773,12.436602459924284,4.170000000000001,9.336196409524616,2.2520795378091094,4.145589111211919
2022-01-01 11:50:20.487805,2022-01-01 11:16:00,2022-01-01 12:21:00,3900.0,R,R20,S1C,2,1,194.65202490689686,222.90028151794084,208.55406262951536,3.0275657558036646,13.702951837983102,10.675386082179438,4.1099999999999985,4.232648072022377,1.0362996657618078,4.084386217485518
2022-01-01 11:50:37.377049,2022-01-01 11:16:30,2022-01-01 12:21:00,3870.0,R,R20,S1P,2,1,194.81696963907484,222.90028151794084,208.6679836538219,3.1774230796168212,13.702951837983102,10.525528758366281,4.13,2.730394256197674,0.6392358819330913,4.2713407262758505
2022-01-01 12:06:15.000000,2022-01-01 11:46:00,2022-01-01 12:26:30,2430.0,C,C22,S1X,2,1,240.47739754472877,232.37419759341958,236.23221226567574,2.560713189609108,14.921430034900164,12.360716845291055,3.8899999999999992,8.170591425280534,1.7147315678856598,4.764939060027475
2022-01-01 12:06:15.000000,2022-01-01 11:46:00,2022-01-01 12:26:30,2430.0,C,C22,S2I,2,1,240.47739754472877,232.37419759341958,236.23221226567574,2.560713189609108,14.921430034900164,12.360716845291055,3.8399999999999994,8.413796957021972,2.1231477306094493,3.9628881380792063
2022-01-01 12:19:45.000000,2022-01-01 12:05:30,2022-01-01 12:34:00,1710.0,R,R12,S1C,4,-1,151.05361521722926,153.5967399941221,152.62223414374444,14.827096408831562,2.404581483536602,12.422514925294958,3.9500000000000006,16.91099848842518,4.333021296502954,3.902819148863523
2022-01-01 12:19:45.000000,2022-01-01 12:05:30,2022-01-01 12:34:00,1710.0,R,R12,S1P,4,-1,151.05361521722926,153.5967399941221,152.62223414374444,14.827096408831562,2.404581483536602,12.422514925294958,3.97,13.139873818622359,3.107194129442904,4.228855124986425
2022-01-01 12:32:45.000000,2022-01-01 12:15:00,2022-01-01 12:50:30,2130.0,R,R05,S1C,3,1,236.0808958819835,224.94540182806273,230.38679680099426,2.1607351507527492,14.895842734052195,12.735107583299445,3.9000000000000004,12.984774784969082,2.857847436523819,4.543550722484783
2022-01-01 12:32:45.000000,2022-01-01 12:15:00,2022-01-01 12:50:30,2130.0,R,R05,S1P,3,1,236.0808958819835,224.94540182806273,230.38679680099426,2.1607351507527492,14.895842734052195,12.735107583299445,3.9500000000000006,11.623489741409937,2.3105611276617157,5.030591747716664
2022-01-01 12:32:45.441176,2022-01-01 12:16:00,2022-01-01 12:50:00,2040.0,G,G31,S1C,4,-1,133.65774320744956,130.06209943294837,132.11667683591352,14.889574698431511,2.262335917866791,12.62723878056472,4.069999999999999,8.791881415440452,1.8512368168744051,4.749193261121776
2022-01-01 12:48:46.388889,2022-01-01 12:21:30,2022-01-01 13:18:30,3420.0,R,R20,S1P,3,-1,223.1523640727135,250.53431213708387,236.62138569021727,13.701675593157873,5.57827663553255,8.123398957625323,5.7200000000000015,1.070137885096488,0.46747897242696795,2.2891679588083944
2022-01-01 12:50:15.929203,2022-01-01 12:21:30,2022-01-01 13:23:30,3720.0,R,R20,S1C,3,-1,223.1523640727135,252.67161935296866,237.31159057193824,13.701675593157873,4.280565250374181,9.421110342783692,3.7800000000000007,1.4270355365548022,0.5917483563391902,2.411558090981541
2022-01-01 13:08:30.000000,2022-01-01 12:45:30,2022-01-01 13:31:30,2760.0,E,E30,S1X,4,-1,141.18366204593158,146.52531433530618,144.3578562166342,14.956764270865902,2.4284618824735182,12.528302388392383,3.95,10.3757588174945,2.0991962107473645,4.942729395362465
2022-01-01 13:13:38.602941,2022-01-01 12:37:30,2022-01-01 13:47:30,4200.0,G,G11,S1C,2,1,210.58126156724606,235.94030649875077,222.8547894722228,2.1072271939780416,10.913248795588782,8.806021601610741,3.7699999999999996,6.5371229094370165,1.4319943225737721,4.565048063659654
2022-01-01 13:13:38.602941,2022-01-01 12:37:30,2022-01-01 13:47:30,4200.0,G,G11,S1X,2,1,210.58126156724606,235.94030649875077,222.8547894722228,2.1072271939780416,10.913248795588782,8.806021601610741,3.8,8.500895574100026,1.4443032603726265,5.885810693182827
2022-01-01 13:17:45.000000,2022-01-01 13:09:30,2022-01-01 13:26:00,990.0,R,R21,S1C,3,1,193.3989233245868,200.80006496851664,197.08321767642224,2.011003348017863,2.665116442146263,0.6541130941283999,9.999999999999998,10.046002209931471,2.983759845962114,3.36689369405068
2022-01-01 13:17:45.000000,2022-01-01 13:09:30,2022-01-01 13:26:00,990.0,R,R21,S1P,3,1,193.3989233245868,200.80006496851664,197.08321767642224,2.011003348017863,2.665116442146263,0.6541130941283999,9.999999999999998,7.148393440984446,2.2247830210487343,3.213074431687628
2022-01-01 13:22:21.585365,2022-01-01 12:59:00,2022-01-01 13:43:00,2640.0,G,G02,S1C,2,1,212.65495305326886,230.10122718664584,221.70094794449074,2.0372851451987275,5.633616199842467,3.5963310546437395,3.910000000000001,10.977168145897847,3.614608886713272,3.0368896027031234
2022-01-01 13:26:15.000000,2022-01-01 13:00:30,2022-01-01 13:52:00,3090.0,E,E04,S1X,1,1,248.2936392523162,236.92312729461247,242.38507884821297,2.049710199173117,14.910345346140442,12.860635146967326,3.86,9.744059516368264,2.191353186068453,4.446594724353978
2022-01-01 13:34:23.225806,2022-01-01 13:26:30,2022-01-01 13:42:30,960.0,R,R21,S1C,4,-1,201.02679654132282,208.2781614841037,204.60490296549776,2.664631716920614,2.0258627594798235,0.6387689574407904,9.959999999999999,3.817361268403433,1.3352671337176176,2.8588745817289984
2022-01-01 13:34:23.225806,2022-01-01 13:26:30,2022-01-01 13:42:30,960.0,R,R21,S1P,4,-1,201.02679654132282,208.2781614841037,204.60490296549776,2.664631716920614,2.0258627594798235,0.6387689574407904,10.0,2.6430852373063844,0.9027796850542105,2.927719000619372
2022-01-01 13:52:30.779220,2022-01-01 13:33:30,2022-01-01 14:12:00,2310.0,C,C37,S1X,4,-1,134.0640265582016,130.3681851166504,132.51620406824182,14.848460849469243,2.0621871261746167,12.786273723294626,3.8699999999999997,7.56069712427077,1.5841849168462512,4.772610219848819
2022-01-01 13:52:45.000000,2022-01-01 13:33:30,2022-01-01 14:12:00,2310.0,C,C37,S2I,4,-1,134.0640265582016,130.3681851166504,132.49040921059722,14.848460849469243,2.0621871261746167,12.786273723294626,3.95,8.25865074374192,1.8285655987124634,4.516464024893082
2022-01-01 13:55:19.500000,2022-01-01 13:45:30,2022-01-01 14:06:00,1230.0,R,R13,S1P,4,-1,146.70184044646643,144.70193786775135,145.8568561091584,14.850992107754431,5.802746953310066,9.048245154444365,3.8899999999999997,3.237283033844426,0.7497647313584439,4.317731814323981
2022-01-01 13:56:03.571428,2022-01-01 13:45:30,2022-01-01 14:12:30,1620.0,R,R13,S1C,4,-1,146.70184044646643,143.79978092909,145.7708284553228,14.850992107754431,3.045071022730491,11.80592108502394,3.94,4.569316286795687,1.1793634496272636,3.8743919766547066
2022-01-01 14:01:15.000000,2022-01-01 13:43:30,2022-01-01 14:19:00,2130.0,G,G26,S1C,4,-1,137.99882957317706,142.05696327822702,140.39642371069795,14.988124328219083,2.548282021985359,12.439842306233725,3.95,7.085355116922325,1.4332465220920092,4.943570424005167
2022-01-01 14:02:47.671233,2022-01-01 13:42:00,2022-01-01 14:21:00,2340.0,G,G20,S1C,3,1,215.57030284918602,222.2544406953231,218.66044900940412,2.0941633245584037,14.891387696294869,12.797224371736466,3.8499999999999996,5.43498553176192,1.0727759203049194,5.0662821833446
2022-01-01 14:05:21.818181,2022-01-01 13:43:30,2022-01-01 14:29:00,2730.0,G,G02,S1C,3,-1,230.3106807239381,249.1438525563692,239.44249174849853,5.632832410964364,2.0049034478014898,3.6279289631628746,3.3899999999999997,11.69522820622479,3.8635037272553063,3.027104160329946
2022-01-01 14:25:00.201342,2022-01-01 13:48:00,2022-01-01 15:02:30,4470.0,G,G11,S1C,3,-1,236.1481556847947,266.0585555918524,251.33313209147695,10.91254040111414,2.0180959692829568,8.894444431831182,3.829999999999999,8.732043872719327,1.9471204809954523,4.484593510235755
2022-01-01 14:25:00.201342,2022-01-01 13:48:00,2022-01-01 15:02:30,4470.0,G,G11,S1X,3,-1,236.1481556847947,266.0585555918524,251.33313209147695,10.91254040111414,2.0180959692829568,8.894444431831182,3.829999999999999,10.192654917258947,2.1281936532487253,4.789345603817434
2022-01-01 14:26:15.000000,2022-01-01 14:07:30,2022-01-01 14:45:00,2250.0,C,C21,S2I,3,1,221.82865408078658,221.3021672571698,221.23806002895012,2.1429793811374283,14.934949162631343,12.791969781493915,3.850000000000001,9.857480607938331,2.1823354361882035,4.516941091858909
2022-01-01 14:26:28.800000,2022-01-01 14:07:30,2022-01-01 14:45:00,2250.0,C,C21,S1X,3,1,221.82865408078658,221.3021672571698,221.231436599036,2.1429793811374283,14.934949162631343,12.791969781493915,3.96,6.372937813000035,1.678091155026045,3.7977304116718993
2022-01-01 15:15:13.000000,2022-01-01 14:51:30,2022-01-01 15:37:30,2760.0,G,G05,S1C,3,1,212.19549185883386,223.30197515556156,217.28899638841023,2.065937455723658,14.98380622003968,12.917868764316022,3.6300000000000003,6.148229755762108,1.7379465605470208,3.5376402792425017
2022-01-01 15:32:30.000000,2022-01-01 15:15:30,2022-01-01 15:49:30,2040.0,G,G16,S1C,4,-1,139.01789448622355,139.17723193599988,139.3981978551972,14.933606739759202,2.185237153654561,12.74836958610464,3.9399999999999995,6.963151362650638,1.2886234596561925,5.403557812387198
2022-01-01 15:50:30.000000,2022-01-01 15:40:30,2022-01-01 16:00:30,1200.0,R,R14,S1C,4,-1,135.7648128988729,130.10968647622573,132.98432173005244,14.977654135262352,7.398529737732165,7.579124397530187,4.17,8.565142522101583,2.9624344467536154,2.8912513259112607
2022-01-01 15:50:30.000000,2022-01-01 15:40:30,2022-01-01 16:00:30,1200.0,R,R14,S1P,4,-1,135.7648128988729,130.10968647622573,132.98432173005244,14.977654135262352,7.398529737732165,7.579124397530187,4.140000000000001,9.023063492022148,2.518555542928734,3.5826343069367312
2022-01-01 15:51:16.022727,2022-01-01 15:29:30,2022-01-01 16:13:30,2640.0,E,E27,S1X,4,-1,135.52968003520792,130.58996616147178,133.40625883610642,14.932097485089844,2.059656828349395,12.87244065674045,3.9799999999999995,9.05118061398005,1.9880753720719633,4.552735143309456
2022-01-01 16:05:13.333333,2022-01-01 15:47:00,2022-01-01 16:23:00,2160.0,G,G13,S1C,3,1,231.0826517380249,226.44711979979044,228.497830841403,2.0000510166718786,14.972479212456527,12.972428195784648,4.07,6.555300765421678,2.186148554477576,2.998561443592381
2022-01-01 16:05:45.000000,2022-01-01 15:54:00,2022-01-01 16:17:30,1410.0,R,R24,S1C,3,1,130.08569179093462,141.351474193261,135.70511829013378,8.26078306819322,9.611982451427224,1.351199383234004,9.94,6.253505051218768,2.9272298608619822,2.136321829327505
2022-01-01 16:05:45.000000,2022-01-01 15:54:00,2022-01-01 16:17:30,1410.0,R,R24,S1P,3,1,130.08569179093462,141.351474193261,135.70511829013378,8.26078306819322,9.611982451427224,1.351199383234004,5.379999999999999,6.080190627107344,3.082560299400508,1.9724482367108311
2022-01-01 16:16:58.588235,2022-01-01 15:55:00,2022-01-01 16:38:00,2580.0,E,E09,S1X,3,1,222.72495558570083,221.5480200880441,221.74188543329797,2.131347265146762,14.988767141431655,12.857419876284894,4.01,8.301640578589046,1.97991845842366,4.192920442389589
2022-01-01 16:21:45.000000,2022-01-01 16:07:00,2022-01-01 16:36:30,1770.0,R,R07,S1C,3,1,206.19442285173474,208.78890987346531,207.1734879692243,2.001784350105704,14.894382974346598,12.892598624240893,4.09,16.41436682454744,3.773431426318633,4.34998413117085
2022-01-01 16:21:45.000000,2022-01-01 16:07:00,2022-01-01 16:36:30,1770.0,R,R07,S1P,3,1,206.19442285173474,208.78890987346531,207.1734879692243,2.001784350105704,14.894382974346598,12.892598624240893,4.05,13.027094093184537,2.949286128745782,4.417032978324304
2022-01-01 16:35:20.869565,2022-01-01 16:12:30,2022-01-01 17:00:00,2850.0,G,G27,S1C,4,-1,136.9197867394707,149.24893325248237,143.50271482953767,14.945828417515315,2.1538308738385052,12.79199754367681,3.9799999999999995,7.689286119758839,1.5116402565526337,5.08671695294396
2022-01-01 16:40:15.000000,2022-01-01 16:17:00,2022-01-01 17:03:30,2790.0,C,C42,S2I,3,1,212.05968715348502,221.1666977473892,216.03373179339303,2.0864513076599107,14.91467412762994,12.82822281997003,4.03,8.452484026655211,1.7898105224253535,4.72255801424239
2022-01-01 16:40:43.695652,2022-01-01 16:17:00,2022-01-01 17:03:30,2790.0,C,C42,S1X,3,1,212.05968715348502,221.1666977473892,216.11677402857484,2.0864513076599107,14.91467412762994,12.82822281997003,4.069999999999999,7.430610640856124,1.3941406292609164,5.329886013576231
2022-01-01 16:42:00.000000,2022-01-01 16:10:30,2022-01-01 17:13:30,3780.0,C,C27,S1X,4,-1,130.1715856429987,150.54742403768108,140.91801693375112,9.190217906669169,2.0783159707370866,7.111901935932082,3.78,9.424893927703865,1.8851258707021574,4.999609879733575
2022-01-01 16:42:00.000000,2022-01-01 16:10:30,2022-01-01 17:13:30,3780.0,C,C27,S2I,4,-1,130.1715856429987,150.54742403768108,140.91801693375112,9.190217906669169,2.0783159707370866,7.111901935932082,3.75,13.127461183816811,2.5305136422755687,5.187666631985402
2022-01-01 16:45:30.000000,2022-01-01 16:18:00,2022-01-01 17:13:00,3300.0,R,R24,S1C,4,-1,141.59136038366245,165.37792626101978,154.04630934268204,9.610916910752497,2.0857670802802115,7.5251498304722855,3.9699999999999993,24.354880913135887,4.333079559757375,5.62068629879937
2022-01-01 16:45:30.000000,2022-01-01 16:18:00,2022-01-01 17:13:00,3300.0,R,R24,S1P,4,-1,141.59136038366245,165.37792626101978,154.04630934268204,9.610916910752497,2.0857670802802115,7.5251498304722855,3.9599999999999995,20.549965442591407,3.321806800163177,6.186381893607398
2022-01-01 16:57:15.000000,2022-01-01 16:56:00,2022-01-01 16:58:30,150.0,C,C26,S1X,1,1,269.84875664540766,269.06680737769886,269.4579494445617,14.237108789070891,14.89162784556687,0.6545190564959782,9.999999999999982,1.802457030185839,0.5234905259210211,3.443151195553394
2022-01-01 16:57:15.000000,2022-01-01 16:56:00,2022-01-01 16:58:30,150.0,C,C26,S2I,1,1,269.84875664540766,269.06680737769886,269.4579494445617,14.237108789070891,14.89162784556687,0.6545190564959782,9.69,2.548834644254605,0.9746779063919003,2.615053267894394
2022-01-01 17:16:15.000000,2022-01-01 16:57:30,2022-01-01 17:35:00,2250.0,G,G15,S1C,3,1,219.576152801163,222.7167978459415,220.75940142418892,2.128637496098474,14.973350504177212,12.844713008078738,4.17,7.172674317556593,1.8226192522357643,3.935366264104827
2022-01-01 17:52:06.338028,2022-01-01 17:34:30,2022-01-01 18:10:00,2130.0,G,G08,S1C,4,-1,139.89375751481978,144.66177610319562,142.64122989120264,14.882979114421191,2.4277720740517634,12.455207040369428,4.06,5.6888092027227275,1.1710747195878757,4.857767918279999
2022-01-01 17:59:14.583333,2022-01-01 17:41:00,2022-01-01 18:17:00,2160.0,R,R08,S1C,3,1,199.76734849637174,209.73857032745357,204.3143042509973,2.1325634937349847,14.906211703851634,12.773648210116649,4.19,6.463594851223912,2.071035643071503,3.120948146328332
2022-01-01 17:59:14.583333,2022-01-01 17:41:00,2022-01-01 18:17:00,2160.0,R,R08,S1P,3,1,199.76734849637174,209.73857032745357,204.3143042509973,2.1325634937349847,14.906211703851634,12.773648210116649,4.140000000000001,6.8920122658867555,1.4446415506752388,4.770742100464552
2022-01-01 18:06:30.000000,2022-01-01 17:25:00,2022-01-01 18:48:00,4980.0,C,C14,S2I,3,1,210.80313501675067,237.47094995056057,222.92173832472918,3.3076784578813556,14.631371408977904,11.323692951096548,4.32,4.005166074363926,1.0363916455805557,3.8645294869396123
2022-01-01 18:33:45.000000,2022-01-01 18:15:30,2022-01-01 18:52:00,2190.0,R,R17,S1C,4,-1,151.3302992437896,161.90537545427085,157.131306451368,14.85964035275224,2.154842262385968,12.704798090366273,4.159999999999999,19.44819234364326,3.994352733798278,4.8689221107295
2022-01-01 18:33:45.000000,2022-01-01 18:15:30,2022-01-01 18:52:00,2190.0,R,R17,S1P,4,-1,151.3302992437896,161.90537545427085,157.131306451368,14.85964035275224,2.154842262385968,12.704798090366273,4.159999999999999,16.003955449098658,2.6888134691653303,5.952051204975054
2022-01-01 18:48:30.355029,2022-01-01 18:06:30,2022-01-01 19:31:00,5070.0,E,E13,S1X,4,-1,130.1253646265665,153.82769354091866,142.9880007677322,12.483471886731065,2.0714381635774286,10.412033723153638,4.17,10.08001561970128,1.6641583973669414,6.057125112399183
2022-01-01 18:55:15.000000,2022-01-01 18:54:30,2022-01-01 18:56:00,90.0,E,E24,S1X,1,1,269.86941531275835,269.4047539085869,269.63711927921406,14.594458691105569,14.92164881556354,0.3271901244579709,,,,
2022-01-01 18:55:58.767123,2022-01-01 18:36:30,2022-01-01 19:14:00,2250.0,G,G24,S1C,4,1,235.69021251025669,230.31252379558921,232.66504347483186,2.0116114503297684,14.895195304203215,12.883583853873446,4.13,5.154074320941474,1.22107065717435,4.220946831093618
2022-01-01 19:01:13.800000,2022-01-01 18:34:30,2022-01-01 19:26:00,3090.0,C,C33,S1X,3,1,210.09721284782503,227.26987055984182,218.7126260606747,2.0281015397129463,6.236028537845939,4.207926998132992,3.9300000000000015,11.874204817160317,3.5137898684594444,3.3793155714135916
2022-01-01 19:01:13.800000,2022-01-01 18:34:30,2022-01-01 19:26:00,3090.0,C,C33,S2I,3,1,210.09721284782503,227.26987055984182,218.7126260606747,2.0281015397129463,6.236028537845939,4.207926998132992,3.9800000000000004,14.53717217787057,3.9714872643735317,3.6603849414996636
2022-01-01 19:02:45.714285,2022-01-01 18:42:00,2022-01-01 19:24:30,2550.0,C,C30,S1X,4,-1,139.92254572026997,146.08275905393006,143.43348453333462,14.976695440793504,2.0951804464421837,12.88151499435132,3.8800000000000017,6.3772743873871525,1.4748241860127487,4.324091269908172
2022-01-01 19:02:45.714285,2022-01-01 18:42:00,2022-01-01 19:24:30,2550.0,C,C30,S2I,4,-1,139.92254572026997,146.08275905393006,143.43348453333462,14.976695440793504,2.0951804464421837,12.88151499435132,4.180000000000001,8.96803827114006,1.823380448277265,4.918358250256049
2022-01-01 19:06:59.340659,2022-01-01 18:43:30,2022-01-01 19:29:30,2760.0,C,C24,S1X,1,1,252.52597190243443,241.1490053952846,246.56842878889273,2.0863274654075905,14.956822638911587,12.870495173503997,4.18,8.496067415388511,1.5651785483756353,5.428177778315357
2022-01-01 19:06:59.340659,2022-01-01 18:43:30,2022-01-01 19:29:30,2760.0,C,C24,S2I,1,1,252.52597190243443,241.1490053952846,246.56842878889273,2.0863274654075905,14.956822638911587,12.870495173503997,4.080000000000001,9.856542425496638,1.9270842146394571,5.1147440006096065
2022-01-01 19:08:52.941176,2022-01-01 18:43:30,2022-01-01 19:35:30,3120.0,G,G21,S1C,4,-1,130.05398421563268,148.89224994075383,139.78164045604802,11.038960840840478,2.097676606290982,8.941284234549496,4.1499999999999995,7.914252812301075,1.5927142606314801,4.969034941121974
2022-01-01 19:15:30.000000,2022-01-01 19:13:30,2022-01-01 19:17:30,240.0,E,E05,S1X,3,1,221.40979332770826,222.43530618719012,221.91953162844666,14.253237511188614,14.965828010515244,0.7125904993266303,10.000000000000005,3.020028116717817,1.0790719145408645,2.7987273841732896
2022-01-01 19:31:45.000000,2022-01-01 18:48:30,2022-01-01 20:15:00,5190.0,C,C14,S2I,4,-1,237.66609623678448,269.80017595006257,254.21830419211562,14.631040520097987,3.604160689497049,11.026879830600937,4.249999999999999,6.276123041213706,1.3159248041282685,4.769362976915167
2022-01-01 19:42:10.081967,2022-01-01 19:11:30,2022-01-01 20:12:30,3660.0,R,R01,S1C,3,1,196.04828433612104,222.13589795869822,208.4180178543894,2.1235561759267507,11.031679803104678,8.908123627177927,4.430000000000001,11.018442635313756,2.715397480630212,4.057764181454755
2022-01-01 19:42:10.081967,2022-01-01 19:11:30,2022-01-01 20:12:30,3660.0,R,R01,S1P,3,1,196.04828433612104,222.13589795869822,208.4180178543894,2.1235561759267507,11.031679803104678,8.908123627177927,4.430000000000001,10.112859139511682,2.062499352877202,4.903205969691175
2022-01-01 19:53:00.000000,2022-01-01 19:26:30,2022-01-01 20:19:30,3180.0,C,C33,S1X,4,-1,227.45010196653146,246.48263994597517,237.03179133449183,6.235650470195693,2.013188559007474,4.222461911188219,4.46,12.10007066230806,3.1623590330541034,3.8262798549544215
2022-01-01 19:53:00.000000,2022-01-01 19:26:30,2022-01-01 20:19:30,3180.0,C,C33,S2I,4,-1,227.45010196653146,246.48263994597517,237.03179133449183,6.235650470195693,2.013188559007474,4.222461911188219,4.0,13.19836315362844,3.879008583545158,3.4025093962452657
2022-01-01 20:01:30.000000,2022-01-01 19:50:00,2022-01-01 20:13:00,1380.0,G,G12,S1C,2,1,269.88561773263064,262.3460412079471,266.1301441334114,8.367547408579535,14.985053838394933,6.617506429815398,4.23,4.41665383728165,1.808006955728393,2.4428301137272506
2022-01-01 20:11:30.000000,2022-01-01 19:57:00,2022-01-01 20:26:00,1740.0,R,R18,S1C,4,-1,152.8926651106887,155.88048886127905,154.70291249609133,14.839916096490715,2.1253477281400683,12.714568368350646,4.300000000000001,15.472909464861972,2.8512811422283857,5.426651632384908
2022-01-01 20:11:30.000000,2022-01-01 19:57:00,2022-01-01 20:26:00,1740.0,R,R18,S1P,4,-1,152.8926651106887,155.88048886127905,154.70291249609133,14.839916096490715,2.1253477281400683,12.714568368350646,4.300000000000001,12.002774115727307,2.102660780639024,5.708373992727215
2022-01-01 20:13:45.000000,2022-01-01 19:46:30,2022-01-01 20:41:00,3270.0,G,G01,S1C,4,-1,134.88902079899225,150.8855749940588,143.6608308927515,14.953907517443353,2.186717730310791,12.767189787132562,4.33,5.87726262116454,1.3452405601522326,4.368930580341294
2022-01-01 20:14:45.000000,2022-01-01 20:13:30,2022-01-01 20:16:00,150.0,R,R08,S1C,4,-1,268.73116750002856,269.8474178972949,269.29046718048875,14.890181708338202,14.170906428423269,0.7192752799149336,10.000000000000014,1.170318681441114,0.2526688745596767,4.631827657762024
2022-01-01 20:14:45.000000,2022-01-01 20:13:30,2022-01-01 20:16:00,150.0,R,R08,S1P,4,-1,268.73116750002856,269.8474178972949,269.29046718048875,14.890181708338202,14.170906428423269,0.7192752799149336,10.000000000000014,2.7297545781200143,0.8145523225490621,3.3512329442232924
2022-01-01 20:33:15.000000,2022-01-01 20:15:30,2022-01-01 20:51:00,2130.0,R,R11,S1C,5,1,234.95855755319286,224.2135700752553,229.44968025654418,2.0507075060321065,14.978261671207983,12.927554165175877,4.410000000000001,17.77950483825672,4.148175733293776,4.286102128112894
2022-01-01 20:33:15.000000,2022-01-01 20:15:30,2022-01-01 20:51:00,2130.0,R,R11,S1P,5,1,234.95855755319286,224.2135700752553,229.44968025654418,2.0507075060321065,14.978261671207983,12.927554165175877,4.380000000000001,13.581556664853698,3.1453136197298504,4.318029394480609
2022-01-01 20:44:15.000000,2022-01-01 20:13:00,2022-01-01 21:15:30,3750.0,R,R01,S1C,4,-1,222.3777714913021,251.1817596525418,237.16811478946278,11.030479340757234,2.122615187975947,8.907864152781286,4.4,11.85100888187532,2.257818829964169,5.248875031334287
2022-01-01 20:44:15.000000,2022-01-01 20:13:00,2022-01-01 21:15:30,3750.0,R,R01,S1P,4,-1,222.3777714913021,251.1817596525418,237.16811478946278,11.030479340757234,2.122615187975947,8.907864152781286,4.390000000000001,9.987991333314673,1.6652262284851973,5.997978630447364
2022-01-01 21:21:15.000000,2022-01-01 21:06:30,2022-01-01 21:36:00,1770.0,E,E03,S1X,3,1,212.68884775135894,221.4422298043201,217.00875230186855,2.0059129271614236,3.170585239701169,1.1646723125397456,5.83,7.506102306674112,3.5737591615640025,2.1003380382770893
2022-01-01 21:22:45.000000,2022-01-01 21:04:00,2022-01-01 21:41:30,2250.0,C,C29,S1X,4,-1,136.4862141698128,133.88092915843947,135.47039885992072,14.871332371167687,2.1931211058912385,12.678211265276449,4.45,8.51569270590313,1.7386803460436822,4.897790859188318
2022-01-01 21:22:45.000000,2022-01-01 21:04:00,2022-01-01 21:41:30,2250.0,C,C29,S2I,4,-1,136.4862141698128,133.88092915843947,135.47039885992072,14.871332371167687,2.1931211058912385,12.678211265276449,4.4399999999999995,10.396048146092697,1.8630988388915173,5.5799767189367175
2022-01-01 21:27:00.000000,2022-01-01 21:15:30,2022-01-01 21:38:30,1380.0,E,E05,S1X,4,-1,262.49257675988235,269.86135891320754,266.22625517103734,14.974679262142942,10.734206034987684,4.240473227155258,4.820000000000002,3.782809011736525,1.4298245073929199,2.6456456664279275
2022-01-01 21:35:24.074074,2022-01-01 21:14:30,2022-01-01 21:55:30,2460.0,G,G25,S1C,5,1,250.9182160223098,240.3815955724847,245.42409551938346,2.2459289255401944,14.874050142315077,12.628121216774883,4.37,5.543154751978522,1.2332898083068362,4.4946084161585915
2022-01-01 21:37:18.750000,2022-01-01 21:27:00,2022-01-01 21:49:00,1320.0,R,R19,S1P,4,-1,150.23642245773635,149.036991250768,149.8225509663275,14.870453747459322,4.904300315153468,9.966153432305855,4.589999999999999,3.137880279812847,0.9009455921087695,3.482874334806687
2022-01-01 21:38:23.720930,2022-01-01 21:27:00,2022-01-01 21:55:00,1680.0,R,R19,S1C,4,-1,150.23642245773635,148.41947061527932,149.740877784947,14.870453747459322,2.2790547691327894,12.591398978326533,4.620000000000001,2.63669541840354,0.9112121019035815,2.8936132574351365
2022-01-01 21:39:00.000000,2022-01-01 21:17:30,2022-01-01 22:00:30,2580.0,E,E26,S1X,4,-1,142.40609863783365,145.12552596023872,144.20334741169302,14.928503949327565,2.2708829623240523,12.657620987003513,4.260000000000002,9.870184943893364,2.15108423245638,4.58846975630626
2022-01-01 21:47:30.000000,2022-01-01 21:29:00,2022-01-01 22:06:00,2220.0,C,C25,S1X,4,1,226.3072689230904,224.18033876768894,224.96098719295847,2.424324315152464,14.851098243596955,12.42677392844449,4.52,6.736261606558061,1.3869790181005905,4.8567869583082
2022-01-01 21:47:30.000000,2022-01-01 21:29:00,2022-01-01 22:06:00,2220.0,C,C25,S2I,4,1,226.3072689230904,224.18033876768894,224.96098719295847,2.424324315152464,14.851098243596955,12.42677392844449,4.58,8.24614843471355,1.8876109333738407,4.3685636107090735
2022-01-01 21:50:30.000000,2022-01-01 21:36:30,2022-01-01 22:04:30,1680.0,E,E03,S1X,4,-1,221.59562472641522,230.26692129906283,225.92525351619406,3.1700103566910984,2.0857401599162033,1.0842701967748951,8.729999999999997,2.5243120902736536,1.053833868769829,2.395360564014095
2022-01-01 21:53:45.000000,2022-01-01 21:41:00,2022-01-01 22:06:30,1530.0,G,G32,S1C,3,1,216.66043179115505,226.3967436610806,221.48220499494437,2.2286169149303126,3.3702750007792184,1.1416580858489058,6.349999999999997,9.499294395190578,4.71210871142472,2.0159327759478702
2022-01-01 22:11:15.000000,2022-01-01 22:05:00,2022-01-01 22:17:30,750.0,E,E25,S1X,2,1,234.6842000979646,232.43753618016785,233.54228166637668,11.475483020827836,14.919662698846325,3.4441796780184895,5.0,3.9325669370102165,1.5649695070033054,2.512871285614072
2022-01-01 22:23:39.512195,2022-01-01 22:08:00,2022-01-01 22:34:00,1560.0,G,G32,S1C,4,-1,226.98365693189714,237.18847288384714,233.13465451308144,3.3671642579419814,2.1344331749501104,1.232731082991871,10.0,5.140797411164628,2.671579229226544,1.9242541471071977
2022-01-01 22:30:45.000000,2022-01-01 22:16:00,2022-01-01 22:45:30,1770.0,R,R12,S1C,5,1,217.13934266238437,213.57419217847954,215.1413684037544,2.007579982164299,14.840369256685388,12.83278927452109,4.5600000000000005,15.897962163880784,4.114138910067535,3.864225907632228
2022-01-01 22:30:45.000000,2022-01-01 22:16:00,2022-01-01 22:45:30,1770.0,R,R12,S1P,5,1,217.13934266238437,213.57419217847954,215.1413684037544,2.007579982164299,14.840369256685388,12.83278927452109,4.49,14.125905606636596,3.0101817220799383,4.692708584010687
2022-01-01 23:37:15.000000,2022-01-01 23:32:00,2022-01-01 23:42:30,630.0,C,C19,S1X,3,1,130.07007254982864,133.85605003275913,131.9656297744171,5.3346745619361355,5.509138487263681,0.1744639253275455,10.000000000000034,0.06598553175220088,0.021707019540163592,3.039824589004981
2022-01-01 23:37:15.000000,2022-01-01 23:32:00,2022-01-01 23:42:30,630.0,C,C19,S2I,3,1,130.07007254982864,133.85605003275913,131.9656297744171,5.3346745619361355,5.509138487263681,0.1744639253275455,10.0,0.03389651402386915,0.011100026123494413,3.053732815288019
2022-01-01 23:40:45.000000,2022-01-01 23:22:00,2022-01-01 23:59:30,2250.0,G,G31,S1C,5,1,212.1607714890109,221.69044200071292,216.52993654073757,2.442997581906246,12.51076634453229,10.067768762626043,4.54,10.199477686590726,1.960146847119391,5.203425295191408
2022-01-01 23:43:05.084745,2022-01-01 23:28:30,2022-01-01 23:58:30,1800.0,R,R20,S1C,5,-1,140.40824830420186,132.14694148459216,136.51766474586086,14.996714924446024,3.3843565376840097,11.612358386762015,4.619999999999999,4.8645983302263165,1.1867289103957515,4.099165603544677
2022-01-01 23:43:05.084745,2022-01-01 23:28:30,2022-01-01 23:58:30,1800.0,R,R20,S1P,5,-1,140.40824830420186,132.14694148459216,136.51766474586086,14.996714924446024,3.3843565376840097,11.612358386762015,4.6499999999999995,4.132035842670464,0.9533632833293862,4.334167168930974
2022-01-01 23:48:09.782608,2022-01-01 23:36:30,2022-01-01 23:59:30,1380.0,C,C23,S2I,5,1,215.5953659709248,217.90920324196352,216.63609185859116,2.1268465989620977,9.351423159836283,7.224576560874185,4.45,14.38513848796668,2.824634049258805,5.092744135029243
2022-01-01 23:48:25.333333,2022-01-01 23:37:00,2022-01-01 23:59:30,1350.0,C,C23,S1X,5,1,215.62880981778855,217.90920324196352,216.6592194213908,2.2871568079754114,9.351423159836283,7.064266351860872,4.55,9.504500556652863,2.0727049860843345,4.585553959904519
2022-01-01 23:50:15.000000,2022-01-01 23:41:00,2022-01-01 23:59:30,1110.0,E,E33,S1X,4,-1,135.54318117309072,133.43672170256386,134.5474757771275,14.949098237235198,9.407443642778894,5.541654594456304,5.06,3.9462363310117015,1.614399964621955,2.444398177335066
2022-01-01 23:51:15.000000,2022-01-01 23:43:00,2022-01-01 23:59:30,990.0,C,C19,S1X,4,-1,134.03535668942385,139.85987678951057,136.96430121777402,5.508725669905456,5.043863596207368,0.46486207369808774,10.000000000000005,0.22438424173399568,0.06198001910462234,3.6202673857720957
2022-01-01 23:51:15.000000,2022-01-01 23:43:00,2022-01-01 23:59:30,990.0,C,C19,S2I,4,-1,134.03535668942385,139.85987678951057,136.96430121777402,5.508725669905456,5.043863596207368,0.46486207369808774,10.0,0.21434569184909213,0.061558855782187984,3.481963547332745
2022-01-01 23:54:15.000000,2022-01-01 23:49:00,2022-01-01 23:59:30,630.0,R,R05,S1C,5,1,130.05912644321938,135.06156621448434,132.55404529046208,8.147207533639497,9.108345437275137,0.96113790363564,9.999999999999998,3.647604851663142,1.0430725914138106,3.496980825389222
2022-01-01 23:54:15.000000,2022-01-01 23:49:00,2022-01-01 23:59:30,630.0,R,R05,S1P,5,1,130.05912644321938,135.06156621448434,132.55404529046208,8.147207533639497,9.108345437275137,0.96113790363564,9.999999999999998,0.7573755856386829,0.37955081428812054,1.9954524061796692
2022-01-01 23:57:00.000000,2022-01-01 23:54:30,2022-01-01 23:59:30,300.0,G,G06,S1C,5,-1,136.645734841217,136.36316195151184,136.5101069324989,14.948061978860984,12.991917398785008,1.9561445800759767,5.149999999999995,3.133101035608888,1.6729402692584194,1.8728110579810051
2022-01-02 00:00:45.000000,2022-01-02 00:00:00,2022-01-02 00:01:30,90.0,R,R20,S1C,1,-1,131.6956229114462,131.2408929855468,131.46844668139497,2.8419337935230975,2.302981120197975,0.5389526733251224,,,,
2022-01-02 00:01:00.000000,2022-01-02 00:00:30,2022-01-02 00:01:30,60.0,R,R20,S1P,1,-1,131.5444239083364,131.2408929855468,131.39272127064422,2.661898546351197,2.302981120197975,0.358917426153222,,,,
2022-01-02 00:05:45.000000,2022-01-02 00:00:00,2022-01-02 00:11:30,690.0,G,G31,S1C,1,1,221.85014227769238,225.75431340447997,223.76729522921883,12.62282090098411,14.992400860909372,2.3695799599252627,5.909999999999998,5.3360001047533645,2.7085133869889537,1.9700844494201966
2022-01-02 00:06:30.000000,2022-01-02 00:00:00,2022-01-02 00:13:00,780.0,R,R05,S1C,1,1,135.30145913924474,141.5486434840479,138.42562335302694,9.141105356725253,9.55798403634075,0.41687867961549685,9.990000000000014,1.9016208385025684,0.5524154012488804,3.442374767617727
2022-01-02 00:06:30.000000,2022-01-02 00:00:00,2022-01-02 00:13:00,780.0,R,R05,S1P,1,1,135.30145913924474,141.5486434840479,138.42562335302694,9.141105356725253,9.55798403634075,0.41687867961549685,9.990000000000014,1.432015430931488,0.43068363240761226,3.3249822449165762
2022-01-02 00:09:15.000000,2022-01-02 00:00:00,2022-01-02 00:18:30,1110.0,C,C23,S1X,1,1,217.97796389940154,221.12076075313146,219.4532069059413,9.503971704933193,14.942741856653866,5.438770151720673,7.2,3.114644745497841,1.3813526173520057,2.2547789075525717
2022-01-02 00:09:15.000000,2022-01-02 00:00:00,2022-01-02 00:18:30,1110.0,C,C23,S2I,1,1,217.97796389940154,221.12076075313146,219.4532069059413,9.503971704933193,14.942741856653866,5.438770151720673,4.53,4.741049362059999,2.17312679221594,2.1816717639496526
2022-01-02 00:10:45.000000,2022-01-02 00:00:00,2022-01-02 00:21:30,1290.0,E,E33,S1X,1,-1,133.37021883510684,130.0844771455168,131.79315490374114,9.261017665819102,3.142771109496276,6.118246556322826,4.560000000000001,13.38142708529294,2.9730497477710887,4.500909241537269
2022-01-02 00:13:48.214285,2022-01-02 00:00:00,2022-01-02 00:28:00,1680.0,G,G06,S1C,1,-1,136.3308030829256,133.46036867934956,135.0790605197792,12.797355665591498,2.243700819273288,10.55365484631821,4.540000000000002,7.412329635106664,1.7416948744216374,4.25581411759512
2022-01-02 00:14:28.421052,2022-01-02 00:00:00,2022-01-02 00:29:30,1770.0,C,C19,S1X,1,-1,140.03274017015283,149.6379078930119,144.84926998899724,5.016095786647753,2.00321728425218,3.0128785023955733,4.5,14.350394403085934,4.989776850047173,2.8759591529529556
2022-01-02 00:14:28.421052,2022-01-02 00:00:00,2022-01-02 00:29:30,1770.0,C,C19,S2I,1,-1,140.03274017015283,149.6379078930119,144.84926998899724,5.016095786647753,2.00321728425218,3.0128785023955733,4.46,14.35188875745385,5.492694812056945,2.6129048215004045
2022-01-02 00:41:00.000000,2022-01-02 00:13:30,2022-01-02 01:08:30,3300.0,R,R05,S1C,2,-1,141.78823542292724,165.54534369929988,154.22739827393733,9.55699530303425,2.0504275783157833,7.506567724718467,4.5200000000000005,23.45262401446901,4.358618110226197,5.380747618022424
2022-01-02 00:41:00.000000,2022-01-02 00:13:30,2022-01-02 01:08:30,3300.0,R,R05,S1P,2,-1,141.78823542292724,165.54534369929988,154.22739827393733,9.55699530303425,2.0504275783157833,7.506567724718467,4.5200000000000005,21.178660882392148,3.670017405995061,5.770724914763701
2022-01-02 00:43:15.000000,2022-01-02 00:37:00,2022-01-02 00:49:30,750.0,E,E02,S1X,1,1,219.8461997674879,220.13315552726456,219.95403829053868,11.104490181754064,14.893696596238742,3.7892064144846778,4.889999999999998,2.8975626080261034,1.0662530707366016,2.7175186525131174
2022-01-02 01:13:30.000000,2022-01-02 00:56:00,2022-01-02 01:31:00,2100.0,G,G26,S1C,1,1,220.42177228423986,222.3794608099983,221.06176117213803,2.331113726718347,14.963462281352319,12.632348554633971,4.68,6.653333988142817,1.646543138058852,4.04078935702018
2022-01-02 01:50:15.000000,2022-01-02 01:47:30,2022-01-02 01:53:00,330.0,G,G31,S1C,2,-1,267.5168946049543,269.8421935221287,268.6829598227166,14.936524133895546,13.926480325576465,1.0100438083190806,9.699999999999998,3.5303637294579966,1.4564647753581348,2.423926612705003
2022-01-02 02:00:58.000000,2022-01-02 01:42:00,2022-01-02 02:19:30,2250.0,R,R14,S1C,1,1,200.0473390472766,210.82706509088646,204.96342457870426,2.1511239691407806,14.994854830324048,12.843730861183268,4.72,16.137635555940477,3.4658945212701253,4.6561242579380675
2022-01-02 02:00:58.000000,2022-01-02 01:42:00,2022-01-02 02:19:30,2250.0,R,R14,S1P,1,1,200.0473390472766,210.82706509088646,204.96342457870426,2.1511239691407806,14.994854830324048,12.843730861183268,4.75,13.203377713250035,2.602280209269599,5.073772480848987
2022-01-02 02:21:15.000000,2022-01-02 01:59:00,2022-01-02 02:43:30,2670.0,R,R24,S1C,1,1,267.5973874341377,248.95435217822325,258.33089277983163,2.178795342871958,14.88082913996018,12.702033797088223,4.72,11.634098147705267,3.0216277461894587,3.8502751248484857
2022-01-02 02:21:15.000000,2022-01-02 01:59:00,2022-01-02 02:43:30,2670.0,R,R24,S1P,1,1,267.5973874341377,248.95435217822325,258.33089277983163,2.178795342871958,14.88082913996018,12.702033797088223,4.7,8.788255348573287,2.2998184145714164,3.8212822772840638
2022-01-02 02:24:00.000000,2022-01-02 02:00:00,2022-01-02 02:48:00,2880.0,C,C22,S1X,2,-1,138.3865840883657,148.44304488253326,144.02199194829583,14.92127598529728,2.1820060813539626,12.739269903943317,4.62,8.948325685873085,1.3490622065704494,6.632997086636416
2022-01-02 02:24:15.000000,2022-01-02 02:00:00,2022-01-02 02:48:30,2910.0,C,C22,S2I,2,-1,138.3865840883657,148.50991833878297,144.06780152094709,14.92127598529728,2.0312467956488707,12.89002918964841,4.67,9.225765737022632,1.9288923829485265,4.782934402447078
2022-01-02 02:25:15.000000,2022-01-02 01:48:00,2022-01-02 03:02:30,4470.0,C,C37,S1X,1,1,210.95322522672993,234.87502087237698,222.09187730547185,2.2194661493290044,10.931816350425201,8.712350201096196,4.51,7.714178143137262,1.4264223189045917,5.408060460706543
2022-01-02 02:25:15.000000,2022-01-02 01:48:00,2022-01-02 03:02:30,4470.0,C,C37,S2I,1,1,210.95322522672993,234.87502087237698,222.09187730547185,2.2194661493290044,10.931816350425201,8.712350201096196,4.590000000000001,9.638236177703352,1.7752850583653412,5.429120316360974
2022-01-02 02:33:15.000000,2022-01-02 02:10:30,2022-01-02 02:56:00,2730.0,C,C28,S1X,1,1,258.5867584008395,245.88550534687187,252.1514839356819,2.767884141249121,14.945529801802156,12.177645660553035,4.6499999999999995,8.675925380095917,1.7301487055891458,5.014554732820849
2022-01-02 02:33:15.000000,2022-01-02 02:10:30,2022-01-02 02:56:00,2730.0,C,C28,S2I,1,1,258.5867584008395,245.88550534687187,252.1514839356819,2.767884141249121,14.945529801802156,12.177645660553035,4.65,10.425846641128892,1.8558668097388111,5.617777410759446
2022-01-02 02:40:25.890411,2022-01-02 02:21:30,2022-01-02 02:58:30,2220.0,G,G16,S1C,1,1,214.6358854248151,219.6737658447807,216.792801732858,2.4172233478508343,14.955579193912243,12.538355846061409,4.69,5.3660091261387235,1.206793074302994,4.446503083586192
2022-01-02 02:45:47.571428,2022-01-02 02:28:30,2022-01-02 03:03:30,2100.0,G,G20,S1C,2,-1,136.61097447424714,136.49535854771295,136.86500425196365,14.948860438653977,2.009497781389113,12.939362657264864,4.62,7.874465317037479,1.7509710189851388,4.497199115038187
2022-01-02 03:24:30.000000,2022-01-02 03:20:00,2022-01-02 03:29:00,540.0,E,E30,S1X,1,1,219.36725709999195,221.739282250265,220.53699534722784,13.426536942429184,14.99080694412309,1.564270001693906,6.109999999999995,3.1180994485946796,1.3186269075584245,2.3646563184185028
2022-01-02 03:42:30.000000,2022-01-02 03:03:00,2022-01-02 04:22:00,4740.0,C,C37,S1X,2,-1,235.0616004429039,263.67071381010135,249.66377817967407,10.931193874711129,2.064124453842414,8.867069420868715,4.630000000000001,8.997048834561838,1.7224742091759047,5.223328620325966
2022-01-02 03:42:30.000000,2022-01-02 03:03:00,2022-01-02 04:22:00,4740.0,C,C37,S2I,2,-1,235.0616004429039,263.67071381010135,249.66377817967407,10.931193874711129,2.064124453842414,8.867069420868715,4.569999999999999,10.387508721650534,1.8967371144437093,5.476514717062974
2022-01-02 03:44:45.000000,2022-01-02 03:27:30,2022-01-02 04:02:00,2070.0,G,G27,S1C,1,1,229.03604068947385,225.1390575671051,226.85773933090422,2.358081262161495,14.821123130915117,12.463041868753622,4.88,5.821518674418989,1.2644572203096827,4.60396649322246
2022-01-02 03:49:45.000000,2022-01-02 03:20:30,2022-01-02 04:19:00,3510.0,R,R15,S1C,1,1,195.89013928592973,221.05439733987444,207.81261266670924,2.202379878755981,10.431189223403527,8.228809344647546,4.64,14.739922503494352,3.364525773733398,4.380980707167658
2022-01-02 03:49:45.000000,2022-01-02 03:20:30,2022-01-02 04:19:00,3510.0,R,R15,S1P,1,1,195.89013928592973,221.05439733987444,207.81261266670924,2.202379878755981,10.431189223403527,8.228809344647546,4.6899999999999995,12.247166087637138,2.456826713141318,4.984953160159113
2022-01-02 04:00:15.000000,2022-01-02 03:43:00,2022-01-02 04:17:30,2070.0,G,G05,S1C,2,-1,135.08137858278826,132.14453082467645,133.86238256310958,14.855937532366914,2.095190663084817,12.760746869282098,4.7,7.89984489415418,1.5261500607464984,5.176322497599
2022-01-02 04:13:45.000000,2022-01-02 04:10:00,2022-01-02 04:17:30,450.0,R,R14,S1C,2,-1,266.51099443874864,269.85735993257424,268.19588700714917,14.960130564387454,12.86275461559706,2.0973759487903934,6.5799999999999965,6.194015464730176,3.373551314954375,1.8360519483646704
2022-01-02 04:13:45.000000,2022-01-02 04:10:00,2022-01-02 04:17:30,450.0,R,R14,S1P,2,-1,266.51099443874864,269.85735993257424,268.19588700714917,14.960130564387454,12.86275461559706,2.0973759487903934,6.439999999999997,3.6648355220675044,2.047286532878017,1.7900940895242363
2022-01-02 04:22:15.000000,2022-01-02 04:07:30,2022-01-02 04:37:00,1770.0,R,R07,S1C,2,-1,151.10725168141755,153.49182299204188,152.61578929771977,14.980652104012238,2.066273417574012,12.914378686438226,4.72,17.381953625558968,4.269849559152624,4.070858559477799
2022-01-02 04:22:15.000000,2022-01-02 04:07:30,2022-01-02 04:37:00,1770.0,R,R07,S1P,2,-1,151.10725168141755,153.49182299204188,152.61578929771977,14.980652104012238,2.066273417574012,12.914378686438226,4.739999999999999,14.064610084567434,3.212762843281865,4.377730561089381
2022-01-02 04:33:45.000000,2022-01-02 04:16:00,2022-01-02 04:51:30,2130.0,R,R17,S1C,1,1,234.84528796234974,223.70570785819427,229.14462440925436,2.118220158047592,14.950409273004919,12.832189114957327,4.819999999999999,14.376572605350004,3.2674867161087198,4.399887085836786
2022-01-02 04:33:45.000000,2022-01-02 04:16:00,2022-01-02 04:51:30,2130.0,R,R17,S1P,1,1,234.84528796234974,223.70570785819427,229.14462440925436,2.118220158047592,14.950409273004919,12.832189114957327,4.83,11.23711387314447,2.443561491869871,4.598662202908414
2022-01-02 04:39:30.000000,2022-01-02 04:20:30,2022-01-02 04:58:30,2280.0,C,C21,S1X,2,-1,139.06465056311055,139.04906154998451,139.4016182155422,14.985101003517963,2.037611006204898,12.947489997313065,4.73,7.804925348438904,1.4427289404086094,5.409834882932614
2022-01-02 04:39:30.000000,2022-01-02 04:20:30,2022-01-02 04:58:30,2280.0,C,C21,S2I,2,-1,139.06465056311055,139.04906154998451,139.4016182155422,14.985101003517963,2.037611006204898,12.947489997313065,4.720000000000001,10.268734423077102,1.9164903296633922,5.358093523425541
2022-01-02 04:49:45.000000,2022-01-02 04:19:30,2022-01-02 05:20:00,3630.0,R,R15,S1C,2,-1,221.29533419944698,249.1724953795077,235.58454520599997,10.430222820860042,2.0718434108879045,8.358379409972137,4.68,19.284948796842823,3.8413998020494513,5.020292026503979
2022-01-02 04:49:45.000000,2022-01-02 04:19:30,2022-01-02 05:20:00,3630.0,R,R15,S1P,2,-1,221.29533419944698,249.1724953795077,235.58454520599997,10.430222820860042,2.0718434108879045,8.358379409972137,4.68,14.998080119318633,2.7400701293955962,5.473611773077832
2022-01-02 04:49:48.461538,2022-01-02 04:24:00,2022-01-02 05:16:30,3150.0,G,G13,S1C,2,-1,134.4348086040659,149.32196960074117,142.50372618774085,14.938401935196746,2.0520750187686385,12.886326916428107,4.7700000000000005,7.686080132466409,1.5086896035081723,5.094540397570106
2022-01-02 05:02:08.181818,2022-01-02 04:44:30,2022-01-02 05:18:30,2040.0,G,G08,S1C,1,1,220.53967370507456,221.14602933293713,220.53642579098783,2.1986296506498997,14.863767447522099,12.665137796872198,4.91,5.592809010173116,1.5077092975613162,3.7094743789265947
2022-01-02 05:04:45.000000,2022-01-02 04:45:00,2022-01-02 05:24:30,2370.0,C,C27,S2I,1,1,231.86128112981436,226.67706892855153,229.0087952615593,2.0290165405576337,14.94186727670766,12.912850736150027,4.819999999999999,10.855624116862032,2.4483307586072844,4.433887896354811
2022-01-02 05:05:39.078947,2022-01-02 04:45:30,2022-01-02 05:24:30,2340.0,C,C27,S1X,1,1,231.776972570727,226.67706892855153,228.88159491746057,2.184429757470186,14.94186727670766,12.757437519237474,4.810000000000001,6.6053536089749985,1.6591681570772887,3.981123661757512
2022-01-02 05:34:00.000000,2022-01-02 05:16:30,2022-01-02 05:51:30,2100.0,E,E30,S1X,2,-1,258.6686030169473,269.86517205021437,264.38118864762885,14.957046723714388,8.387371096243063,6.569675627471325,4.8999999999999995,3.6769971576096054,1.3966025402068212,2.632815745176207
2022-01-02 05:37:15.000000,2022-01-02 05:30:00,2022-01-02 05:44:30,870.0,E,E27,S1X,1,1,213.47987512767838,217.88816798496575,215.6739121020677,2.0179896480943817,2.3074904970603423,0.2895008489659605,10.000000000000005,1.2808382699951506,0.4076519371693379,3.1419899017015895
2022-01-02 05:51:15.000000,2022-01-02 05:29:00,2022-01-02 06:13:30,2670.0,E,E04,S1X,2,-1,139.83259651452298,142.14901179114128,141.43866457633675,14.94727939169568,2.0811610365081634,12.866118355187517,4.83,9.12883974778512,1.6037579997024587,5.692155393443881
2022-01-02 05:51:30.000000,2022-01-02 05:45:00,2022-01-02 05:58:00,780.0,E,E27,S1X,2,-1,218.04217436722172,222.07264118184378,220.05411791890046,2.3070613353833545,2.0550495547599685,0.2520117806233859,10.0,0.06691349965451261,0.01281824687501669,5.220175606457532
2022-01-02 06:00:00.000000,2022-01-02 05:45:30,2022-01-02 06:14:30,1740.0,R,R08,S1C,2,-1,147.01752408103593,143.84278741973668,145.64597476959375,14.896084586076597,2.1655563245963076,12.73052826148029,4.8100000000000005,16.827669640276458,4.119561901795717,4.08482019239504
2022-01-02 06:00:00.000000,2022-01-02 05:45:30,2022-01-02 06:14:30,1740.0,R,R08,S1P,2,-1,147.01752408103593,143.84278741973668,145.64597476959375,14.896084586076597,2.1655563245963076,12.73052826148029,4.8100000000000005,15.678653680312772,3.1892704629651862,4.91606273672247
2022-01-02 06:01:34.109589,2022-01-02 05:43:30,2022-01-02 06:20:30,2220.0,G,G15,S1C,2,-1,137.271771714673,140.1595648896811,139.06054717639756,14.89404447757567,2.002916293024082,12.891128184551588,4.930000000000001,7.212962671167592,1.418114615931557,5.086304442627445
2022-01-02 06:21:00.000000,2022-01-02 06:06:00,2022-01-02 06:36:00,1800.0,R,R18,S1C,1,1,217.50549563112776,212.93438978340544,215.01217680802253,2.0102404148933264,14.989506224959413,12.979265810066087,4.8100000000000005,15.671287988433116,3.7092436014268007,4.224928225907025
2022-01-02 06:21:00.000000,2022-01-02 06:06:00,2022-01-02 06:36:00,1800.0,R,R18,S1P,1,1,217.50549563112776,212.93438978340544,215.01217680802253,2.0102404148933264,14.989506224959413,12.979265810066087,4.73,13.414378998400716,3.0959392834695354,4.332894727627728
2022-01-02 06:22:15.000000,2022-01-02 06:13:00,2022-01-02 06:31:30,1110.0,E,E15,S1X,1,1,232.32625369976006,229.14550102804645,230.69099603994877,9.723482289993855,14.942354343590663,5.218872053596808,4.160000000000001,1.7837691221266367,0.972916717349993,1.8334242698442103
2022-01-02 06:24:58.309859,2022-01-02 06:07:00,2022-01-02 06:42:30,2130.0,G,G21,S1C,1,1,238.56757558692436,231.7810118730616,234.95952067087933,2.3176919737734942,14.902486341267773,12.584794367494279,4.8,5.527169682796651,1.4193910080652803,3.8940430447918173
2022-01-02 07:20:15.000000,2022-01-02 07:01:00,2022-01-02 07:39:30,2310.0,C,C30,S2I,1,1,216.6255715702757,219.80267775604847,217.82166570374756,2.2963395487093576,14.845724971620028,12.549385422910671,4.82,8.395598165472158,1.871939032724788,4.4849741464344355
2022-01-02 07:20:28.051948,2022-01-02 07:01:00,2022-01-02 07:39:30,2310.0,C,C30,S1X,1,1,216.6255715702757,219.80267775604847,217.83632693087716,2.2963395487093576,14.845724971620028,12.549385422910671,4.83,5.6184876705350995,1.1354558243559294,4.948222158904424
2022-01-02 07:22:39.857142,2022-01-02 07:04:00,2022-01-02 07:40:00,2160.0,G,G01,S1C,1,1,231.95817176942242,226.44906246480875,228.8781717927136,2.237381602978715,14.915182493414433,12.677800890435718,4.84,5.177121660584927,1.567208220078721,3.303403845294328
2022-01-02 07:26:35.400000,2022-01-02 07:12:30,2022-01-02 07:39:00,1590.0,G,G22,S1C,1,1,269.72984450113285,261.55622534552424,265.3997491781596,7.06689575652218,14.879621601516943,7.812725844994763,4.99,2.379843877755904,0.9990725767647902,2.3820530491011427
2022-01-02 07:36:20.186916,2022-01-02 07:09:30,2022-01-02 08:05:30,3360.0,G,G24,S1C,3,-1,130.04707865054098,147.27042451415596,138.99128246551354,12.924042163258122,2.0286474068583553,10.895394756399767,4.7299999999999995,4.843880641387889,1.1843714630702042,4.089832280179453
2022-01-02 07:38:00.000000,2022-01-02 07:25:30,2022-01-02 07:50:30,1500.0,R,R01,S1C,2,-1,136.9894103016944,130.11670741548917,133.63244356171134,14.80305455851594,5.27365914610995,9.52939541240599,4.940000000000002,7.343317893251085,2.222334111333248,3.3043266787844057
2022-01-02 07:38:00.000000,2022-01-02 07:25:30,2022-01-02 07:50:30,1500.0,R,R01,S1P,2,-1,136.9894103016944,130.11670741548917,133.63244356171134,14.80305455851594,5.27365914610995,9.52939541240599,4.9300000000000015,6.877380787506215,1.8626782460045046,3.692200089982467
2022-01-02 07:59:30.000000,2022-01-02 07:49:00,2022-01-02 08:10:00,1260.0,R,R11,S1C,2,1,130.21293805756116,140.30351686151045,135.25028009454024,8.91368266857778,10.00338166134792,1.0896989927701402,6.9600000000000035,5.91925392336954,2.8249256875482867,2.0953662425388533
2022-01-02 07:59:30.000000,2022-01-02 07:49:00,2022-01-02 08:10:00,1260.0,R,R11,S1P,2,1,130.21293805756116,140.30351686151045,135.25028009454024,8.91368266857778,10.00338166134792,1.0896989927701402,7.460000000000004,3.140650711812636,1.611034850982357,1.9494616829037363
2022-01-02 08:02:30.000000,2022-01-02 07:58:30,2022-01-02 08:06:30,480.0,R,R19,S1C,1,1,207.674369042523,208.09413983955085,207.86113596840076,11.304892186388182,14.960106269670966,3.655214083282784,8.24,3.5539328233263254,1.568836606994524,2.265330122640828
2022-01-02 08:05:00.000000,2022-01-02 08:03:30,2022-01-02 08:06:30,180.0,R,R19,S1P,1,1,207.90189763808505,208.09413983955085,207.99503202834163,13.587151559934185,14.960106269670966,1.3729547097367814,4.839999999999997,1.2756730637006763,0.642925951423376,1.9841679448099103
2022-01-02 08:13:00.000000,2022-01-02 08:10:30,2022-01-02 08:15:30,300.0,E,E09,S1X,2,-1,130.67550470200896,130.03806239979735,130.36032026707443,14.864052307601277,13.410820236412947,1.4532320711883298,5.540000000000003,4.51870744164877,2.4963847836636903,1.8101005386746198
2022-01-02 08:19:45.000000,2022-01-02 07:57:30,2022-01-02 08:42:00,2670.0,G,G03,S1C,1,1,266.28492353117394,252.3776132944211,259.3196728987952,2.0656065753810564,14.960616240183525,12.895009664802469,4.73,6.51926072880624,1.582840076199715,4.1187109341194565
2022-01-02 08:38:45.000000,2022-01-02 08:10:30,2022-01-02 09:07:00,3390.0,R,R11,S1C,3,-1,140.54364364110808,164.87279135891706,153.3142973582793,10.002534503171768,2.1171069988769586,7.885427504294809,4.609999999999999,21.770469024172797,4.015460345975564,5.421662063228175
2022-01-02 08:38:45.000000,2022-01-02 08:10:30,2022-01-02 09:07:00,3390.0,R,R11,S1P,3,-1,140.54364364110808,164.87279135891706,153.3142973582793,10.002534503171768,2.1171069988769586,7.885427504294809,4.619999999999999,18.011235022577015,2.9363293293069908,6.133928794297704
2022-01-02 09:04:30.000000,2022-01-02 09:02:30,2022-01-02 09:06:30,240.0,E,E13,S1X,1,1,217.70625627259753,217.959902800186,217.82943680582372,13.694448414737998,14.904791571284196,1.2103431565461982,5.770000000000001,1.4994359439563212,0.809919161534214,1.8513402511875001
2022-01-02 09:23:55.609756,2022-01-02 08:52:30,2022-01-02 09:54:30,3720.0,G,G17,S1C,1,1,209.43925993966275,233.22641379899423,220.89639211900484,2.168181818598037,9.557122322155063,7.388940503557026,4.21,8.005185828567067,1.8566392890837324,4.311653790606626
2022-01-02 09:24:00.000000,2022-01-02 08:51:30,2022-01-02 09:56:30,3900.0,C,C24,S1X,3,-1,130.02387902587864,148.82162218446385,140.2672645540542,13.48284730281741,2.096999239761028,11.385848063056383,4.6400000000000015,8.296654629660464,1.5685214972394168,5.289474606667807
2022-01-02 09:24:00.000000,2022-01-02 08:51:30,2022-01-02 09:56:30,3900.0,C,C24,S2I,3,-1,130.02387902587864,148.82162218446385,140.2672645540542,13.48284730281741,2.096999239761028,11.385848063056383,4.65,8.276769413840602,1.6797512305395563,4.927378092279774
2022-01-02 09:49:00.000000,2022-01-02 09:24:30,2022-01-02 10:13:30,2940.0,C,C20,S1X,1,1,267.3166769425551,252.6598212007163,259.963866015701,2.3442820777058992,14.96226379504526,12.617981717339362,4.630000000000001,8.061580673964766,1.7105233912516782,4.71293214415834
2022-01-02 09:49:00.000000,2022-01-02 09:24:30,2022-01-02 10:13:30,2940.0,C,C20,S2I,1,1,267.3166769425551,252.6598212007163,259.963866015701,2.3442820777058992,14.96226379504526,12.617981717339362,4.56,9.539404462993657,2.1449442741089486,4.447390348617104
2022-01-02 09:52:04.615384,2022-01-02 09:36:30,2022-01-02 10:05:00,1710.0,R,R20,S1C,2,1,199.8007364208012,206.93772360020833,203.35324192794542,4.070400523509084,14.925887044939707,10.855486521430622,4.600000000000001,3.2087296432679735,1.2060877324635686,2.660444640054323
2022-01-02 09:52:22.941176,2022-01-02 09:38:30,2022-01-02 10:05:00,1590.0,R,R20,S1P,2,1,200.17443375344965,206.93772360020833,203.42289430760582,4.8772807048384745,14.925887044939707,10.048606340101232,4.590000000000001,3.176150726849284,0.7788971820587683,4.077753521272389
2022-01-02 09:58:45.000000,2022-01-02 09:15:30,2022-01-02 10:42:00,5190.0,C,C29,S2I,1,1,209.8702956825289,237.16279760560826,222.1938348976659,2.1702130887954834,14.284842874983008,12.114629786187525,4.48,8.75454768378639,1.6237155099151936,5.391675838733374
2022-01-02 09:59:00.000000,2022-01-02 09:16:00,2022-01-02 10:42:00,5160.0,C,C29,S1X,1,1,209.97616518048244,237.16279760560826,222.26521444637498,2.296324591367447,14.284842874983008,11.988518283615562,4.4300000000000015,6.689499689356014,1.2576720949740536,5.31895373689914
2022-01-02 10:06:00.000000,2022-01-02 10:03:30,2022-01-02 10:08:30,300.0,G,G25,S1C,3,1,130.0069158819064,131.93099101400458,130.9696723115689,5.001878141106134,5.042471587520265,0.040593446414130874,9.989999999999865,0.005257937943528879,0.0017563499055534527,2.9936733716349204
2022-01-02 10:12:04.925373,2022-01-02 09:53:30,2022-01-02 10:29:30,2160.0,G,G19,S1C,1,1,211.65376500186449,224.98033091582414,218.4168034714338,2.063748176870847,4.330313528830155,2.266565351959308,4.47,8.43809165915312,3.508767540240808,2.4048591314128522
2022-01-02 10:16:00.000000,2022-01-02 09:53:30,2022-01-02 10:38:30,2700.0,R,R05,S1C,3,1,268.0168603342746,249.12248231368974,258.6280809642472,2.1312921372341704,14.962174009323542,12.830881872089371,4.410000000000001,11.71438486703722,2.683129395799425,4.365941085575926
2022-01-02 10:16:00.000000,2022-01-02 09:53:30,2022-01-02 10:38:30,2700.0,R,R05,S1P,3,1,268.0168603342746,249.12248231368974,258.6280809642472,2.1312921372341704,14.962174009323542,12.830881872089371,4.460000000000001,10.39342309724753,2.3880972799109252,4.352177436270602
2022-01-02 10:26:36.377952,2022-01-02 09:55:00,2022-01-02 10:59:30,3870.0,G,G17,S1C,2,-1,233.44031551034772,260.14048148013757,246.78968410328494,9.556801762958758,2.4169258883430267,7.139875874615731,4.43,7.494809111008956,2.045612846584674,3.6638453476287958
2022-01-02 10:28:08.289473,2022-01-02 10:09:00,2022-01-02 10:48:30,2370.0,G,G25,S1C,4,-1,132.1228234573854,146.52997758916527,139.2536125573702,5.04187830210396,2.3037717734131964,2.7381065286907638,4.669999999999999,9.796824181550058,4.214664036676826,2.3244614745792758
2022-01-02 10:32:00.000000,2022-01-02 10:13:30,2022-01-02 10:50:30,2220.0,R,R12,S1C,4,-1,149.72320997083327,160.38368443958382,155.57264149159622,14.863987971866731,2.133347055535945,12.730640916330787,4.54,20.412052015216748,3.6546862816835466,5.585172143917603
2022-01-02 10:32:00.000000,2022-01-02 10:13:30,2022-01-02 10:50:30,2220.0,R,R12,S1P,4,-1,149.72320997083327,160.38368443958382,155.57264149159622,14.863987971866731,2.133347055535945,12.730640916330787,4.550000000000001,15.244710756143997,2.7567676228257154,5.529922301001928
2022-01-02 10:47:43.521126,2022-01-02 10:30:00,2022-01-02 11:07:00,2220.0,G,G19,S1C,2,-1,225.1736274072526,239.5174412815117,232.06022329484492,4.329949001855377,2.015892658162244,2.3140563436931334,4.8100000000000005,11.212329886082264,5.17920613771274,2.164874227430132
2022-01-02 11:19:45.182926,2022-01-02 10:39:00,2022-01-02 12:01:00,4920.0,E,E24,S1X,3,-1,130.1195379983271,151.1417526295397,141.78258782607242,14.931963459078801,2.092306873193813,12.839656585884988,4.4,6.572553840496491,1.6610885875661023,3.956775026747295
2022-01-02 11:20:40.609756,2022-01-02 10:59:30,2022-01-02 11:41:00,2490.0,G,G06,S1C,2,1,210.70092282636907,220.77209024762305,215.30110550748773,2.568814687292573,14.923320688389337,12.354506001096764,4.129999999999999,6.542471985649292,1.464991052865213,4.465878459021028
2022-01-02 11:26:45.000000,2022-01-02 10:42:30,2022-01-02 12:11:00,5310.0,C,C29,S1X,2,-1,237.35660351397468,269.96758068140247,254.16307552481965,14.284474429949457,2.911797457334749,11.372676972614707,4.45,4.0373433163841455,1.1842043111454676,3.409330027247467
2022-01-02 11:26:45.000000,2022-01-02 10:42:30,2022-01-02 12:11:00,5310.0,C,C29,S2I,2,-1,237.35660351397468,269.96758068140247,254.16307552481965,14.284474429949457,2.911797457334749,11.372676972614707,3.94,5.987559190310782,2.034524021427072,2.942977879470276
2022-01-02 11:39:15.000000,2022-01-02 11:11:00,2022-01-02 12:07:30,3390.0,E,E26,S1X,1,1,210.34743236222783,225.1425634082083,217.13188600156371,5.644779564092768,14.982772679262025,9.337993115169258,4.249999999999999,4.579702057602917,1.364438778430612,3.3564731008821997
2022-01-02 11:44:00.000000,2022-01-02 11:29:00,2022-01-02 11:59:00,1800.0,E,E07,S1X,1,1,263.8484040643982,255.36245256349258,259.5909013919204,8.319000697134637,14.980910499006793,6.661909801872156,4.110000000000001,4.968996358413788,1.5342961122923202,3.238616274005832
2022-01-02 11:51:00.000000,2022-01-02 11:20:30,2022-01-02 12:21:30,3660.0,R,R21,S1C,2,1,193.41670311085588,219.76849288664235,205.82238452138958,2.087306187611008,11.330204373503586,9.242898185892578,4.04,16.750098404350968,3.2999048031667564,5.075933823386881
2022-01-02 11:51:00.000000,2022-01-02 11:20:30,2022-01-02 12:21:30,3660.0,R,R21,S1P,2,1,193.41670311085588,219.76849288664235,205.82238452138958,2.087306187611008,11.330204373503586,9.242898185892578,4.04,13.631786750060158,2.1714388526740236,6.277766805762576
2022-01-02 12:00:00.000000,2022-01-02 11:40:30,2022-01-02 12:19:30,2340.0,C,C25,S1X,4,-1,138.86468933487225,141.0747819791928,140.356037321111,14.884495702186632,2.0597930603314563,12.824702641855176,4.23,7.675731009801,1.6242595873159675,4.725679977351945
2022-01-02 12:00:00.000000,2022-01-02 11:40:30,2022-01-02 12:19:30,2340.0,C,C25,S2I,4,-1,138.86468933487225,141.0747819791928,140.356037321111,14.884495702186632,2.0597930603314563,12.824702641855176,4.22,8.768237907747599,1.8171041524010496,4.825390936541307
2022-01-02 12:02:45.000000,2022-01-02 11:56:30,2022-01-02 12:09:00,750.0,R,R13,S1P,4,-1,150.98916280814373,152.62557377708833,151.8685795911909,14.946904055799838,9.556014676195375,5.390889379604463,4.289999999999999,2.129670839710644,0.7206312090172928,2.955285329114214
2022-01-02 12:04:18.000000,2022-01-02 11:56:30,2022-01-02 12:21:30,1500.0,R,R13,S1C,4,-1,150.98916280814373,153.54866343659046,152.028526331248,14.946904055799838,4.125035916588358,10.82186813921148,4.3,2.931067622076616,0.9642947456677576,3.039597213657845
2022-01-02 12:22:14.250000,2022-01-02 12:01:30,2022-01-02 12:42:00,2430.0,C,C19,S1X,2,1,237.30491257837332,230.08136559153664,233.37964041937119,2.1326084642943735,14.850627070670551,12.718018606376178,4.02,7.672586198728395,1.3542127258981222,5.665717100420754
2022-01-02 12:22:14.250000,2022-01-02 12:01:30,2022-01-02 12:42:00,2430.0,C,C19,S2I,2,1,237.30491257837332,230.08136559153664,233.37964041937119,2.1326084642943735,14.850627070670551,12.718018606376178,4.02,7.335080810428657,1.6982555687974072,4.319185489627381
2022-01-02 12:29:00.000000,2022-01-02 12:12:00,2022-01-02 12:46:00,2040.0,G,G31,S1C,4,-1,133.64914095775993,130.04603955064195,132.0753780002031,14.845514826297771,2.221599562095426,12.623915264202346,4.05,10.165914894887692,1.8830568471866345,5.398623472295057
2022-01-02 12:53:30.000000,2022-01-02 12:22:00,2022-01-02 13:25:00,3780.0,R,R21,S1C,3,-1,220.01342546804332,249.26629914169777,235.06926753603446,11.329629985245688,2.047937026961315,9.281692958284374,3.8800000000000017,13.492001991687282,2.8097010620010385,4.80193504360867
2022-01-02 12:53:30.000000,2022-01-02 12:22:00,2022-01-02 13:25:00,3780.0,R,R21,S1P,3,-1,220.01342546804332,249.26629914169777,235.06926753603446,11.329629985245688,2.047937026961315,9.281692958284374,3.8800000000000017,12.115788577358524,2.2638870115090235,5.351763809662297
2022-01-02 13:09:50.666666,2022-01-02 12:33:30,2022-01-02 13:43:30,4200.0,G,G11,S1C,2,1,210.58024948020687,235.9420490301389,222.9277131780442,2.1035839736300916,10.899340806123615,8.795756832493524,3.7199999999999998,6.8331271640456475,1.464310393172938,4.666447220414314
2022-01-02 13:09:50.666666,2022-01-02 12:33:30,2022-01-02 13:43:30,4200.0,G,G11,S1X,2,1,210.58024948020687,235.9420490301389,222.9277131780442,2.1035839736300916,10.899340806123615,8.795756832493524,3.7699999999999996,9.439644504482263,1.6309374385638298,5.787864256028497
2022-01-02 13:17:30.000000,2022-01-02 13:17:00,2022-01-02 13:18:00,60.0,R,R22,S1C,3,1,202.0553679583119,202.51211524965444,202.2837260515841,3.4218812427240306,3.425372373154148,0.003491130430117284,,,,
2022-01-02 13:17:45.542168,2022-01-02 12:55:00,2022-01-02 13:38:30,2610.0,G,G02,S1C,2,1,212.68870063438183,229.93122021869672,221.4973387773196,2.050525878469091,5.631781569646032,3.5812556911769406,3.95,10.990590425288817,3.365585746450547,3.2655802743637836
2022-01-02 13:26:45.000000,2022-01-02 13:18:30,2022-01-02 13:35:00,990.0,R,R22,S1C,4,-1,202.74062161491153,210.28326617323683,206.5152017584424,3.4253027793431436,2.7529177917816603,0.6723849875614833,9.990000000000006,0.6259687626571515,0.13812249497155424,4.531982735948024
2022-01-02 13:32:00.000000,2022-01-02 13:29:00,2022-01-02 13:35:00,360.0,R,R22,S1P,3,-1,207.54645255744757,210.28326617323683,208.91604080582158,3.14623280008135,2.7529177917816603,0.3933150082996897,10.000000000000002,0.8189195370561888,0.24479434574768935,3.3453368155008487
2022-01-02 13:41:30.000000,2022-01-02 13:03:30,2022-01-02 14:19:30,4560.0,E,E26,S1X,2,-1,244.63922412697565,268.9961115181709,257.27983891530727,14.988025421075827,2.064215962367061,12.923809458708766,3.929999999999999,7.046313594012612,1.652868591460816,4.263081548294794
2022-01-02 13:41:45.000000,2022-01-02 13:36:30,2022-01-02 13:47:00,630.0,E,E33,S1X,2,1,211.89373730042047,215.1307778667784,213.50753209358552,2.008201821489438,2.1707931876814683,0.1625913661920304,9.99999999999999,0.20312138071824964,0.06719937547574711,3.0226676852310637
2022-01-02 13:52:45.000000,2022-01-02 13:47:30,2022-01-02 13:58:00,630.0,E,E33,S1X,3,-1,215.28626957295822,218.56914227878474,216.92547521569878,2.1706696237668535,2.004234355889562,0.16643526787729135,9.999999999999996,0.037349866182982555,0.01196814621463682,3.12077288438408
2022-01-02 13:57:00.000000,2022-01-02 13:39:30,2022-01-02 14:14:30,2100.0,G,G26,S1C,4,-1,138.01105377508483,142.03151641902372,140.37987501347467,14.960854455940112,2.6991545060544353,12.261699949885676,3.96,6.609806859999206,1.1565320423438998,5.715195617583893
2022-01-02 13:58:52.602739,2022-01-02 13:38:00,2022-01-02 14:17:00,2340.0,G,G20,S1C,3,1,215.56998050112378,222.26227019412724,218.67380881933408,2.1062082780348126,14.900404900905876,12.794196622871063,3.9099999999999997,5.275890092678036,1.1355243932367107,4.646214668836469
2022-01-02 14:00:35.172413,2022-01-02 13:39:00,2022-01-02 14:24:30,2730.0,G,G02,S1C,3,-1,230.1406023775264,248.98224173654415,239.1604955764014,5.631757662111226,2.062662875601993,3.5690947865092326,4.01,10.701218000798393,3.4940008648837955,3.0627405128459513
2022-01-02 14:00:46.034482,2022-01-02 13:46:30,2022-01-02 14:16:00,1770.0,R,R14,S1C,4,-1,146.23349397724857,142.82988337629058,144.8112893870837,14.849993901136122,2.026376903258983,12.823616997877139,3.91,20.103039638711817,3.921438065949527,5.126445783568462
2022-01-02 14:00:46.034482,2022-01-02 13:46:30,2022-01-02 14:16:00,1770.0,R,R14,S1P,4,-1,146.23349397724857,142.82988337629058,144.8112893870837,14.849993901136122,2.026376903258983,12.823616997877139,3.9299999999999997,16.507480012298217,3.479527276936612,4.744173187465701
2022-01-02 14:02:15.000000,2022-01-02 13:52:00,2022-01-02 14:12:30,1230.0,C,C23,S1X,4,-1,132.22397917610803,130.0471333047114,131.21074253940182,14.87064233022104,8.04673272443449,6.82390960578655,4.23,3.8306283481078043,1.11381674754273,3.4391908332845817
2022-01-02 14:02:15.000000,2022-01-02 13:52:00,2022-01-02 14:12:30,1230.0,C,C23,S2I,4,-1,132.22397917610803,130.0471333047114,131.21074253940182,14.87064233022104,8.04673272443449,6.82390960578655,4.13,4.32732609980062,1.3903149624758029,3.1124789825283443
2022-01-02 14:14:30.000000,2022-01-02 13:53:00,2022-01-02 14:36:00,2580.0,E,E25,S1X,4,-1,140.60059787484326,141.16603312795812,141.29035544002454,14.906747438669901,2.008587070090716,12.898160368579186,3.9499999999999993,9.187383170276295,1.6339077511612388,5.622950967548019
2022-01-02 14:20:32.448979,2022-01-02 13:44:00,2022-01-02 14:58:00,4440.0,G,G11,S1C,3,-1,236.14988055668292,265.8708186119367,251.14955861024526,10.898563077349472,2.100385517934287,8.798177559415185,3.8600000000000003,8.253343213709474,2.0698644773861146,3.987383378902196
2022-01-02 14:20:32.448979,2022-01-02 13:44:00,2022-01-02 14:58:00,4440.0,G,G11,S1X,3,-1,236.14988055668292,265.8708186119367,251.14955861024526,10.898563077349472,2.100385517934287,8.798177559415185,3.8800000000000003,10.115302061761264,2.155260052210274,4.693309306868915
2022-01-02 14:33:30.000000,2022-01-02 14:19:00,2022-01-02 14:48:00,1740.0,R,R07,S1C,3,1,216.48982114601435,213.1687316543012,214.61631410514815,2.187167868190614,14.89994515878176,12.712777290591145,3.810000000000001,16.869491919173843,3.3725985016368463,5.001927122658229
2022-01-02 14:33:30.000000,2022-01-02 14:19:00,2022-01-02 14:48:00,1740.0,R,R07,S1P,3,1,216.48982114601435,213.1687316543012,214.61631410514815,2.187167868190614,14.89994515878176,12.712777290591145,3.8300000000000005,13.466943362785951,2.726171107676367,4.939874582657582
2022-01-02 14:42:00.000000,2022-01-02 14:23:00,2022-01-02 15:01:00,2280.0,C,C22,S1X,3,1,219.91246142066674,220.52407534469887,219.86439256523073,2.0576321963457285,14.93098817962257,12.873355983276841,3.87,8.91434986516028,1.7290069902613674,5.155762767513584
2022-01-02 14:42:00.000000,2022-01-02 14:23:00,2022-01-02 15:01:00,2280.0,C,C22,S2I,3,1,219.91246142066674,220.52407534469887,219.86439256523073,2.0576321963457285,14.93098817962257,12.873355983276841,3.81,9.958325117773887,2.0501742492938457,4.857306700249452
2022-01-02 15:10:43.666666,2022-01-02 14:47:30,2022-01-02 15:33:00,2730.0,G,G05,S1C,3,1,212.21451670229,223.17620988671837,217.19651277948992,2.1037126712615852,14.898549724594425,12.79483705333284,3.94,7.474425743294714,1.7686707303481437,4.226013138026802
2022-01-02 15:28:01.791044,2022-01-02 15:11:30,2022-01-02 15:45:30,2040.0,G,G16,S1C,4,-1,139.03149693228085,139.17710028971723,139.40960469501343,14.865570098563936,2.118886038274459,12.746684060289477,3.8800000000000003,5.64901147583515,1.3460195161522635,4.196827317915446
2022-01-02 15:46:00.000000,2022-01-02 15:35:00,2022-01-02 15:57:00,1320.0,R,R15,S1C,4,-1,136.2533309441311,130.03579558741248,133.20263364923179,14.801454449542573,6.459200192426847,8.342254257115727,3.9499999999999997,9.198067742163431,3.0219929000897094,3.0437092495784426
2022-01-02 15:46:00.000000,2022-01-02 15:35:00,2022-01-02 15:57:00,1320.0,R,R15,S1P,4,-1,136.2533309441311,130.03579558741248,133.20263364923179,14.801454449542573,6.459200192426847,8.342254257115727,3.9199999999999995,9.580214956102482,2.6070196341789007,3.674776680045925
2022-01-02 16:00:30.000000,2022-01-02 15:49:00,2022-01-02 16:12:00,1380.0,R,R17,S1C,3,1,130.130948305107,141.29226676401836,135.69804613672514,9.100412404125427,10.434155999874658,1.3337435957492314,5.0600000000000005,1.2858042445756832,0.6357997882373414,2.0223414168481884
2022-01-02 16:00:30.000000,2022-01-02 15:49:00,2022-01-02 16:12:00,1380.0,R,R17,S1P,3,1,130.130948305107,141.29226676401836,135.69804613672514,9.100412404125427,10.434155999874658,1.3337435957492314,5.32,2.9401892358124506,1.362649811582533,2.157699807258491
2022-01-02 16:00:45.000000,2022-01-02 15:43:00,2022-01-02 16:18:30,2130.0,G,G13,S1C,3,1,231.06541772951323,226.480173578383,228.5435884219988,2.035897476427836,14.82359247562752,12.787694999199683,3.96,8.691145282969343,2.027510822402997,4.286608577836657
2022-01-02 16:11:30.000000,2022-01-02 15:57:00,2022-01-02 16:26:00,1740.0,R,R08,S1C,3,1,206.71728312575692,208.92857529216442,207.518348561665,2.175854078346005,14.938213490085756,12.762359411739752,3.9700000000000006,7.747819962622205,1.9580944278160308,3.9568163069968847
2022-01-02 16:11:30.000000,2022-01-02 15:57:00,2022-01-02 16:26:00,1740.0,R,R08,S1P,3,1,206.71728312575692,208.92857529216442,207.518348561665,2.175854078346005,14.938213490085756,12.762359411739752,3.9400000000000004,7.7414912482192575,1.6509599485418656,4.689084829136269
2022-01-02 16:24:00.000000,2022-01-02 16:23:30,2022-01-02 16:24:30,60.0,E,E02,S1X,4,-1,130.17596213345718,130.03171216771005,130.10391209404125,14.860597755277235,14.571225402936067,0.289372352341168,,,,
2022-01-02 16:32:00.631579,2022-01-02 16:08:30,2022-01-02 16:56:00,2850.0,G,G27,S1C,4,-1,136.9578657369987,149.27033383034882,143.69229041210312,14.92328952464073,2.120125711418074,12.803163813222655,3.86,6.079415208919607,1.4450233556171954,4.207139756798588
2022-01-02 16:41:15.000000,2022-01-02 16:12:30,2022-01-02 17:10:00,3450.0,R,R17,S1C,4,-1,141.5351281496229,166.441662830848,154.64180462333312,10.433222648813265,2.108590073776906,8.32463257503636,3.69,18.363208532204734,3.399881883838416,5.401131321501365
2022-01-02 16:41:15.000000,2022-01-02 16:12:30,2022-01-02 17:10:00,3450.0,R,R17,S1P,4,-1,141.5351281496229,166.441662830848,154.64180462333312,10.433222648813265,2.108590073776906,8.32463257503636,3.7,16.400352370902993,3.02396707995873,5.4234559891858405
2022-01-02 16:57:15.000000,2022-01-02 16:24:30,2022-01-02 17:30:00,3930.0,C,C28,S1X,4,-1,130.14420399836288,150.61281535954114,141.1056587567912,11.314599703421914,2.0576935990461074,9.256906104375807,3.7099999999999995,9.490082826489328,1.5684317579004983,6.050682650798111
2022-01-02 16:57:15.000000,2022-01-02 16:24:30,2022-01-02 17:30:00,3930.0,C,C28,S2I,4,-1,130.14420399836288,150.61281535954114,141.1056587567912,11.314599703421914,2.0576935990461074,9.256906104375807,3.6799999999999993,11.533536435441015,1.8941383532419744,6.0890675782476045
2022-01-02 16:58:30.000000,2022-01-02 16:33:00,2022-01-02 17:24:00,3060.0,C,C21,S1X,3,1,211.0362377524162,222.62310201774707,216.15945537808088,2.092672245196586,14.940618801587881,12.847946556391296,3.9799999999999995,7.383693769259961,1.5184869970004242,4.862533419018733
2022-01-02 16:58:30.000000,2022-01-02 16:33:00,2022-01-02 17:24:00,3060.0,C,C21,S2I,3,1,211.0362377524162,222.62310201774707,216.15945537808088,2.092672245196586,14.940618801587881,12.847946556391296,4.01,9.063236389957089,1.9669177056442568,4.607837106732667
2022-01-02 17:00:16.153846,2022-01-02 16:43:00,2022-01-02 17:16:30,2010.0,E,E36,S1X,3,1,131.78908623754452,142.39665770014037,137.25755599709694,2.021391452283658,3.5790154758197423,1.5576240235360843,4.409999999999999,14.564721615544189,5.791215253378655,2.5149680988022296
2022-01-02 17:05:30.000000,2022-01-02 17:00:00,2022-01-02 17:11:00,660.0,C,C45,S1X,1,1,269.8849453072379,266.4558602507017,268.17354804348224,12.08669076092366,14.949981288947562,2.863290528023903,8.219999999999997,2.7379930463216104,0.9993601310208201,2.739746124877748
2022-01-02 17:05:30.000000,2022-01-02 17:00:00,2022-01-02 17:11:00,660.0,C,C45,S2I,1,1,269.8849453072379,266.4558602507017,268.17354804348224,12.08669076092366,14.949981288947562,2.863290528023903,8.669999999999995,2.5345967681894517,1.2942432880622177,1.9583619181709884
2022-01-02 17:12:15.000000,2022-01-02 16:53:30,2022-01-02 17:31:00,2250.0,G,G15,S1C,3,1,219.57140918051198,222.72116819056546,220.7589798156622,2.149256804816665,14.993284295615258,12.844027490798592,3.9,8.927904414850357,1.8732673286269022,4.765953197611403
2022-01-02 17:32:22.258064,2022-01-02 17:17:00,2022-01-02 17:49:00,1920.0,E,E36,S1X,4,-1,142.5537904163074,152.23479873261013,147.2784458343932,3.5784320661919042,2.045351907982344,1.5330801582095601,4.559999999999999,13.885908275577568,6.1387914804932535,2.2619938011743366
2022-01-02 17:45:30.000000,2022-01-02 17:27:30,2022-01-02 18:03:30,2160.0,R,R01,S1C,3,1,200.30525445765957,209.98963092544804,204.65090256783185,2.0785409985188164,14.894417480370862,12.815876481852046,4.17,9.67482361365681,2.174115719276028,4.4500039845526205
2022-01-02 17:45:30.000000,2022-01-02 17:27:30,2022-01-02 18:03:30,2160.0,R,R01,S1P,3,1,200.30525445765957,209.98963092544804,204.65090256783185,2.0785409985188164,14.894417480370862,12.815876481852046,4.1499999999999995,8.41903540082192,1.5420068656364343,5.459791125733491
2022-01-02 17:47:47.571428,2022-01-02 17:30:30,2022-01-02 18:05:30,2100.0,G,G08,S1C,4,-1,139.9056020279585,144.6280066439779,142.61427062893065,14.867167240565452,2.5906294849652407,12.276537755600211,3.9,4.444307373653544,1.0117887867751603,4.3925248349694925
2022-01-02 18:17:45.000000,2022-01-02 17:55:30,2022-01-02 18:40:00,2670.0,R,R11,S1C,4,1,265.85703576651736,247.42037878802998,256.6795728385752,2.1388022571998357,14.934722688792103,12.795920431592268,4.050000000000001,14.350859788400152,2.9233127804097507,4.909108558129945
2022-01-02 18:17:45.000000,2022-01-02 17:55:30,2022-01-02 18:40:00,2670.0,R,R11,S1P,4,1,265.85703576651736,247.42037878802998,256.6795728385752,2.1388022571998357,14.934722688792103,12.795920431592268,4.0600000000000005,11.597024099663122,2.470777905614685,4.693673224659175
2022-01-02 18:24:30.400000,2022-01-02 18:06:00,2022-01-02 18:43:30,2250.0,R,R18,S1C,4,-1,151.3414491332558,162.61108252380686,157.44700815273822,14.89222955168162,2.0858986804531408,12.806330871228479,3.9700000000000006,15.024490600857858,2.7258811652851986,5.511792220511529
2022-01-02 18:24:30.400000,2022-01-02 18:06:00,2022-01-02 18:43:30,2250.0,R,R18,S1P,4,-1,151.3414491332558,162.61108252380686,157.44700815273822,14.89222955168162,2.0858986804531408,12.806330871228479,4.040000000000001,12.697912064509135,2.0873120776423733,6.083379768899471
2022-01-02 18:51:28.800000,2022-01-02 18:32:30,2022-01-02 19:10:00,2250.0,G,G24,S1C,4,1,235.6751378690212,230.30492973664875,232.73067622064102,2.0405597709883714,14.926913588505572,12.8863538175172,3.8399999999999985,5.827194545219085,1.3038085551815497,4.469363636295264
2022-01-02 19:04:35.940594,2022-01-02 18:39:30,2022-01-02 19:30:30,3060.0,G,G21,S1C,4,-1,130.1202731901626,148.6445558203662,139.7441483885493,11.018941516784691,2.307898906341041,8.71104261044365,4.030000000000001,8.28914613377013,1.8709976985346761,4.430334756831612
2022-01-02 19:13:36.891892,2022-01-02 18:53:00,2022-01-02 19:32:00,2340.0,C,C42,S1X,3,1,211.64651809179875,224.86896057737474,218.49754146465622,2.034994604052913,4.423709954270588,2.3887153502176752,3.32,10.776208521855402,4.643554120335287,2.3206811512465606
2022-01-02 19:13:36.891892,2022-01-02 18:53:00,2022-01-02 19:32:00,2340.0,C,C42,S2I,3,1,211.64651809179875,224.86896057737474,218.49754146465622,2.034994604052913,4.423709954270588,2.3887153502176752,3.2900000000000005,14.187900346630416,5.1120371269416465,2.7753907090887155
2022-01-02 19:20:15.000000,2022-01-02 19:00:00,2022-01-02 19:40:30,2430.0,C,C27,S1X,4,-1,140.27469428343244,145.35938716578355,143.26210269122478,14.911402400995968,2.291708300860469,12.619694100135499,4.01,8.423110820029825,1.5535500815633676,5.4218469813045775
2022-01-02 19:20:15.000000,2022-01-02 19:00:00,2022-01-02 19:40:30,2430.0,C,C27,S2I,4,-1,140.27469428343244,145.35938716578355,143.26210269122478,14.911402400995968,2.291708300860469,12.619694100135499,4.050000000000001,10.3249147536544,1.9179030472680647,5.383439360170791
2022-01-02 19:20:45.000000,2022-01-02 19:15:30,2022-01-02 19:26:00,630.0,C,C21,S1X,4,-1,266.0775179022564,269.9578235185318,268.03013954590494,14.966220920249526,12.951113815771336,2.01510710447819,3.9799999999999955,1.8266276158215375,0.884662939117408,2.0647723952852473
2022-01-02 19:20:45.000000,2022-01-02 19:15:30,2022-01-02 19:26:00,630.0,C,C21,S2I,4,-1,266.0775179022564,269.9578235185318,268.03013954590494,14.966220920249526,12.951113815771336,2.01510710447819,4.910000000000001,4.025749576646139,2.098290922714472,1.9185850413145733
2022-01-02 19:40:00.000000,2022-01-02 19:18:30,2022-01-02 20:01:30,2580.0,C,C26,S1X,4,1,244.3327036018032,235.30373111717245,239.62626590235288,2.1298420367627244,14.903235142962082,12.773393106199357,4.270000000000001,8.029034757164226,1.6429469757397976,4.886971323921672
2022-01-02 19:40:00.000000,2022-01-02 19:18:30,2022-01-02 20:01:30,2580.0,C,C26,S2I,4,1,244.3327036018032,235.30373111717245,239.62626590235288,2.1298420367627244,14.903235142962082,12.773393106199357,4.21,9.122589852779026,2.1010127864457844,4.341996351298469
2022-01-02 19:48:45.000000,2022-01-02 19:19:00,2022-01-02 20:18:30,3570.0,R,R02,S1C,3,1,195.129228352675,220.76096634533934,207.24690964827084,2.099465387161957,10.743595596574222,8.644130209412264,4.3500000000000005,17.99573588010763,3.689578199922786,4.877450728780932
2022-01-02 19:48:45.000000,2022-01-02 19:19:00,2022-01-02 20:18:30,3570.0,R,R02,S1P,3,1,195.129228352675,220.76096634533934,207.24690964827084,2.099465387161957,10.743595596574222,8.644130209412264,4.3500000000000005,15.053658548311102,2.656151711361456,5.667469400908238
2022-01-02 19:51:31.168831,2022-01-02 19:32:30,2022-01-02 20:12:00,2370.0,C,C42,S1X,4,-1,225.04697603156725,239.15737627039402,231.85714384275025,4.4231837566695305,2.020331115963965,2.4028526407055653,4.340000000000001,12.243903998182597,4.779343561276327,2.5618380100117464
2022-01-02 19:51:31.168831,2022-01-02 19:32:30,2022-01-02 20:12:00,2370.0,C,C42,S2I,4,-1,225.04697603156725,239.15737627039402,231.85714384275025,4.4231837566695305,2.020331115963965,2.4028526407055653,3.25,13.451545592595606,5.14661495018445,2.613668541905105
2022-01-02 19:53:06.923077,2022-01-02 19:40:00,2022-01-02 20:09:00,1740.0,R,R19,S1C,4,-1,153.42744781394072,157.48955017822703,155.60494862325518,14.853792660703732,2.4241413681011372,12.429651292602594,4.35,3.9245565933630298,1.1607740858219764,3.3809822611468294
2022-01-02 19:53:06.923077,2022-01-02 19:40:00,2022-01-02 20:09:00,1740.0,R,R19,S1P,4,-1,153.42744781394072,157.48955017822703,155.60494862325518,14.853792660703732,2.4241413681011372,12.429651292602594,4.35,3.463426390112862,0.778701437799243,4.4476948699377745
2022-01-02 19:57:15.000000,2022-01-02 19:46:00,2022-01-02 20:08:30,1350.0,G,G12,S1C,2,1,269.85403143892836,262.4790338818375,266.18028039945256,8.408153208109526,14.881378376786296,6.47322516867677,4.54,3.8257007152063744,1.4316996930475856,2.6721390901906266
2022-01-02 20:02:30.000000,2022-01-02 20:02:30,2022-01-02 20:02:30,0.0,R,R01,S1C,4,-1,269.97319746764356,269.97319746764356,269.97319746764356,14.970469054872508,14.970469054872508,0.0,,,,
2022-01-02 20:02:30.000000,2022-01-02 20:02:30,2022-01-02 20:02:30,0.0,R,R01,S1P,4,-1,269.97319746764356,269.97319746764356,269.97319746764356,14.970469054872508,14.970469054872508,0.0,,,,
2022-01-02 20:09:30.000000,2022-01-02 19:42:30,2022-01-02 20:36:30,3240.0,G,G01,S1C,4,-1,134.9201154687373,150.7980349352806,143.61831957141254,14.940713433487238,2.309996419087274,12.630717014399963,4.3,5.557964871352542,1.1672080607110151,4.761760185212274
2022-01-02 20:12:30.000000,2022-01-02 20:08:00,2022-01-02 20:17:00,540.0,E,E01,S1X,1,1,253.5201469136586,251.00500693816986,252.259780723019,12.875104431292975,14.925378519151563,2.050274087858588,3.7999999999999976,4.014962240381296,1.7662871213938633,2.2731084837514373
2022-01-02 20:34:15.000000,2022-01-02 20:17:00,2022-01-02 20:51:30,2070.0,R,R12,S1C,5,1,234.4557797928192,224.19113764203271,229.19145943105815,2.3053027641004955,14.946592125675922,12.641289361575426,4.010000000000001,15.282998674071932,3.441556673647143,4.440722650624254
2022-01-02 20:34:15.000000,2022-01-02 20:17:00,2022-01-02 20:51:30,2070.0,R,R12,S1P,5,1,234.4557797928192,224.19113764203271,229.19145943105815,2.3053027641004955,14.946592125675922,12.641289361575426,4.48,11.892277246357049,2.8433091528410745,4.182548082917441
2022-01-02 20:34:45.000000,2022-01-02 20:25:30,2022-01-02 20:44:00,1110.0,E,E04,S1X,3,1,227.80357673124257,233.86690796288576,230.81164826197937,12.406518354569684,12.928808661242062,0.5222903066723781,9.999999999999986,0.4314091700337881,0.10826142108104421,3.9848836799475995
2022-01-02 20:49:45.000000,2022-01-02 20:19:00,2022-01-02 21:20:30,3690.0,R,R02,S1C,4,-1,221.0032101844627,249.38728076334513,235.57666526683005,10.743039050870188,2.083815245392362,8.659223805477826,4.199999999999999,16.27333609580402,3.1650354467697115,5.141596790776186
2022-01-02 20:49:45.000000,2022-01-02 20:19:00,2022-01-02 21:20:30,3690.0,R,R02,S1P,4,-1,221.0032101844627,249.38728076334513,235.57666526683005,10.743039050870188,2.083815245392362,8.659223805477826,4.22,14.785550306372063,2.7277676543350147,5.420384790792066
2022-01-02 21:31:00.000000,2022-01-02 20:44:30,2022-01-02 22:17:30,5580.0,E,E04,S1X,4,-1,234.03428744211993,263.98579175056375,249.4153522997931,12.928748116394143,2.0824432926314875,10.846304823762654,4.419999999999999,8.710413422421462,1.5936807913691122,5.465594785100252
2022-01-02 21:31:27.407407,2022-01-02 21:11:00,2022-01-02 21:51:30,2430.0,G,G25,S1C,5,1,250.76668546728578,240.3702786559631,245.39582214491958,2.3927886483668552,14.876444017896285,12.48365536952943,4.340000000000001,6.322328519349859,1.301803369396792,4.856592530006582
2022-01-02 21:34:00.000000,2022-01-02 21:15:00,2022-01-02 21:53:00,2280.0,C,C30,S1X,4,-1,135.4727202555897,132.02468438765558,134.02602006619136,14.995885264878897,2.2413529313668086,12.754532333512088,4.53,6.503797458337667,1.4578621195391441,4.461188318956824
2022-01-02 21:34:00.000000,2022-01-02 21:15:00,2022-01-02 21:53:00,2280.0,C,C30,S2I,4,-1,135.4727202555897,132.02468438765558,134.02602006619136,14.995885264878897,2.2413529313668086,12.754532333512088,4.48,8.72759252409322,1.9344833308198166,4.511588383857795
2022-01-02 21:48:16.304347,2022-01-02 21:35:00,2022-01-02 22:04:00,1740.0,G,G32,S1C,3,1,215.92943868616186,226.9887643225683,220.91985305763478,2.0430480566889866,3.3613504702330075,1.318302413544021,7.46,6.013181983646234,2.9987987789359027,2.005196889462506
2022-01-02 21:50:07.200000,2022-01-02 21:37:30,2022-01-02 22:05:30,1680.0,R,R20,S1C,5,-1,149.46458210786452,146.88584839685385,148.5258495100456,14.86998934566271,2.3473183446610943,12.522671001001616,4.36,4.3630380741279495,1.1841562816799711,3.684512037497344
2022-01-02 21:50:07.200000,2022-01-02 21:37:30,2022-01-02 22:05:30,1680.0,R,R20,S1P,5,-1,149.46458210786452,146.88584839685385,148.5258495100456,14.86998934566271,2.3473183446610943,12.522671001001616,4.470000000000001,3.4225759781176195,0.965882180594205,3.5434714987826683
2022-01-02 21:51:45.000000,2022-01-02 21:33:00,2022-01-02 22:10:30,2250.0,C,C24,S1X,4,1,226.1070527983034,224.09901169530178,224.81030918876652,2.2695420577847303,14.853647583016807,12.584105525232076,4.560000000000001,7.93940836103436,1.7039642897908445,4.659374852279853
2022-01-02 21:51:45.000000,2022-01-02 21:33:00,2022-01-02 22:10:30,2250.0,C,C24,S2I,4,1,226.1070527983034,224.09901169530178,224.81030918876652,2.2695420577847303,14.853647583016807,12.584105525232076,4.490000000000001,7.608120159633625,2.2266930795052877,3.416779900947978
2022-01-02 22:18:48.292683,2022-01-02 22:04:30,2022-01-02 22:29:00,1470.0,G,G32,S1C,4,-1,227.18459468235795,236.80319788022018,232.80443579671316,3.3585158362691607,2.211072514916165,1.1474433213529958,6.38,1.6754008851788054,0.7923443323912887,2.114485857584744
2022-01-02 22:26:45.000000,2022-01-02 22:06:00,2022-01-02 22:47:30,2490.0,E,E15,S1X,4,-1,141.38866883029016,140.77957112124528,141.4550201396996,14.906710604335826,2.1866394686082957,12.72007113572753,4.45,10.081788630782075,2.069540019448779,4.8715118026407405
2022-01-02 23:39:02.195122,2022-01-02 23:17:30,2022-01-02 23:59:30,2520.0,G,G31,S1C,5,1,212.09117085810652,223.03200563378036,217.19970549558886,2.3256371421001965,13.411231474089112,11.085594331988915,4.53,8.446465228146055,1.8433101241457512,4.582226895791839
2022-01-02 23:49:00.000000,2022-01-02 23:38:30,2022-01-02 23:59:30,1260.0,R,R21,S1C,5,-1,137.50724398893885,131.3010175442997,134.45490024110126,14.977339498324229,7.056931799787145,7.920407698537084,4.580000000000001,10.539285242222135,2.9422492687138058,3.5820504245819214
2022-01-02 23:49:00.000000,2022-01-02 23:38:30,2022-01-02 23:59:30,1260.0,R,R21,S1P,5,-1,137.50724398893885,131.3010175442997,134.45490024110126,14.977339498324229,7.056931799787145,7.920407698537084,4.6800000000000015,7.9117597543481955,2.2284043913775893,3.5504147204884937
2022-01-02 23:51:15.000000,2022-01-02 23:51:00,2022-01-02 23:51:30,30.0,C,C20,S1X,3,1,130.10341013529003,130.286708943591,130.1950595394405,8.150940152875917,8.151385957306541,0.0004458044306243636,,,,
2022-01-02 23:51:15.000000,2022-01-02 23:51:00,2022-01-02 23:51:30,30.0,C,C20,S2I,3,1,130.10341013529003,130.286708943591,130.1950595394405,8.150940152875917,8.151385957306541,0.0004458044306243636,,,,
2022-01-02 23:55:00.000000,2022-01-02 23:50:30,2022-01-02 23:59:30,540.0,G,G06,S1C,5,-1,136.64023789715242,136.07595528123161,136.37687787536905,14.902129935520751,11.395807430186075,3.5063225053346763,5.0699999999999985,3.382066667523874,1.3143479856954277,2.5731896760464137
2022-01-02 23:55:45.000000,2022-01-02 23:52:00,2022-01-02 23:59:30,450.0,C,C20,S1X,4,-1,130.46988591951484,133.19980500014668,131.83766001875003,8.151010069152187,8.046339513680893,0.10467055547129434,9.989999999999936,0.026191890405468647,0.008699394701061515,3.0107715887718793
2022-01-02 23:55:45.000000,2022-01-02 23:52:00,2022-01-02 23:59:30,450.0,C,C20,S2I,4,-1,130.46988591951484,133.19980500014668,131.83766001875003,8.151010069152187,8.046339513680893,0.10467055547129434,10.000000000000009,0.004413517493927224,0.001396626882997716,3.160126407171873
2022-01-02 23:58:30.000000,2022-01-02 23:57:30,2022-01-02 23:59:30,120.0,R,R14,S1C,5,1,206.82062226154733,206.8773957197463,206.84805522420487,2.1322312729725232,3.000550118578559,0.8683188456060358,9.2,5.411789731127084,2.7579576136397006,1.9622454327661323
2022-01-02 23:58:30.000000,2022-01-02 23:57:30,2022-01-02 23:59:30,120.0,R,R14,S1P,5,1,206.82062226154733,206.8773957197463,206.84805522420487,2.1322312729725232,3.000550118578559,0.8683188456060358,9.59,4.238281786454965,1.4781333655255016,2.867320287400578
2022-01-02 23:58:45.000000,2022-01-02 23:58:00,2022-01-02 23:59:30,90.0,C,C25,S1X,5,1,213.86419749700252,214.03549989204674,213.94948236813477,2.4684019722250587,2.9272094724829794,0.4588075002579206,,,,
2022-01-02 23:58:45.000000,2022-01-02 23:58:00,2022-01-02 23:59:30,90.0,C,C25,S2I,5,1,213.86419749700252,214.03549989204674,213.94948236813477,2.4684019722250587,2.9272094724829794,0.4588075002579206,,,,
2022-01-03 00:01:45.000000,2022-01-03 00:00:00,2022-01-03 00:03:30,210.0,R,R21,S1C,1,-1,131.14580657647969,130.05009490666876,130.599100163198,6.876956049392606,5.627869464258746,1.2490865851338606,10.0,9.323795846065513,3.580852208578207,2.6037924222981457
2022-01-03 00:01:45.000000,2022-01-03 00:00:00,2022-01-03 00:03:30,210.0,R,R21,S1P,1,-1,131.14580657647969,130.05009490666876,130.599100163198,6.876956049392606,5.627869464258746,1.2490865851338606,9.61,5.845758111831336,3.0658319626286974,1.9067444605865098
2022-01-03 00:03:30.000000,2022-01-03 00:00:00,2022-01-03 00:07:00,420.0,G,G31,S1C,1,1,223.19864033499832,225.61830420960953,224.39603740884814,13.517260724249144,14.919851138312922,1.402590414063777,5.659999999999995,4.269346683349614,2.2320832004288427,1.9127184338511032
2022-01-03 00:11:48.750000,2022-01-03 00:00:00,2022-01-03 00:24:00,1440.0,G,G06,S1C,1,-1,136.03774006076765,133.44614712420693,134.8792423749197,11.20289469339016,2.200805877793284,9.002088815596876,4.510000000000001,8.98005583209653,2.087803178242032,4.301198468170693
2022-01-03 00:13:30.000000,2022-01-03 00:00:00,2022-01-03 00:27:00,1620.0,R,R14,S1C,1,1,206.89398514174133,209.37264026362038,207.8657453864154,3.217798610056894,14.945755062193381,11.727956452136487,4.6499999999999995,16.235194855558767,3.9440621460985676,4.116363853855214
2022-01-03 00:13:30.000000,2022-01-03 00:00:00,2022-01-03 00:27:00,1620.0,R,R14,S1P,1,1,206.89398514174133,209.37264026362038,207.8657453864154,3.217798610056894,14.945755062193381,11.727956452136487,4.67,14.783150522866244,3.1226238324929865,4.734207934057792
2022-01-03 00:21:15.000000,2022-01-03 00:00:00,2022-01-03 00:42:30,2550.0,C,C25,S2I,1,1,214.09406913641726,221.9453877654179,217.53836628173988,3.079733359782454,14.907726742773189,11.827993382990735,4.72,7.376207842584238,1.4214564439983493,5.189190195540599
2022-01-03 00:21:58.915662,2022-01-03 00:00:00,2022-01-03 00:42:30,2550.0,C,C25,S1X,1,1,214.09406913641726,221.9453877654179,217.6585613985372,3.079733359782454,14.907726742773189,11.827993382990735,4.549999999999999,6.16696923250524,1.1989347494165132,5.143707141282313
2022-01-03 00:26:45.000000,2022-01-03 00:00:00,2022-01-03 00:53:30,3210.0,C,C20,S1X,1,-1,133.38040851440908,150.6982015946316,142.4331917586523,8.032740127777956,2.008361435374657,6.024378692403299,4.5,14.28098580850849,2.9067849898001556,4.912983195736924
2022-01-03 00:26:45.000000,2022-01-03 00:00:00,2022-01-03 00:53:30,3210.0,C,C20,S2I,1,-1,133.38040851440908,150.6982015946316,142.4331917586523,8.032740127777956,2.008361435374657,6.024378692403299,4.49,16.538661226783642,3.4719971105185983,4.763443257679822
2022-01-03 01:10:26.818181,2022-01-03 00:52:30,2022-01-03 01:27:00,2070.0,G,G26,S1C,1,1,220.4241313082268,222.39148659151584,221.11259244633519,2.5401296739339316,14.991428686464857,12.451299012530926,4.68,4.208374375745817,1.2389690491385856,3.396674338775259
2022-01-03 01:15:15.000000,2022-01-03 01:03:00,2022-01-03 01:27:30,1470.0,E,E08,S1X,1,1,130.11233475829147,137.77769394695798,133.9519945873187,3.3329654002064872,4.138930931103792,0.8059655308973044,8.599999999999998,4.067722057431655,1.7757011972735275,2.2907694513454038
2022-01-03 01:29:43.750000,2022-01-03 01:10:30,2022-01-03 01:47:30,2220.0,C,C11,S2I,1,1,269.9404301809939,258.088701822913,263.79702465017795,5.568825006704416,14.962379288791785,9.393554282087369,4.64,4.826887149777423,1.1926830444589596,4.047082896166314
2022-01-03 01:41:00.000000,2022-01-03 01:38:30,2022-01-03 01:43:30,300.0,E,E24,S1X,1,1,218.16830415229282,218.78286019335448,218.46964353200434,13.562201041172711,14.950638833751228,1.3884377925785163,6.789999999999999,3.3050999659226514,1.6451266222325902,2.0090246679233252
2022-01-03 01:46:15.000000,2022-01-03 01:43:30,2022-01-03 01:49:00,330.0,G,G31,S1C,2,-1,267.5660930548218,269.89049926742877,268.73171355792465,14.919929330823319,13.908511641831643,1.011417688991676,8.89,1.2463082504126883,0.5009974436819742,2.4876539114715053
2022-01-03 01:47:11.298701,2022-01-03 01:28:00,2022-01-03 02:06:30,2310.0,E,E08,S1X,2,-1,137.93259626684312,149.27267131910213,143.6993632482886,4.138507459479205,2.048440105876607,2.0900673536025978,4.68,17.380401230068024,6.313121344018798,2.7530599022201008
2022-01-03 01:54:30.000000,2022-01-03 01:36:00,2022-01-03 02:13:00,2220.0,R,R15,S1C,1,1,199.86056569690717,210.22431071479207,204.52046117497855,2.0026500425316884,14.923372244997003,12.920722202465313,4.71,13.197709132347082,3.842163445677329,3.4349681680500397
2022-01-03 01:54:30.000000,2022-01-03 01:36:00,2022-01-03 02:13:00,2220.0,R,R15,S1P,1,1,199.86056569690717,210.22431071479207,204.52046117497855,2.0026500425316884,14.923372244997003,12.920722202465313,4.6000000000000005,11.721635339237494,2.8191066607821047,4.157925452875756
2022-01-03 02:17:30.000000,2022-01-03 01:55:00,2022-01-03 02:40:00,2700.0,R,R17,S1C,1,1,266.641781362667,247.56885645976527,257.15513732221,2.1255575884304223,14.871571342982936,12.746013754552514,4.700000000000001,13.90686321996441,3.108612089134081,4.4736566741713455
2022-01-03 02:17:30.000000,2022-01-03 01:55:00,2022-01-03 02:40:00,2700.0,R,R17,S1P,1,1,266.641781362667,247.56885645976527,257.15513732221,2.1255575884304223,14.871571342982936,12.746013754552514,4.590000000000002,11.775092844976081,2.782867351124505,4.231280675386121
2022-01-03 02:34:30.000000,2022-01-03 02:16:30,2022-01-03 02:52:30,2160.0,R,R07,S1C,2,-1,150.18734442822196,160.32487478675856,155.75395480779957,14.850661912010024,2.2397640113350774,12.610897900674946,4.750000000000001,12.536120801158557,3.434815324539285,3.6497219258330977
2022-01-03 02:34:30.000000,2022-01-03 02:16:30,2022-01-03 02:52:30,2160.0,R,R07,S1P,2,-1,150.18734442822196,160.32487478675856,155.75395480779957,14.850661912010024,2.2397640113350774,12.610897900674946,4.700000000000001,9.9484870559551,2.5161916995635183,3.95378740724757
2022-01-03 02:35:55.890411,2022-01-03 02:17:00,2022-01-03 02:54:00,2220.0,G,G16,S1C,1,1,214.62121031579687,219.60956336570567,216.75385868663045,2.304032885881523,14.85383128175257,12.549798395871047,4.64,6.517937026348951,1.1424263266975705,5.705345608754004
2022-01-03 02:38:49.090909,2022-01-03 02:17:00,2022-01-03 03:01:30,2670.0,C,C19,S1X,2,-1,139.57555310773134,147.58309577324738,144.04588061393744,14.901461279502447,2.169217643072406,12.732243636430042,4.68,6.877899066399408,1.4340837626628,4.796023248759583
2022-01-03 02:38:49.090909,2022-01-03 02:17:00,2022-01-03 03:01:30,2670.0,C,C19,S2I,2,-1,139.57555310773134,147.58309577324738,144.04588061393744,14.901461279502447,2.169217643072406,12.732243636430042,4.67,7.881322961184417,1.7971392252584817,4.385482688493903
2022-01-03 02:39:15.000000,2022-01-03 02:08:00,2022-01-03 03:10:30,3750.0,C,C23,S1X,1,1,211.4835785601361,231.8801513272385,221.19081795444345,2.2715414519146844,8.35713845839096,6.085597006476275,4.55,9.736462962558893,2.0982044101402426,4.640378656866951
2022-01-03 02:39:15.000000,2022-01-03 02:08:00,2022-01-03 03:10:30,3750.0,C,C23,S2I,1,1,211.4835785601361,231.8801513272385,221.19081795444345,2.2715414519146844,8.35713845839096,6.085597006476275,4.54,12.347172144989235,2.8109726446638206,4.392491036306723
2022-01-03 02:41:45.000000,2022-01-03 02:24:30,2022-01-03 02:59:00,2070.0,G,G20,S1C,2,-1,136.61053954028858,136.51502963227782,136.86327317390894,14.937162506414989,2.178991596640813,12.758170909774176,4.57,7.413450150371279,1.8252773619728437,4.061547195412801
2022-01-03 02:49:42.065217,2022-01-03 02:26:00,2022-01-03 03:12:30,2790.0,C,C43,S1X,1,1,253.40449984180094,241.45048017413532,247.1719828831835,2.0780059083936813,14.960049465622086,12.882043557228405,4.54,6.756301441181548,1.3031923840432098,5.184423669067061
2022-01-03 02:49:42.065217,2022-01-03 02:26:00,2022-01-03 03:12:30,2790.0,C,C43,S2I,1,1,253.40449984180094,241.45048017413532,247.1719828831835,2.0780059083936813,14.960049465622086,12.882043557228405,4.64,8.691335894839584,1.617111485573441,5.374605259053964
2022-01-03 03:40:45.000000,2022-01-03 03:23:30,2022-01-03 03:58:00,2070.0,G,G27,S1C,1,1,229.020335632275,225.13112784355022,226.8456941433473,2.396422776552858,14.862571122945209,12.466148346392352,4.750000000000001,6.190592450151734,1.4265529905231151,4.339546088562509
2022-01-03 03:44:15.000000,2022-01-03 03:11:00,2022-01-03 04:17:30,3990.0,C,C23,S1X,2,-1,232.06204156624602,255.923931592928,244.14358201443497,8.356718524276062,2.0221173427285524,6.334601181547509,4.51,8.912942813865405,2.377443003077579,3.748961721617586
2022-01-03 03:44:15.000000,2022-01-03 03:11:00,2022-01-03 04:17:30,3990.0,C,C23,S2I,2,-1,232.06204156624602,255.923931592928,244.14358201443497,8.356718524276062,2.0221173427285524,6.334601181547509,4.49,10.25354689812648,2.3198708321976587,4.41987836383679
2022-01-03 03:55:47.205882,2022-01-03 03:39:00,2022-01-03 04:13:00,2040.0,G,G05,S1C,2,-1,135.079865286187,132.19747872906402,133.90141278506914,14.811896242924877,2.232385188743729,12.579511054181149,4.750000000000001,7.957471707845129,1.8241821710684094,4.36221328881013
2022-01-03 04:09:15.000000,2022-01-03 04:07:00,2022-01-03 04:11:30,270.0,R,R15,S1C,2,-1,267.7829943142041,269.79418742893256,268.79271280894324,14.909342824661936,13.632001097020327,1.277341727641609,7.850000000000003,1.924672332620047,0.9175974938608243,2.097512629989778
2022-01-03 04:09:15.000000,2022-01-03 04:07:00,2022-01-03 04:11:30,270.0,R,R15,S1P,2,-1,267.7829943142041,269.79418742893256,268.79271280894324,14.909342824661936,13.632001097020327,1.277341727641609,5.660000000000001,6.415176950358281,3.581679443430913,1.7911086270225072
2022-01-03 04:11:45.000000,2022-01-03 03:57:00,2022-01-03 04:26:30,1770.0,R,R08,S1C,2,-1,151.26521238913597,154.03110226231226,152.9690808952038,14.913908676305748,2.0522870369872814,12.861621639318468,4.750000000000001,18.333262515895697,4.420490483856524,4.147336722666439
2022-01-03 04:11:45.000000,2022-01-03 03:57:00,2022-01-03 04:26:30,1770.0,R,R08,S1P,2,-1,151.26521238913597,154.03110226231226,152.9690808952038,14.913908676305748,2.0522870369872814,12.861621639318468,4.680000000000001,16.82923784568412,3.425892638218544,4.912365804444848
2022-01-03 04:15:15.000000,2022-01-03 03:47:30,2022-01-03 04:43:00,3330.0,E,E07,S1X,2,-1,137.93040681301017,147.94127539975014,143.624409432427,14.931912747668154,2.1257717496392137,12.80614099802894,4.58,9.950784011667695,1.8675869883354839,5.328150214055886
2022-01-03 04:15:30.000000,2022-01-03 03:36:30,2022-01-03 04:54:30,4680.0,E,E25,S1X,1,1,208.37542922759903,230.3903865413553,218.5491950273169,2.645231551582544,11.259940423119712,8.614708871537168,4.91,8.037304272142372,1.7508761251737708,4.590447123347853
2022-01-03 04:23:15.000000,2022-01-03 04:05:00,2022-01-03 04:41:30,2190.0,R,R18,S1C,1,1,236.32653422882504,224.45115502318473,230.26299675779458,2.088258274440083,14.989820807690268,12.901562533250186,4.490000000000001,14.09566194499734,3.164823347673799,4.453854258676998
2022-01-03 04:23:15.000000,2022-01-03 04:05:00,2022-01-03 04:41:30,2190.0,R,R18,S1P,1,1,236.32653422882504,224.45115502318473,230.26299675779458,2.088258274440083,14.989820807690268,12.901562533250186,4.830000000000001,11.377993656863206,2.559859270723062,4.444773111941172
2022-01-03 04:46:15.000000,2022-01-03 04:20:00,2022-01-03 05:12:30,3150.0,G,G13,S1C,2,-1,134.47340423675354,149.3450381616121,142.65101379823673,14.922595491152418,2.0230095504313685,12.89958594072105,4.800000000000002,7.998547672878805,1.5029960156442637,5.321735779485885
2022-01-03 04:55:45.000000,2022-01-03 04:37:00,2022-01-03 05:14:30,2250.0,C,C22,S1X,2,-1,138.19381212839875,137.0087159097326,137.91663844463383,14.850000778083341,2.0608183780688747,12.789182400014466,4.81,8.5276073202411,1.642057638099174,5.193244818198071
2022-01-03 04:55:45.000000,2022-01-03 04:37:00,2022-01-03 05:14:30,2250.0,C,C22,S2I,2,-1,138.19381212839875,137.0087159097326,137.91663844463383,14.850000778083341,2.0608183780688747,12.789182400014466,4.83,10.00159641953491,2.2974709817541834,4.353306961856994
2022-01-03 04:58:31.875000,2022-01-03 04:40:30,2022-01-03 05:14:30,2040.0,G,G08,S1C,1,1,220.53261127206142,221.14680496630828,220.5373722074261,2.21789174359977,14.883132773205135,12.665241029605365,4.85,4.295576627025821,1.4435152060047995,2.9757751142190174
2022-01-03 05:21:45.000000,2022-01-03 05:02:30,2022-01-03 05:41:00,2310.0,C,C28,S2I,1,1,228.98596225006457,225.02923446225813,226.73314434755747,2.1398837267912514,14.990896585912129,12.851012859120878,4.890000000000001,8.892294387376516,2.0914156442440888,4.251806383800148
2022-01-03 05:22:00.000000,2022-01-03 05:03:00,2022-01-03 05:41:00,2280.0,C,C28,S1X,1,1,228.9143351959224,225.02923446225813,226.70388863434394,2.2996746519560576,14.990896585912129,12.691221933956072,4.409999999999998,6.351742815582565,1.5528194843446774,4.0904579570387956
2022-01-03 05:36:45.000000,2022-01-03 04:55:00,2022-01-03 06:18:30,5010.0,E,E25,S1X,2,-1,230.5570023565917,257.5836212905198,244.367432786876,11.25960443540368,2.094631267607844,9.164973167795836,4.6499999999999995,7.988421732217411,1.7780877034351883,4.492703996987396
2022-01-03 05:46:30.000000,2022-01-03 05:32:00,2022-01-03 06:01:00,1740.0,R,R01,S1C,2,-1,146.93678058140694,144.03135606878993,145.70334579056112,14.817454794938588,2.120245479917353,12.697209315021235,4.82,12.035133466506602,2.742501481662176,4.388378109175111
2022-01-03 05:46:30.000000,2022-01-03 05:32:00,2022-01-03 06:01:00,1740.0,R,R01,S1P,2,-1,146.93678058140694,144.03135606878993,145.70334579056112,14.817454794938588,2.120245479917353,12.697209315021235,4.82,9.408715150575535,2.2704176330246923,4.144046017666393
2022-01-03 05:57:18.333333,2022-01-03 05:39:30,2022-01-03 06:16:00,2190.0,G,G15,S1C,2,-1,137.28240318817424,140.15079207967358,139.0512974414609,14.878114551385737,2.1617415231214627,12.716373028264275,4.81,6.999153689977081,1.4127305640560703,4.954344351326209
2022-01-03 06:05:22.352941,2022-01-03 05:51:30,2022-01-03 06:18:00,1590.0,R,R19,S1C,1,1,219.1269283097824,214.23664368067585,216.41700134935365,3.6045143818568035,14.880146639093725,11.275632257236921,4.989999999999999,3.478797438439748,1.06507006793961,3.2662615757942772
2022-01-03 06:07:45.000000,2022-01-03 05:57:30,2022-01-03 06:18:00,1230.0,R,R19,S1P,1,1,217.86686372722437,214.23664368067585,215.96272483772552,6.060138319930031,14.880146639093725,8.820008319163694,5.029999999999999,1.9341473700654723,0.6415589256623002,3.0147618444693833
2022-01-03 06:20:45.000000,2022-01-03 06:03:00,2022-01-03 06:38:30,2130.0,G,G21,S1C,1,1,238.541486816136,231.76228822859846,234.9809753773153,2.3766224135412797,14.96760963977939,12.59098722623811,5.01,6.687771961230965,1.5006133192077187,4.456692390789867
2022-01-03 07:18:39.857142,2022-01-03 07:00:00,2022-01-03 07:36:00,2160.0,G,G01,S1C,1,1,231.94184813721827,226.43976112985587,228.86529658220127,2.2658064819715773,14.94660928365427,12.680802801682693,4.850000000000001,5.6236896405937555,1.4827985625469027,3.792618756612715
2022-01-03 07:19:39.230769,2022-01-03 07:11:00,2022-01-03 07:26:00,900.0,C,C45,S1X,2,1,131.9015446376569,137.13561352151177,134.92583963879935,2.019998323300474,2.3505939705570116,0.33059564725653745,9.99,0.6495512246729878,0.21951403389335314,2.9590419033917454
2022-01-03 07:19:39.230769,2022-01-03 07:11:00,2022-01-03 07:26:00,900.0,C,C45,S2I,2,1,131.9015446376569,137.13561352151177,134.92583963879935,2.019998323300474,2.3505939705570116,0.33059564725653745,10.0,0.7275371190344918,0.24376833688765692,2.9845431458548473
2022-01-03 07:22:24.117647,2022-01-03 07:08:00,2022-01-03 07:35:00,1620.0,G,G22,S1C,1,1,269.8515830541584,261.52457757169054,265.4266198231614,6.958146461375597,14.917057340087958,7.958910878712361,4.58,2.0393945941854374,0.9008666607553859,2.263814039333395
2022-01-03 07:22:30.000000,2022-01-03 07:13:30,2022-01-03 07:31:30,1080.0,E,E36,S1X,1,1,224.65039180259433,223.02467328539404,223.7787313928093,9.409281045955346,14.883804767920495,5.474523721965149,4.9,3.854049628237967,1.5782294273961393,2.4420084693241444
2022-01-03 07:32:15.981308,2022-01-03 07:05:30,2022-01-03 08:01:30,3360.0,G,G24,S1C,3,-1,130.08024769630893,147.28953701161666,139.00080322689928,12.913572467274964,2.003890514280452,10.90968195299451,4.84,4.564900366496416,1.2416328040505387,3.6765300913478516
2022-01-03 07:33:45.000000,2022-01-03 07:26:30,2022-01-03 07:41:00,870.0,C,C45,S1X,3,-1,137.30890970808971,142.27057802965993,139.80095974735403,2.3500404130597925,2.0028241396178053,0.34721627344198724,10.000000000000005,0.5446554661555647,0.16221974744854503,3.357516422766751
2022-01-03 07:33:45.000000,2022-01-03 07:26:30,2022-01-03 07:41:00,870.0,C,C45,S2I,3,-1,137.30890970808971,142.27057802965993,139.80095974735403,2.3500404130597925,2.0028241396178053,0.34721627344198724,10.0,0.9755129442182547,0.298951139315182,3.263118335835404
2022-01-03 07:37:00.000000,2022-01-03 07:17:00,2022-01-03 07:57:00,2400.0,C,C27,S2I,1,1,215.65423699130548,219.69660024936198,217.24594968637206,2.1610224853738838,14.972845944069734,12.81182345869585,4.820000000000001,8.928196023074884,1.8752808980576476,4.760991290596735
2022-01-03 07:37:25.443038,2022-01-03 07:17:00,2022-01-03 07:57:00,2400.0,C,C27,S1X,1,1,215.65423699130548,219.69660024936198,217.28267755592742,2.1610224853738838,14.972845944069734,12.81182345869585,4.880000000000001,5.415750215927058,1.4012883071663758,3.8648365138210226
2022-01-03 07:46:00.000000,2022-01-03 07:34:30,2022-01-03 07:57:30,1380.0,R,R02,S1C,2,-1,136.70530212864372,130.1240682678639,133.47746523593136,14.874745444120375,6.1812773159769385,8.693468128143437,4.700000000000001,8.731128576389121,2.887695909055262,3.023562331826551
2022-01-03 07:46:00.000000,2022-01-03 07:34:30,2022-01-03 07:57:30,1380.0,R,R02,S1P,2,-1,136.70530212864372,130.1240682678639,133.47746523593136,14.874745444120375,6.1812773159769385,8.693468128143437,4.730000000000001,6.745830094376531,2.293523944887844,2.9412512171118452
2022-01-03 07:59:30.000000,2022-01-03 07:49:30,2022-01-03 08:09:30,1200.0,R,R12,S1C,2,1,130.20279013633444,139.80554202070536,134.9977893394081,9.033489182881162,10.02171609082874,0.9882269079475776,6.889999999999994,11.161846956411077,5.425023171712113,2.0574745218808803
2022-01-03 07:59:30.000000,2022-01-03 07:49:30,2022-01-03 08:09:30,1200.0,R,R12,S1P,2,1,130.20279013633444,139.80554202070536,134.9977893394081,9.033489182881162,10.02171609082874,0.9882269079475776,6.859999999999995,9.89430323464683,4.845288921439621,2.0420460771423015
2022-01-03 08:10:30.000000,2022-01-03 08:04:30,2022-01-03 08:16:30,720.0,R,R20,S1C,1,1,206.70984472111886,207.56768081779205,207.0849059508381,9.351065565068406,14.777396706686527,5.426331141618121,8.899999999999999,2.3749624481075973,1.001427443438311,2.371577155858019
2022-01-03 08:12:45.000000,2022-01-03 08:09:00,2022-01-03 08:16:30,450.0,R,R20,S1P,1,1,206.9530166081602,207.56768081779205,207.23927105454655,11.383490102654068,14.777396706686527,3.393906604032459,8.789999999999996,1.0411777662002963,0.619437716023726,1.680843350779139
2022-01-03 08:16:36.627907,2022-01-03 07:54:00,2022-01-03 08:38:00,2640.0,G,G03,S1C,1,1,266.10799262351225,252.35789589764508,259.02991502640936,2.2135575441746367,14.969117813374297,12.755560269199659,4.730000000000001,4.561844094257396,1.1336659189816787,4.023975686201361
2022-01-03 08:38:30.000000,2022-01-03 08:10:00,2022-01-03 09:07:00,3420.0,R,R12,S1C,3,-1,140.04541940390885,164.5434690824781,152.91089039859799,10.020942530981639,2.0323074079844115,7.988635122997227,4.87,20.58106513653157,3.8097143362569468,5.402259413694654
2022-01-03 08:38:30.000000,2022-01-03 08:10:00,2022-01-03 09:07:00,3420.0,R,R12,S1P,3,-1,140.04541940390885,164.5434690824781,152.91089039859799,10.020942530981639,2.0323074079844115,7.988635122997227,4.87,17.22136391329828,2.9675987960115418,5.803130779148389
2022-01-03 09:19:53.414634,2022-01-03 08:48:00,2022-01-03 09:50:30,3750.0,G,G17,S1C,1,1,209.28549469250504,233.23379770682328,220.89089258021647,2.0581858364656096,9.548699899925682,7.490514063460072,4.59,6.513997206987988,1.5169609283513759,4.2941100757732515
2022-01-03 09:29:45.000000,2022-01-03 09:21:30,2022-01-03 09:38:00,990.0,E,E21,S1X,2,1,130.03294517615657,135.34098680902318,132.69209625025863,6.348658948058916,6.737382207770049,0.3887232597111332,9.999999999999986,0.6775937509386117,0.20325378262713775,3.3337325494287837
2022-01-03 09:56:30.000000,2022-01-03 09:29:30,2022-01-03 10:23:30,3240.0,C,C26,S1X,3,-1,134.98717766103354,147.84119572214522,142.13034220137186,14.922514038734738,2.1581999759059354,12.764314062828802,4.669999999999999,7.720673226033241,1.584711092538515,4.8719752530195635
2022-01-03 09:56:30.000000,2022-01-03 09:29:30,2022-01-03 10:23:30,3240.0,C,C26,S2I,3,-1,134.98717766103354,147.84119572214522,142.13034220137186,14.922514038734738,2.1581999759059354,12.764314062828802,4.8,10.249932596096384,2.0411503068720727,5.021645178009319
2022-01-03 09:56:45.000000,2022-01-03 09:39:00,2022-01-03 10:14:30,2130.0,R,R21,S1C,2,1,198.2454701878425,208.05476229042574,202.6586371882941,2.171507416531581,14.917977205916864,12.746469789385284,4.669999999999999,14.521700837956608,3.1471508652140283,4.6142372767913145
2022-01-03 09:56:45.000000,2022-01-03 09:39:00,2022-01-03 10:14:30,2130.0,R,R21,S1P,2,1,198.2454701878425,208.05476229042574,202.6586371882941,2.171507416531581,14.917977205916864,12.746469789385284,4.6899999999999995,11.556116673099645,2.156014820115912,5.359943060353529
2022-01-03 10:02:00.000000,2022-01-03 09:59:30,2022-01-03 10:04:30,300.0,G,G25,S1C,3,1,130.01464397329246,131.93864773510205,130.97736811568532,5.007723605294482,5.0474728091313334,0.039749203836851876,9.989999999999938,0.004690731717153699,0.001564383825010045,2.9984532198315077
2022-01-03 10:04:15.000000,2022-01-03 09:41:00,2022-01-03 10:27:30,2790.0,C,C32,S1X,1,1,262.468195258947,248.99507950688542,255.67434251785693,2.7294705264825088,14.930120463048016,12.200649936565508,4.510000000000001,7.064338998558713,1.774685179940055,3.980615310484157
2022-01-03 10:04:15.000000,2022-01-03 09:41:00,2022-01-03 10:27:30,2790.0,C,C32,S2I,1,1,262.468195258947,248.99507950688542,255.67434251785693,2.7294705264825088,14.930120463048016,12.200649936565508,4.550000000000001,8.573716884436077,1.881631871569367,4.5565325577129
2022-01-03 10:06:02.727272,2022-01-03 09:38:30,2022-01-03 10:35:30,3420.0,E,E21,S1X,3,-1,135.5004998322617,152.04218971524352,143.8346377613488,6.7370859219387516,2.1064241213625983,4.630661800576153,4.58,16.2378063235823,4.406168050139692,3.6852444434268694
2022-01-03 10:06:30.000000,2022-01-03 09:26:30,2022-01-03 10:46:30,4800.0,C,C30,S1X,1,1,209.61160525470532,235.17252847392743,221.3518212796409,2.12024130837238,12.41722121063748,10.2969799022651,4.599999999999998,5.478235866252487,1.011307321368734,5.416984284102756
2022-01-03 10:06:30.000000,2022-01-03 09:26:30,2022-01-03 10:46:30,4800.0,C,C30,S2I,1,1,209.61160525470532,235.17252847392743,221.3518212796409,2.12024130837238,12.41722121063748,10.2969799022651,4.5,7.573708215777353,1.3802039222723315,5.4873834899035785
2022-01-03 10:08:23.181818,2022-01-03 09:50:00,2022-01-03 10:25:30,2130.0,G,G19,S1C,1,1,211.85485438799137,225.01152704105772,218.55876367548967,2.1363505651174073,4.330446721983059,2.194096156865652,4.090000000000001,10.710077228082989,5.176279409288002,2.069068607244322
2022-01-03 10:16:33.061224,2022-01-03 10:04:00,2022-01-03 10:31:30,1650.0,R,R13,S1P,4,-1,149.36818534818576,158.04977531655987,153.62549902500334,14.962684454421375,5.992611635514863,8.970072818906512,4.99,1.917860221667276,0.5711519014927132,3.357881181267054
2022-01-03 10:17:43.269230,2022-01-03 10:04:00,2022-01-03 10:38:00,2040.0,R,R13,S1C,4,-1,149.36818534818576,159.59950449780965,153.95450020561043,14.962684454421375,3.6026912302910197,11.359993224130355,4.85,3.0431090183344427,1.0193345362034818,2.985387927371246
2022-01-03 10:22:36.377952,2022-01-03 09:51:00,2022-01-03 10:55:30,3870.0,G,G17,S1C,2,-1,233.44769609418375,260.1446465483647,246.79576591546083,9.548284930162183,2.3995940628667083,7.148690867295475,4.85,8.346465605336316,2.5078672908504185,3.32811294911304
2022-01-03 10:23:58.000000,2022-01-03 10:05:00,2022-01-03 10:44:30,2370.0,G,G25,S1C,4,-1,132.130470529029,146.53539553847705,139.19764290999697,5.046794548317593,2.302098246058584,2.744696302259009,4.359999999999999,10.834865582848296,4.825468292207248,2.245350073141244
2022-01-03 10:43:30.000000,2022-01-03 10:26:00,2022-01-03 11:01:30,2130.0,G,G19,S1C,2,-1,225.20484543685697,238.97445281362013,232.0040026526289,4.3299299560060405,2.180845531546615,2.1490844244594256,4.51,12.252523120001975,5.101265593385857,2.401859478927782
2022-01-03 11:16:26.385542,2022-01-03 10:55:00,2022-01-03 11:37:00,2520.0,G,G06,S1C,2,1,210.63878037342306,220.80982156487562,215.27818209316453,2.4400460446818104,14.952396883941487,12.512350839259677,4.41,6.568728137321052,1.6571788083374828,3.9638016756386967
2022-01-03 11:29:15.000000,2022-01-03 10:47:00,2022-01-03 12:11:30,5070.0,C,C30,S1X,2,-1,235.36292235470293,266.2495369626764,251.20984898224634,12.416761366742687,2.0983822946423825,10.318379072100305,4.57,5.722151771612263,1.419468077440743,4.031194404828832
2022-01-03 11:29:15.000000,2022-01-03 10:47:00,2022-01-03 12:11:30,5070.0,C,C30,S2I,2,-1,235.36292235470293,266.2495369626764,251.20984898224634,12.416761366742687,2.0983822946423825,10.318379072100305,4.539999999999999,7.654451746127376,1.5900704248742572,4.813907375663999
2022-01-03 11:59:30.000000,2022-01-03 11:45:30,2022-01-03 12:13:30,1680.0,R,R22,S1C,2,1,208.00817145019832,221.43893290006216,214.61785334533735,10.488337871093588,12.560233906990003,2.0718960358964154,4.620000000000001,1.841787348891625,0.7956008360801491,2.3149640691253404
2022-01-03 12:04:30.000000,2022-01-03 11:45:00,2022-01-03 12:24:00,2340.0,C,C24,S1X,4,-1,138.72955859247418,140.77240543591333,140.13450264256332,14.850242088751493,2.0082008614711113,12.842041227280381,4.31,8.101755261124529,1.8620638800147102,4.350954523139413
2022-01-03 12:04:30.000000,2022-01-03 11:45:00,2022-01-03 12:24:00,2340.0,C,C24,S2I,4,-1,138.72955859247418,140.77240543591333,140.13450264256332,14.850242088751493,2.0082008614711113,12.842041227280381,4.28,8.864204286664377,2.233286346236938,3.9691302020452772
2022-01-03 12:12:15.000000,2022-01-03 11:57:30,2022-01-03 12:27:00,1770.0,R,R14,S1C,4,-1,150.67627637023153,153.25394993319065,152.28070073219885,14.853869277399037,2.0545275357294397,12.799341741669597,4.140000000000001,18.734438854629673,4.322468200801271,4.334199347298102
2022-01-03 12:12:15.000000,2022-01-03 11:57:30,2022-01-03 12:27:00,1770.0,R,R14,S1P,4,-1,150.67627637023153,153.25394993319065,152.28070073219885,14.853869277399037,2.0545275357294397,12.799341741669597,4.199999999999999,16.5237215803592,3.4548872456851893,4.782709363669013
2022-01-03 12:13:45.000000,2022-01-03 12:11:00,2022-01-03 12:16:30,330.0,R,R21,S1C,3,-1,267.3859480112129,269.8246938269265,268.6118821909395,14.93645913338788,13.300441630282101,1.6360175031057782,10.000000000000009,6.447015675525078,1.8176942674879746,3.5468097087827393
2022-01-03 12:13:45.000000,2022-01-03 12:11:00,2022-01-03 12:16:30,330.0,R,R21,S1P,3,-1,267.3859480112129,269.8246938269265,268.6118821909395,14.93645913338788,13.300441630282101,1.6360175031057782,8.000000000000005,1.2650981120440636,0.507469224363695,2.492955338583031
2022-01-03 12:24:30.000000,2022-01-03 12:07:30,2022-01-03 12:41:30,2040.0,G,G31,S1C,4,-1,133.67263263875242,130.10260847875855,132.11628904935023,14.991451061193095,2.357790251895784,12.63366080929731,4.26,7.931509032046635,1.787695534155297,4.436722518185597
2022-01-03 12:24:45.000000,2022-01-03 11:51:30,2022-01-03 12:58:00,3990.0,E,E15,S1X,1,1,208.12372713749664,227.71503131906536,217.35782215430143,4.0789463913813915,10.598852102337597,6.5199057109562055,4.07,8.574084242025487,2.14835743696689,3.9909952108018922
2022-01-03 12:32:30.000000,2022-01-03 12:07:00,2022-01-03 12:58:00,3060.0,E,E01,S1X,4,-1,140.61836304910693,148.45425933104767,145.14762832453727,14.949431229860892,2.0147105260676166,12.934720703793275,4.220000000000001,9.678203388698474,1.9643194595826217,4.927000718485423
2022-01-03 12:37:00.000000,2022-01-03 12:19:30,2022-01-03 12:54:30,2100.0,R,R07,S1C,3,1,233.77165847945355,223.47170928753943,228.48019730097482,2.0230836990636014,14.98946262557364,12.966378926510039,4.1899999999999995,17.444972092350564,3.708093807040149,4.704566011579782
2022-01-03 12:37:00.000000,2022-01-03 12:19:30,2022-01-03 12:54:30,2100.0,R,R07,S1P,3,1,233.77165847945355,223.47170928753943,228.48019730097482,2.0230836990636014,14.98946262557364,12.966378926510039,4.1899999999999995,13.297990132308232,2.7334818958416394,4.864853925880412
2022-01-03 12:44:15.000000,2022-01-03 12:24:30,2022-01-03 13:04:00,2370.0,C,C20,S1X,2,1,233.27455336289603,227.4982180467976,230.14021323903836,2.1094642989628083,14.906626108368677,12.797161809405868,4.119999999999999,7.5187183649013996,1.4629333846426698,5.139481020687686
2022-01-03 12:44:15.000000,2022-01-03 12:24:30,2022-01-03 13:04:00,2370.0,C,C20,S2I,2,1,233.27455336289603,227.4982180467976,230.14021323903836,2.1094642989628083,14.906626108368677,12.797161809405868,4.07,9.021600870816897,2.0290305045499273,4.446261823361812
2022-01-03 12:44:53.040000,2022-01-03 12:13:30,2022-01-03 13:18:30,3900.0,R,R22,S1P,2,-1,221.43893290006216,251.9774912485571,236.66813521684733,12.560233906990003,2.6177903558318376,9.942443551158165,3.880000000000001,2.8770873560791026,0.8377881607526118,3.434146590821388
2022-01-03 12:45:08.225806,2022-01-03 12:14:00,2022-01-03 13:18:30,3870.0,R,R22,S1C,3,-1,221.68777271761002,251.9774912485571,236.79093216398252,12.558955187557453,2.6177903558318376,9.941164831725615,3.9000000000000004,3.6730307555538246,0.9228843020944404,3.9799471582928243
2022-01-03 12:52:15.000000,2022-01-03 12:33:30,2022-01-03 13:11:00,2250.0,E,E03,S1X,1,1,250.77610400475874,241.7511363586833,246.17004685110228,5.857747563349143,14.912085613355803,9.05433805000666,4.090000000000001,5.083498011185738,1.4927246527858127,3.4055162160674497
2022-01-03 13:05:52.000000,2022-01-03 12:29:30,2022-01-03 13:39:30,4200.0,G,G11,S1C,2,1,210.57943205055065,235.94441506525874,222.9358882512595,2.100482248664411,10.88549502288599,8.78501277422158,3.8699999999999997,7.19149269306188,1.4382876934267224,5.00003770172582
2022-01-03 13:05:52.000000,2022-01-03 12:29:30,2022-01-03 13:39:30,4200.0,G,G11,S1X,2,1,210.57943205055065,235.94441506525874,222.9358882512595,2.100482248664411,10.88549502288599,8.78501277422158,3.9299999999999997,9.213393840465717,1.6577920151298882,5.557629519493038
2022-01-03 13:13:39.285714,2022-01-03 12:51:00,2022-01-03 13:34:30,2610.0,G,G02,S1C,2,1,212.72234497250932,229.9705773552683,221.4920889643662,2.0641578693637834,5.630244161255801,3.5660862918920175,3.9200000000000004,13.380244097943425,4.040469228402493,3.3115569854825155
2022-01-03 13:37:16.153846,2022-01-03 12:58:30,2022-01-03 14:17:30,4740.0,E,E15,S1X,2,-1,227.88251982112646,253.63157045576287,240.79001687893924,10.59847458201487,2.066340690558384,8.532133891456485,4.03,10.706894717170174,1.9571616361146031,5.470623641706833
2022-01-03 13:53:45.000000,2022-01-03 13:35:30,2022-01-03 14:12:00,2190.0,G,G26,S1C,4,-1,138.02300853794537,142.11213151826408,140.45525330448362,14.931830633461594,2.1293615691893937,12.8024690642722,3.9700000000000006,5.461930854042265,1.2982691585702328,4.207086656866608
2022-01-03 13:54:42.162162,2022-01-03 13:36:00,2022-01-03 14:13:00,2220.0,G,G20,S1C,3,1,215.78414748312403,222.27076409471601,218.64847148523506,2.811650277393737,14.908293862294089,12.096643584900352,3.9299999999999997,5.65211696559771,1.3655982343882829,4.138931073039623
2022-01-03 13:55:30.000000,2022-01-03 13:41:00,2022-01-03 14:10:00,1740.0,R,R15,S1C,4,-1,146.6318999308232,143.39433684779658,145.22640072360687,14.83371306985479,2.166726830277342,12.666986239577447,3.87,21.60537534999529,4.308620246468225,5.014453378133107
2022-01-03 13:55:30.000000,2022-01-03 13:41:00,2022-01-03 14:10:00,1740.0,R,R15,S1P,4,-1,146.6318999308232,143.39433684779658,145.22640072360687,14.83371306985479,2.166726830277342,12.666986239577447,3.8400000000000007,18.261743480728132,3.842430282477338,4.752654475998508
2022-01-03 13:56:50.454545,2022-01-03 13:35:00,2022-01-03 14:20:30,2730.0,G,G02,S1C,3,-1,230.17998163492797,249.02024523670252,239.3044918804764,5.630043588551904,2.0473024070553714,3.5827411814965324,4.08,11.614429138128516,3.414730485612767,3.401272571016488
2022-01-03 14:17:00.000000,2022-01-03 13:40:00,2022-01-03 14:54:00,4440.0,G,G11,S1C,3,-1,236.15223138699753,265.8686200901385,251.33156134124545,10.884643719982465,2.080209679542982,8.804434040439483,3.8699999999999997,8.370851969278599,1.8108431691273483,4.622626692355993
2022-01-03 14:17:00.000000,2022-01-03 13:40:00,2022-01-03 14:54:00,4440.0,G,G11,S1X,3,-1,236.15223138699753,265.8686200901385,251.33156134124545,10.884643719982465,2.080209679542982,8.804434040439483,3.9,10.367613199076708,1.9761286583453348,5.246426215870876
2022-01-03 14:22:58.983050,2022-01-03 14:08:00,2022-01-03 14:37:30,1770.0,R,R08,S1C,3,1,217.32862662584876,213.58663623237888,215.21199076519292,2.109272131486485,14.97883161661191,12.869559485125425,3.880000000000001,6.8904693808671595,2.0353629903819663,3.385376177825686
2022-01-03 14:22:58.983050,2022-01-03 14:08:00,2022-01-03 14:37:30,1770.0,R,R08,S1P,3,1,217.32862662584876,213.58663623237888,215.21199076519292,2.109272131486485,14.97883161661191,12.869559485125425,3.9100000000000006,6.2086580099620265,1.4843895107229743,4.182633981924387
2022-01-03 14:56:28.441558,2022-01-03 14:37:00,2022-01-03 15:15:30,2310.0,C,C19,S1X,3,1,218.21216179122814,219.96551153367642,218.71573581698257,2.066411479814337,14.989588710428457,12.923177230614119,3.9200000000000013,7.071778109475296,1.6950706665622794,4.171966543328456
2022-01-03 14:56:28.441558,2022-01-03 14:37:00,2022-01-03 15:15:30,2310.0,C,C19,S2I,3,1,218.21216179122814,219.96551153367642,218.71573581698257,2.066411479814337,14.989588710428457,12.923177230614119,3.93,8.354493590375654,1.9213127609750156,4.3483256656953495
2022-01-03 15:04:17.500000,2022-01-03 15:01:30,2022-01-03 15:07:30,360.0,R,R17,S1C,3,1,157.62560244362152,160.33757900052746,158.8877071721333,2.0017361564177674,2.0924149108100436,0.09067875439227624,9.999999999999979,0.12685648388761459,0.04208017689347272,3.014637609740941
2022-01-03 15:04:17.500000,2022-01-03 15:01:30,2022-01-03 15:07:30,360.0,R,R17,S1P,3,1,157.62560244362152,160.33757900052746,158.8877071721333,2.0017361564177674,2.0924149108100436,0.09067875439227624,9.999999999999979,0.04542767233702836,0.014993348052470136,3.0298551182865525
2022-01-03 15:07:06.818181,2022-01-03 14:43:30,2022-01-03 15:29:00,2730.0,G,G05,S1C,3,1,212.23408942033788,223.2122140550497,217.31316906227255,2.1403406320159863,14.926309338008409,12.785968705992422,3.73,5.989183581852289,1.6446392932636227,3.6416396023029165
2022-01-03 15:10:45.000000,2022-01-03 15:08:00,2022-01-03 15:13:30,330.0,R,R17,S1C,4,-1,160.5633093599201,163.0400231762145,161.80268018309908,2.092291289978443,2.012641751402022,0.0796495385764211,10.0,0.036304059870189385,0.012003058908249688,3.0245673330185565
2022-01-03 15:10:45.000000,2022-01-03 15:08:00,2022-01-03 15:13:30,330.0,R,R17,S1P,4,-1,160.5633093599201,163.0400231762145,161.80268018309908,2.092291289978443,2.012641751402022,0.0796495385764211,10.0,0.05462127606959414,0.01813407739743314,3.0120791299438108
2022-01-03 15:12:00.000000,2022-01-03 14:50:30,2022-01-03 15:33:30,2580.0,E,E31,S1X,4,-1,137.69313276159787,134.61181374666893,136.49542657606094,14.951807532866102,2.0741437196158286,12.877663813250273,3.86,12.640138391765758,2.10703057818433,5.9990294031034015
2022-01-03 15:23:38.059701,2022-01-03 15:07:00,2022-01-03 15:41:30,2070.0,G,G16,S1C,4,-1,139.01340539525037,139.17615727049144,139.4080370850812,14.984264007385699,2.051573560531995,12.932690446853703,3.89,7.689218534609723,1.4542029787697472,5.287582714976135
2022-01-03 15:37:15.000000,2022-01-03 15:31:00,2022-01-03 15:43:30,750.0,C,C11,S2I,3,1,130.0191106911769,134.63192209673522,132.32869262591743,6.220045334293479,6.472249399894478,0.25220406560099917,10.000000000000004,0.1479198636675028,0.04833495402593884,3.060308355483734
2022-01-03 15:48:30.000000,2022-01-03 15:39:00,2022-01-03 15:58:00,1140.0,E,E08,S1X,3,1,224.09155683655368,223.26233448348796,223.60549507142997,9.167821908347644,14.90061624223312,5.732794333885476,4.13,5.860249240082985,1.7945500056497967,3.2655814670157497
2022-01-03 15:52:30.000000,2022-01-03 15:39:30,2022-01-03 16:05:30,1560.0,R,R18,S1C,3,1,130.09745051020712,142.6285887811166,136.33943387087422,8.276992281370413,9.963995533190094,1.6870032518196805,4.370000000000003,11.281134985922183,5.680688922934787,1.985874449202204
2022-01-03 15:52:30.000000,2022-01-03 15:39:30,2022-01-03 16:05:30,1560.0,R,R18,S1P,3,1,130.09745051020712,142.6285887811166,136.33943387087422,8.276992281370413,9.963995533190094,1.6870032518196805,4.400000000000002,8.833791883710456,4.051410888211737,2.1804235925351
2022-01-03 15:57:13.285714,2022-01-03 15:39:00,2022-01-03 16:14:30,2130.0,G,G13,S1C,3,1,231.0480014075587,226.4690757476054,228.46304787069948,2.069471086990409,14.860539575729977,12.791068488739567,3.95,7.443995989554567,1.7703757759881118,4.204754770438383
2022-01-03 15:58:13.965517,2022-01-03 15:43:00,2022-01-03 16:12:30,1770.0,R,R01,S1C,3,1,207.3706287840102,209.39431104398778,208.09669580953204,2.084457625512628,14.997539449946498,12.91308182443387,3.85,7.608837864424548,1.9573480447608438,3.8873198278613885
2022-01-03 15:58:13.965517,2022-01-03 15:43:00,2022-01-03 16:12:30,1770.0,R,R01,S1P,3,1,207.3706287840102,209.39431104398778,208.09669580953204,2.084457625512628,14.997539449946498,12.91308182443387,3.8699999999999997,6.44554285148495,1.4318459308684846,4.501561734072473
2022-01-03 16:09:02.970297,2022-01-03 15:44:00,2022-01-03 16:35:00,3060.0,C,C11,S2I,4,-1,134.81535133521868,152.10093148165598,143.60416739244025,6.471560960338561,2.0768971333749064,4.394663826963654,3.7100000000000004,13.53766044607796,4.138742366922782,3.2709599307925554
2022-01-03 16:27:19.891304,2022-01-03 16:04:30,2022-01-03 16:52:00,2850.0,G,G27,S1C,4,-1,136.99505918768045,149.2913143707128,143.55890029270597,14.901142866160162,2.0871476005031235,12.813995265657038,3.7499999999999996,6.151234704485075,1.3672069608610498,4.499124770847499
2022-01-03 16:34:00.000000,2022-01-03 16:06:00,2022-01-03 17:02:00,3360.0,R,R18,S1C,4,-1,142.87040683639796,167.19877095371405,155.63236152066625,9.962935493932067,2.0271887600068075,7.935746733925259,3.8000000000000003,16.427912364561557,3.717962952446288,4.418525029614018
2022-01-03 16:34:00.000000,2022-01-03 16:06:00,2022-01-03 17:02:00,3360.0,R,R18,S1P,4,-1,142.87040683639796,167.19877095371405,155.63236152066625,9.962935493932067,2.0271887600068075,7.935746733925259,3.8000000000000003,14.69154332880375,2.818108266864285,5.213264338190619
2022-01-03 17:07:30.902255,2022-01-03 16:34:30,2022-01-03 17:41:30,4020.0,C,C43,S1X,4,-1,130.00386516552572,149.78767903314335,140.65401523440605,13.55347299820524,2.0974797582853424,11.455993239919898,3.84,8.341805236240328,1.6964169834183411,4.917308254855649
2022-01-03 17:08:00.000000,2022-01-03 16:34:30,2022-01-03 17:41:30,4020.0,C,C43,S2I,4,-1,130.00386516552572,149.78767903314335,140.78555797127012,13.55347299820524,2.0974797582853424,11.455993239919898,3.81,10.822888752693164,2.013300067259542,5.375695818370995
2022-01-03 17:08:43.750000,2022-01-03 16:49:30,2022-01-03 17:26:30,2220.0,G,G15,S1C,3,1,219.56588708865308,222.64930398395433,220.7786985607938,2.1673237097689277,14.844365314701374,12.677041604932446,3.9299999999999997,7.066369919512449,1.6988137328126744,4.159590767972469
2022-01-03 17:16:30.000000,2022-01-03 17:02:30,2022-01-03 17:30:30,1680.0,C,C36,S1X,1,1,269.8534002225869,261.37442546986233,265.6240174941388,7.693511284582892,14.968520859485075,7.275009574902183,4.089999999999998,4.512754438002945,1.4877492501925764,3.033276230802205
2022-01-03 17:16:30.000000,2022-01-03 17:02:30,2022-01-03 17:30:30,1680.0,C,C36,S2I,1,1,269.8534002225869,261.37442546986233,265.6240174941388,7.693511284582892,14.968520859485075,7.275009574902183,4.03,4.499672524797982,1.4492472942722838,3.1048341732853952
2022-01-03 17:17:57.948718,2022-01-03 16:48:00,2022-01-03 17:47:00,3540.0,C,C22,S1X,3,1,210.22653945196242,225.5756042798453,217.17949525923146,2.006881470340613,14.991226814393253,12.98434534405264,3.9700000000000006,6.6342907127338595,1.571847956252954,4.220694938299884
2022-01-03 17:17:57.948718,2022-01-03 16:48:00,2022-01-03 17:47:00,3540.0,C,C22,S2I,3,1,210.22653945196242,225.5756042798453,217.17949525923146,2.006881470340613,14.991226814393253,12.98434534405264,3.5900000000000003,8.65369374286558,1.7644133821625068,4.904572721081614
2022-01-03 17:43:48.000000,2022-01-03 17:26:30,2022-01-03 18:01:30,2100.0,G,G08,S1C,4,-1,139.91685141510132,144.63021899393163,142.62150296404033,14.852141616660141,2.5730042217309825,12.279137394929158,4.01,4.9902904018525565,1.4243383922150574,3.5035848427085607
2022-01-03 17:54:00.000000,2022-01-03 17:36:00,2022-01-03 18:12:00,2160.0,R,R02,S1C,3,1,199.50410727779928,209.56533531514603,204.03613715661749,2.1806987503857265,14.901391319448976,12.72069256906325,4.06,14.133123440396854,3.6283372211229605,3.895206696367294
2022-01-03 17:54:00.000000,2022-01-03 17:36:00,2022-01-03 18:12:00,2160.0,R,R02,S1P,3,1,199.50410727779928,209.56533531514603,204.03613715661749,2.1806987503857265,14.901391319448976,12.72069256906325,4.05,11.004955628102383,2.6698938139264996,4.121870154797603
2022-01-03 18:06:05.316455,2022-01-03 17:46:30,2022-01-03 18:26:00,2370.0,R,R19,S1P,4,-1,150.1225157000896,163.45865766293693,157.3091479629827,14.98064267013981,2.747259823108066,12.233382847031745,3.9099999999999993,4.422493866475442,0.9930664206717801,4.453371672242986
2022-01-03 18:06:21.750000,2022-01-03 17:46:30,2022-01-03 18:28:00,2490.0,R,R19,S1C,4,-1,150.1225157000896,163.95208167875563,157.39219562831371,14.98064267013981,2.01424662879807,12.96639604134174,3.9500000000000006,4.996401550541707,1.3352177034055868,3.7420126604058335
2022-01-03 18:18:45.000000,2022-01-03 17:56:30,2022-01-03 18:41:00,2670.0,R,R12,S1C,4,1,265.2873100874616,246.99925077431038,256.17943206866715,2.105751805432334,14.952605600008445,12.846853794576111,3.88,15.149294961852112,3.376993164807919,4.4860306854407845
2022-01-03 18:18:45.000000,2022-01-03 17:56:30,2022-01-03 18:41:00,2670.0,R,R12,S1P,4,1,265.2873100874616,246.99925077431038,256.17943206866715,2.105751805432334,14.952605600008445,12.846853794576111,4.04,11.562454127630696,2.758274005735221,4.191916431648607
2022-01-03 18:30:00.000000,2022-01-03 18:25:00,2022-01-03 18:35:00,600.0,E,E07,S1X,3,1,218.6430530673394,220.6521912335518,219.62429799895827,12.68620225061263,14.9675527644495,2.2813505138368697,4.140000000000002,2.635976511650781,1.5737482325409937,1.6749670990223768
2022-01-03 18:47:36.486486,2022-01-03 18:28:30,2022-01-03 19:06:00,2250.0,G,G24,S1C,4,1,235.6588120883737,230.29589634370294,232.69981963663065,2.0703598347610352,14.959709055298019,12.889349220536984,3.8899999999999992,5.904243241221716,1.2688165892777339,4.653346505015882
2022-01-03 19:00:24.600000,2022-01-03 18:35:30,2022-01-03 19:27:30,3120.0,G,G21,S1C,4,-1,130.18749080022306,148.98983712573008,139.73569733841225,10.999241116882017,2.0097481740399834,8.989492942842034,3.9700000000000006,7.14980467334402,1.601946309627668,4.463198691725075
2022-01-03 19:24:45.000000,2022-01-03 19:07:00,2022-01-03 19:42:30,2130.0,C,C22,S1X,4,-1,256.80701755320337,269.87615060069277,263.46863381235835,14.976899572956258,8.7199721947443,6.256927378211959,4.100000000000001,3.6497394130585143,1.1802247033010935,3.0924106255784833
2022-01-03 19:24:45.000000,2022-01-03 19:07:00,2022-01-03 19:42:30,2130.0,C,C22,S2I,4,-1,256.80701755320337,269.87615060069277,263.46863381235835,14.976899572956258,8.7199721947443,6.256927378211959,1.56,3.659604419100418,1.507049547370646,2.428323889871664
2022-01-03 19:31:37.200000,2022-01-03 19:21:00,2022-01-03 19:39:00,1080.0,C,C21,S2I,3,1,215.4634477811643,221.66881146313884,219.10911995430664,2.0201646977784753,2.5203667600651274,0.5002020622866521,9.999999999999998,2.2860165624062985,0.6567557595845241,3.4807712441722245
2022-01-03 19:31:53.750000,2022-01-03 19:21:00,2022-01-03 19:39:00,1080.0,C,C21,S1X,3,1,215.4634477811643,221.66881146313884,219.2044768992564,2.0201646977784753,2.5203667600651274,0.5002020622866521,9.99,1.4503864386275702,0.43403213390555645,3.3416568159977946
2022-01-03 19:36:15.000000,2022-01-03 19:16:30,2022-01-03 19:56:00,2370.0,C,C28,S1X,4,-1,140.33204007050045,144.03664679752586,142.6013365693472,14.873493474920727,2.1076412945909375,12.765852180329789,3.96,7.340581116581154,1.8118911713720605,4.051336654520191
2022-01-03 19:36:15.000000,2022-01-03 19:16:30,2022-01-03 19:56:00,2370.0,C,C28,S2I,4,-1,140.33204007050045,144.03664679752586,142.6013365693472,14.873493474920727,2.1076412945909375,12.765852180329789,4.09,11.700113078689922,2.3995389516345704,4.875983809606335
2022-01-03 19:44:00.000000,2022-01-03 19:14:30,2022-01-03 20:13:30,3540.0,R,R03,S1C,3,1,195.3683006399508,220.7842526438727,207.4008569834613,2.0884310862676783,10.520716810904558,8.43228572463688,4.179999999999999,18.891589653875787,3.7208955444563396,5.077162050953526
2022-01-03 19:44:00.000000,2022-01-03 19:14:30,2022-01-03 20:13:30,3540.0,R,R03,S1P,3,1,195.3683006399508,220.7842526438727,207.4008569834613,2.0884310862676783,10.520716810904558,8.43228572463688,4.199999999999998,15.481739625818529,2.7299806418604815,5.671007108412214
2022-01-03 19:44:26.842105,2022-01-03 19:39:30,2022-01-03 19:57:00,1050.0,C,C21,S1X,4,-1,221.8440027453258,228.0159518218907,223.5839841001439,2.519838131434658,2.02130254618615,0.49853558524850783,9.99,0.6491037975305877,0.2951533552813718,2.19920860093829
2022-01-03 19:44:26.842105,2022-01-03 19:39:30,2022-01-03 19:57:00,1050.0,C,C21,S2I,4,-1,221.8440027453258,228.0159518218907,223.5839841001439,2.519838131434658,2.02130254618615,0.49853558524850783,10.000000000000004,0.5810169641948516,0.26352976166495146,2.204748945713196
2022-01-03 19:50:58.941176,2022-01-03 19:29:30,2022-01-03 20:12:00,2550.0,C,C45,S2I,4,1,242.5573212601112,233.96004900401948,238.0081639643431,2.0683882583558066,14.871284742814476,12.80289648445867,4.19,10.335111624548345,2.0498185444729105,5.041964154542232
2022-01-03 19:51:13.571428,2022-01-03 19:29:30,2022-01-03 20:12:00,2550.0,C,C45,S1X,4,1,242.5573212601112,233.96004900401948,237.9567300805512,2.0683882583558066,14.871284742814476,12.80289648445867,4.159999999999999,8.745062840035702,1.8776969874967817,4.6573344358900135
2022-01-03 19:53:00.000000,2022-01-03 19:41:30,2022-01-03 20:04:30,1380.0,G,G12,S1C,2,1,269.9839499358448,262.44618356869836,266.2295009783645,8.308005026941078,14.925025307869484,6.617020280928406,1.4700000000000002,3.8215703525726257,1.8976403196753373,2.0138538968367032
2022-01-03 20:01:48.139535,2022-01-03 19:50:30,2022-01-03 20:19:00,1710.0,R,R20,S1P,4,-1,153.27585531285413,156.47226750229237,154.8648361800412,14.847834743460632,2.3870056339386974,12.460829109521935,4.140000000000001,2.563330849621732,0.9775090923214282,2.622308958307723
2022-01-03 20:02:43.695652,2022-01-03 19:50:30,2022-01-03 20:19:00,1710.0,R,R20,S1C,4,-1,153.27585531285413,156.47226750229237,154.95870555459445,14.847834743460632,2.3870056339386974,12.460829109521935,4.120000000000001,3.196418853178488,1.3059214654776787,2.447634821600321
2022-01-03 20:05:08.971962,2022-01-03 19:38:30,2022-01-03 20:32:30,3240.0,G,G01,S1C,4,-1,134.95220560312623,150.81496674371496,143.5428304314641,14.927652238257053,2.2837803553053573,12.643871882951697,4.22,6.716151856944453,1.5353028635892594,4.374480121298875
2022-01-03 20:09:45.000000,2022-01-03 20:07:30,2022-01-03 20:12:00,270.0,R,R02,S1C,4,-1,267.9857232153703,269.9838478976094,268.98896720749553,14.862851936672051,13.564541835666729,1.2983101010053222,6.580000000000005,5.7736982051443615,3.3664430348859877,1.715073787173084
2022-01-03 20:09:45.000000,2022-01-03 20:07:30,2022-01-03 20:12:00,270.0,R,R02,S1P,4,-1,267.9857232153703,269.9838478976094,268.98896720749553,14.862851936672051,13.564541835666729,1.2983101010053222,10.000000000000007,3.867111858693955,1.3497193348371075,2.865122962145802
2022-01-03 20:44:30.000000,2022-01-03 20:14:00,2022-01-03 21:15:00,3660.0,R,R03,S1C,4,-1,221.02580765671217,249.13319439628313,235.44792094837572,10.519858309832818,2.0043420330002086,8.51551627683261,4.12,21.882333489105914,4.665590511746716,4.69015303293592
2022-01-03 20:44:30.000000,2022-01-03 20:14:00,2022-01-03 21:15:00,3660.0,R,R03,S1P,4,-1,221.02580765671217,249.13319439628313,235.44792094837572,10.519858309832818,2.0043420330002086,8.51551627683261,4.12,16.298950550164847,3.5052395213009357,4.649882112511286
2022-01-03 20:58:02.022472,2022-01-03 20:36:00,2022-01-03 21:20:30,2670.0,E,E11,S1X,4,-1,142.7839228583108,147.6650134936129,145.68474080922815,14.897046714975316,2.4378877111197528,12.459159003855563,4.25,7.175156430966086,1.4836078700555864,4.836289005865987
2022-01-03 21:07:48.947368,2022-01-03 21:03:00,2022-01-03 21:12:30,570.0,R,R04,S1C,3,1,198.04860302460685,202.30453478550828,200.20232494989892,2.003929957078138,2.2065030278981355,0.20257307081999754,9.98999999999999,0.3202684345214345,0.1071976877376523,2.987643122538574
2022-01-03 21:07:48.947368,2022-01-03 21:03:00,2022-01-03 21:12:30,570.0,R,R04,S1P,3,1,198.04860302460685,202.30453478550828,200.20232494989892,2.003929957078138,2.2065030278981355,0.20257307081999754,9.98999999999999,0.11992248893473317,0.04078456414301548,2.9403891264894244
2022-01-03 21:16:36.428571,2022-01-03 21:13:00,2022-01-03 21:21:00,480.0,R,R04,S1P,4,-1,202.52963927980622,206.135425213098,204.1552108380941,2.20543951281833,2.030078854551388,0.17536065826694225,10.000000000000005,0.06674318081763803,0.022641594281613026,2.9478127727003476
2022-01-03 21:16:38.000000,2022-01-03 21:13:00,2022-01-03 21:21:00,480.0,R,R04,S1C,4,-1,202.52963927980622,206.135425213098,204.16701217635395,2.20543951281833,2.030078854551388,0.17536065826694225,10.000000000000005,0.07629202034520104,0.02446364552971526,3.1185875487171932
2022-01-03 21:27:39.750000,2022-01-03 21:07:00,2022-01-03 21:47:30,2430.0,G,G25,S1C,5,1,250.75160400656742,240.35907768345862,245.3290203838282,2.3959922711860946,14.881230220901555,12.485237949715462,4.369999999999999,4.924038161113202,1.3837521716194932,3.5584682446064653
2022-01-03 21:30:45.000000,2022-01-03 21:26:00,2022-01-03 21:35:30,570.0,E,E27,S1X,1,1,238.99573256651297,236.96918545236298,237.97404409140117,12.386764340632382,14.870416887402447,2.483652546770065,5.400000000000002,4.871188145177628,2.656873435145813,1.8334287515318886
2022-01-03 21:45:34.468085,2022-01-03 21:34:00,2022-01-03 22:00:00,1560.0,G,G32,S1C,3,1,217.03499002753574,226.99080868548745,221.4175366931564,2.3123389421251033,3.355229096805667,1.0428901546805638,9.99,3.8308342547764656,1.4041408429593767,2.728240741649943
2022-01-03 21:51:30.000000,2022-01-03 21:32:30,2022-01-03 22:10:30,2280.0,C,C27,S1X,4,-1,134.6158447428478,130.47293574509268,132.806001168283,14.911262235914776,2.282181771433821,12.629080464480955,4.37,6.890110880733119,1.6658695780698454,4.136044604834146
2022-01-03 21:51:30.000000,2022-01-03 21:32:30,2022-01-03 22:10:30,2280.0,C,C27,S2I,4,-1,134.6158447428478,130.47293574509268,132.806001168283,14.911262235914776,2.282181771433821,12.629080464480955,4.300000000000001,10.691010030857193,2.5215618901276304,4.239836457203142
2022-01-03 22:00:00.000000,2022-01-03 21:45:30,2022-01-03 22:14:30,1740.0,R,R21,S1C,5,-1,147.93950302538235,144.27246006272787,146.31526518863302,14.894687898741097,2.176281670890662,12.718406227850435,4.430000000000001,21.682903999447586,5.209553342196086,4.162142620524001
2022-01-03 22:00:00.000000,2022-01-03 21:45:30,2022-01-03 22:14:30,1740.0,R,R21,S1P,5,-1,147.93950302538235,144.27246006272787,146.31526518863302,14.894687898741097,2.176281670890662,12.718406227850435,4.46,17.489820162428238,4.277235547502589,4.089047696388914
2022-01-03 22:13:45.000000,2022-01-03 22:00:30,2022-01-03 22:27:00,1590.0,G,G32,S1C,4,-1,227.18664560702655,237.58510871657762,232.39146531379967,3.3523176226104203,2.0248400415968115,1.3274775810136088,5.300000000000001,5.613840220626552,3.112413084357493,1.8036938119945727
2022-01-03 22:19:59.200000,2022-01-03 22:00:30,2022-01-03 22:38:30,2280.0,C,C26,S2I,4,1,222.15342437605506,222.1975855418136,221.82963355716183,2.1347479873612825,14.895286238300894,12.76053825093961,4.41,9.30024375823787,2.15591936497862,4.313817997701459
2022-01-03 22:20:15.000000,2022-01-03 22:02:00,2022-01-03 22:38:30,2190.0,C,C26,S1X,4,1,222.08087878484534,222.1975855418136,221.82525801407175,2.632063448559999,14.895286238300894,12.263222789740896,4.419999999999999,6.518288492061058,1.5723075696461732,4.145682828155506
2022-01-03 22:23:15.000000,2022-01-03 22:08:30,2022-01-03 22:38:00,1770.0,R,R14,S1C,5,1,217.2487207644728,213.8171144078674,215.3158454555776,2.1227006337575127,14.951153105185574,12.828452471428061,4.49,12.096763180838485,2.8097366210154893,4.305301461482356
2022-01-03 22:23:15.000000,2022-01-03 22:08:30,2022-01-03 22:38:00,1770.0,R,R14,S1P,5,1,217.2487207644728,213.8171144078674,215.3158454555776,2.1227006337575127,14.951153105185574,12.828452471428061,4.500000000000001,11.123118350856565,2.6034229131719133,4.272497677799329
2022-01-03 23:24:45.000000,2022-01-03 23:03:30,2022-01-03 23:46:00,2550.0,E,E36,S1X,4,-1,137.8888849623408,133.64276759843023,136.08318338898803,14.886165827750848,2.162320314457347,12.7238455132935,4.46,9.459120762356465,2.054387508212419,4.604350797765079
2022-01-03 23:36:29.354838,2022-01-03 23:12:30,2022-01-03 23:59:30,2820.0,G,G31,S1C,5,1,211.9279831904327,224.4303127823429,217.67410940861788,2.057458491607987,14.262602402989918,12.205143911381931,4.58,8.886073695833256,1.9425677038003064,4.574395877399357
2022-01-03 23:38:27.600000,2022-01-03 23:25:30,2022-01-03 23:55:00,1770.0,R,R22,S1C,5,-1,139.05535556072797,130.54612984803958,135.4314024364853,14.932883944264615,3.7237829760766123,11.209100968188004,4.679999999999999,4.124252378562869,1.0798170050913627,3.81939936037025
2022-01-03 23:38:27.600000,2022-01-03 23:25:30,2022-01-03 23:55:00,1770.0,R,R22,S1P,4,-1,139.05535556072797,130.54612984803958,135.4314024364853,14.932883944264615,3.7237829760766123,11.209100968188004,4.629999999999999,2.9823255643312905,0.7861434870615439,3.793614796045263
2022-01-03 23:53:00.000000,2022-01-03 23:46:30,2022-01-03 23:59:30,780.0,G,G06,S1C,5,-1,136.63518864424574,135.74204349837913,136.22758993994663,14.855899304732064,9.813184724211043,5.042714580521022,5.659999999999999,2.3089372477104058,1.1966911709570067,1.929434513888762
2022-01-03 23:55:30.000000,2022-01-03 23:51:30,2022-01-03 23:59:30,480.0,R,R07,S1C,5,1,130.05350695407708,133.9216085045069,131.98491584284687,9.616701096733442,10.21711605641564,0.6004149596821975,10.000000000000005,4.37518946724576,1.3359924037899518,3.274861035762026
2022-01-03 23:55:30.000000,2022-01-03 23:51:30,2022-01-03 23:59:30,480.0,R,R07,S1P,5,1,130.05350695407708,133.9216085045069,131.98491584284687,9.616701096733442,10.21711605641564,0.6004149596821975,10.000000000000005,3.6120628438343227,1.0315819807917057,3.5014791951505218
2022-01-03 23:55:45.000000,2022-01-03 23:52:00,2022-01-03 23:59:30,450.0,R,R15,S1C,5,1,206.81244472819102,207.06230995639373,206.9202807125745,2.1245682057938007,5.397586877837475,3.2730186720436745,4.53,36.48874472990991,11.677314640844894,3.124754779003696
2022-01-03 23:55:45.000000,2022-01-03 23:52:00,2022-01-03 23:59:30,450.0,R,R15,S1P,5,1,206.81244472819102,207.06230995639373,206.9202807125745,2.1245682057938007,5.397586877837475,3.2730186720436745,4.540000000000001,28.261376391849957,8.911391164304373,3.1713764855317126
2022-01-04 00:01:30.000000,2022-01-04 00:00:00,2022-01-04 00:03:00,180.0,G,G31,S1C,1,1,224.60375393518444,225.66145935808245,225.1305854776344,14.362257804402958,14.943235561384693,0.5809777569817349,9.989999999999995,0.5495050071046113,0.15677637087198212,3.5050244118312768
2022-01-04 00:05:15.000000,2022-01-04 00:00:00,2022-01-04 00:10:30,630.0,R,R07,S1C,1,1,134.16428725175314,139.26112352636864,136.7137954809592,10.244289490793248,10.524222415589016,0.2799329247957676,9.999999999999993,0.25937731130002506,0.0642427772381395,4.037454830736031
2022-01-04 00:05:15.000000,2022-01-04 00:00:00,2022-01-04 00:10:30,630.0,R,R07,S1P,1,1,134.16428725175314,139.26112352636864,136.7137954809592,10.244289490793248,10.524222415589016,0.2799329247957676,9.999999999999993,0.1857243053919869,0.05022637159528374,3.6977448199627947
2022-01-04 00:09:49.500000,2022-01-04 00:00:00,2022-01-04 00:20:00,1200.0,G,G06,S1C,1,-1,135.69822459435258,133.43213737074015,134.66418132294854,9.621991978379311,2.157581500277367,7.464410478101945,4.489999999999999,8.632265422573823,2.2054360352584554,3.9140855978451476
2022-01-04 00:10:30.000000,2022-01-04 00:00:00,2022-01-04 00:21:00,1260.0,R,R15,S1C,1,1,207.0868971678078,209.11562576960796,207.93622545353486,5.616259392314988,14.788846397918169,9.17258700560318,4.57,9.265858408563691,3.435926900081869,2.696756560316493
2022-01-04 00:10:30.000000,2022-01-04 00:00:00,2022-01-04 00:21:00,1260.0,R,R15,S1P,1,1,207.0868971678078,209.11562576960796,207.93622545353486,5.616259392314988,14.788846397918169,9.17258700560318,4.550000000000001,8.40248981597535,2.3432802953206413,3.585780938266116
2022-01-04 00:16:15.000000,2022-01-04 00:14:30,2022-01-04 00:18:00,210.0,E,E21,S1X,1,1,221.25070126902196,221.25532373239824,221.25057280788104,13.79442064652615,14.866278759584016,1.071858113057866,6.309999999999993,1.510741300140432,0.7549655610013767,2.001073132576543
2022-01-04 00:24:45.000000,2022-01-04 00:02:00,2022-01-04 00:47:30,2730.0,C,C24,S1X,1,1,213.76192804488417,222.2088514036063,217.43861192749884,2.334870830305909,14.90701377562086,12.572142945314951,4.539999999999999,8.22732671073594,1.3972666600690646,5.888157891299915
2022-01-04 00:24:45.000000,2022-01-04 00:02:00,2022-01-04 00:47:30,2730.0,C,C24,S2I,1,1,213.76192804488417,222.2088514036063,217.43861192749884,2.334870830305909,14.90701377562086,12.572142945314951,4.57,10.110329345205088,1.7871454757158574,5.657250337248177
2022-01-04 00:32:00.000000,2022-01-04 00:00:00,2022-01-04 01:04:00,3840.0,C,C32,S1X,1,-1,130.04410877988053,150.6470247047827,140.95506608213816,9.835461304645804,2.125221316273195,7.710239988372609,4.53,10.147151411801197,2.2670617324603635,4.475904324311824
2022-01-04 00:32:15.000000,2022-01-04 00:00:00,2022-01-04 01:04:30,3870.0,C,C32,S2I,1,-1,130.04410877988053,150.7748999062644,141.0306578440554,9.835461304645804,2.0198139575960927,7.815647347049712,4.420000000000001,12.22103224359079,2.912414418141941,4.196185875012784
2022-01-04 00:40:15.000000,2022-01-04 00:11:00,2022-01-04 01:09:30,3510.0,R,R07,S1C,2,-1,139.50310886091927,164.6810432925195,152.76942299831458,10.523522681888164,2.0655879709712437,8.45793471091692,4.37,19.759452733993836,3.5606571339774424,5.549383720617178
2022-01-04 00:40:15.000000,2022-01-04 00:11:00,2022-01-04 01:09:30,3510.0,R,R07,S1P,2,-1,139.50310886091927,164.6810432925195,152.76942299831458,10.523522681888164,2.0655879709712437,8.45793471091692,4.37,15.69211488127325,2.56651306583768,6.114176892433441
2022-01-04 00:47:45.000000,2022-01-04 00:45:30,2022-01-04 00:50:00,270.0,C,C44,S1X,1,1,269.91435540334703,268.4836233256543,269.1996008399647,13.829378355751452,14.999585992491031,1.1702076367395797,8.15,3.4157651140627734,1.5063729729418833,2.2675427503136407
2022-01-04 00:47:45.000000,2022-01-04 00:45:30,2022-01-04 00:50:00,270.0,C,C44,S2I,1,1,269.91435540334703,268.4836233256543,269.1996008399647,13.829378355751452,14.999585992491031,1.1702076367395797,7.170000000000004,7.6439872473428725,4.160612285095828,1.837226524260675
2022-01-04 01:05:40.588235,2022-01-04 00:48:00,2022-01-04 01:22:30,2070.0,G,G26,S1C,1,1,220.42649187538626,222.3460031415103,221.07558789159552,2.3904889137206182,14.842374723220473,12.451885809499855,4.549999999999999,5.556502594834918,1.5341563399786502,3.6218620293367523
2022-01-04 01:42:00.000000,2022-01-04 01:39:00,2022-01-04 01:45:00,360.0,G,G31,S1C,2,-1,267.4033856532287,269.9403482992037,268.6759644990434,14.991854557745478,13.890667960848052,1.101186596897426,8.409999999999991,2.76228985350681,1.2752699361443165,2.1660432628549118
2022-01-04 02:05:15.000000,2022-01-04 01:42:00,2022-01-04 02:28:30,2790.0,R,R18,S1C,1,1,269.41496048124225,249.491299243473,259.52637234172994,2.026140081517586,14.984942493509575,12.95880241199199,4.56,14.625203677291301,2.937651195007718,4.978536492741398
2022-01-04 02:05:15.000000,2022-01-04 01:42:00,2022-01-04 02:28:30,2790.0,R,R18,S1P,1,1,269.41496048124225,249.491299243473,259.52637234172994,2.026140081517586,14.984942493509575,12.95880241199199,4.51,10.976960178736705,2.3549542101103853,4.661220218894267
2022-01-04 02:07:15.000000,2022-01-04 02:02:30,2022-01-04 02:12:00,570.0,C,C12,S2I,1,1,254.55719627262653,251.6555609200127,253.10434608159173,12.375140466005751,14.888922162578995,2.5137816965732434,8.9,2.5295210132125816,1.2176794826324442,2.0773290913501548
2022-01-04 02:23:30.000000,2022-01-04 02:05:00,2022-01-04 02:42:00,2220.0,R,R08,S1C,2,-1,149.71704978890568,160.64138682471406,155.70060848916563,14.91849088661447,2.300552705775777,12.617938180838692,4.549999999999999,18.001550986745542,3.983672944482104,4.518832554183443
2022-01-04 02:23:30.000000,2022-01-04 02:05:00,2022-01-04 02:42:00,2220.0,R,R08,S1P,2,-1,149.71704978890568,160.64138682471406,155.70060848916563,14.91849088661447,2.300552705775777,12.617938180838692,4.549999999999999,12.551591718888575,2.9953809327031413,4.190315689684771
2022-01-04 02:30:30.000000,2022-01-04 01:53:30,2022-01-04 03:07:30,4440.0,E,E05,S1X,2,-1,130.0150919632043,150.67216621316288,141.03568400478716,9.647936056583136,2.027241470756251,7.620694585826885,4.53,12.282973459703177,2.493546061108171,4.92590598236009
2022-01-04 02:32:08.750000,2022-01-04 02:13:00,2022-01-04 02:50:00,2220.0,G,G16,S1C,1,1,214.64317708319354,219.65029538222663,216.81095222735664,2.3671353879216332,14.913133303861741,12.545997915940108,4.59,4.213326805399504,1.2261659084580543,3.436180027789149
2022-01-04 02:36:30.000000,2022-01-04 02:26:30,2022-01-04 02:46:30,1200.0,E,E01,S1X,1,1,215.45759486166529,219.46702296730905,217.36663704155157,10.350525245613627,14.972599484604089,4.6220742389904625,5.62,2.770346142238405,1.203842026596915,2.3012538863340466
2022-01-04 02:37:45.000000,2022-01-04 02:20:30,2022-01-04 02:55:00,2070.0,G,G20,S1C,2,-1,136.6089522866756,136.506839222778,136.85823441193781,14.925277607255547,2.167213823671434,12.758063783584113,4.470000000000001,8.410894413010658,1.9949774122454103,4.216034909159162
2022-01-04 02:45:45.000000,2022-01-04 02:42:30,2022-01-04 02:49:00,390.0,E,E26,S1X,1,1,269.90764979721814,267.85169973459756,268.880528120215,13.51053322886408,14.912300731960755,1.401767503096675,10.0,2.7837058244933446,1.3369913540609346,2.0820671846816405
2022-01-04 02:55:28.255814,2022-01-04 02:33:30,2022-01-04 03:17:00,2610.0,C,C25,S2I,1,1,212.74069593155195,227.24748443084897,219.89106220607414,2.0529559157622974,4.977369636571707,2.9244137208094094,4.300000000000001,22.57440205938975,7.250735976629585,3.1133945756887402
2022-01-04 02:56:14.819277,2022-01-04 02:35:00,2022-01-04 03:17:00,2520.0,C,C25,S1X,1,1,213.19896932332398,227.24748443084897,220.1440258773977,2.2476908346253306,4.977369636571707,2.7296788019463762,4.27,16.208132104262468,6.221864991667733,2.605027933902175
2022-01-04 03:00:02.168674,2022-01-04 02:39:30,2022-01-04 03:21:00,2490.0,C,C20,S1X,2,-1,140.30003839776384,146.17925420453795,143.6836465143612,14.93855454720569,2.2382326336279736,12.700321913577717,4.5200000000000005,6.630353371822107,1.8176199460284423,3.647821639672056
2022-01-04 03:00:02.168674,2022-01-04 02:39:30,2022-01-04 03:21:00,2490.0,C,C20,S2I,2,-1,140.30003839776384,146.17925420453795,143.6836465143612,14.93855454720569,2.2382326336279736,12.700321913577717,4.55,9.657760451873248,2.1651957816252674,4.460455970694629
2022-01-04 03:17:30.000000,2022-01-04 02:56:00,2022-01-04 03:39:00,2580.0,C,C34,S1X,1,1,246.72203005673668,236.7714420700899,241.58049175767673,2.5033964424975874,14.989913654759555,12.486517212261967,4.69,5.831273257920015,1.6207852866762786,3.597807375138581
2022-01-04 03:17:30.000000,2022-01-04 02:56:00,2022-01-04 03:39:00,2580.0,C,C34,S2I,1,1,246.72203005673668,236.7714420700899,241.58049175767673,2.5033964424975874,14.989913654759555,12.486517212261967,4.560000000000001,7.910254866731539,2.1562431762495615,3.66853560575211
2022-01-04 03:36:45.000000,2022-01-04 03:19:30,2022-01-04 03:54:00,2070.0,G,G27,S1C,1,1,229.00533526210552,225.1237157835595,226.83426469839077,2.4339680801550014,14.903210461532344,12.469242381377343,4.67,5.289505614711839,1.3680987745025712,3.866318509520672
2022-01-04 03:39:45.000000,2022-01-04 03:17:30,2022-01-04 04:02:00,2670.0,C,C25,S1X,2,-1,227.4243310552728,243.21355122425183,235.34222372246919,4.977131769350677,2.061949163877169,2.9151826054735084,4.28,13.473414959614304,4.38753350430077,3.0708403585767097
2022-01-04 03:39:45.000000,2022-01-04 03:17:30,2022-01-04 04:02:00,2670.0,C,C25,S2I,2,-1,227.4243310552728,243.21355122425183,235.34222372246919,4.977131769350677,2.061949163877169,2.9151826054735084,4.3500000000000005,19.20073371322427,6.379958374174046,3.0095390262965487
2022-01-04 03:43:30.000000,2022-01-04 03:16:00,2022-01-04 04:11:00,3300.0,R,R09,S1C,1,1,196.7350345487777,220.30500780082568,207.9867810694691,2.0250396354887528,9.219401510449915,7.194361874961162,4.580000000000001,15.69763226627531,3.765323978783544,4.168999096685091
2022-01-04 03:43:30.000000,2022-01-04 03:16:00,2022-01-04 04:11:00,3300.0,R,R09,S1P,1,1,196.7350345487777,220.30500780082568,207.9867810694691,2.0250396354887528,9.219401510449915,7.194361874961162,4.610000000000001,13.512910143382353,2.783092740103362,4.855357476474353
2022-01-04 03:52:00.000000,2022-01-04 03:34:30,2022-01-04 04:09:30,2100.0,G,G05,S1C,2,-1,135.09613516859974,132.12268631602024,133.8663313338947,14.958713487816928,2.012782455526516,12.945931032290412,4.56,10.909658655006378,2.1813270911356857,5.001385944978282
2022-01-04 03:57:47.500000,2022-01-04 03:43:00,2022-01-04 04:13:00,1800.0,R,R01,S1C,2,-1,150.96926944221062,154.06080935431345,152.82851767862132,14.931981075671658,2.010524929777287,12.921456145894371,4.579999999999999,13.704205194895977,2.7309918761771415,5.018032208165776
2022-01-04 03:57:47.500000,2022-01-04 03:43:00,2022-01-04 04:13:00,1800.0,R,R01,S1P,2,-1,150.96926944221062,154.06080935431345,152.82851767862132,14.931981075671658,2.010524929777287,12.921456145894371,4.629999999999999,10.695801073361448,1.9071218899386286,5.608346865393926
2022-01-04 04:05:37.031250,2022-01-04 03:48:30,2022-01-04 04:21:30,1980.0,R,R19,S1C,1,1,239.0699849014896,227.47935770687727,232.9774891378149,3.758568578546158,14.948227722121052,11.189659143574893,4.760000000000001,2.7682905935909736,0.9620177630908467,2.877587815735118
2022-01-04 04:07:13.448275,2022-01-04 03:52:30,2022-01-04 04:21:30,1740.0,R,R19,S1P,1,1,237.61524102271525,227.47935770687727,232.40703152180652,5.035836616651628,14.948227722121052,9.912391105469425,4.750000000000001,2.2945836086461897,0.7532663461885158,3.0461783142930123
2022-01-04 04:23:41.842105,2022-01-04 04:04:00,2022-01-04 04:42:30,2310.0,C,C11,S2I,1,1,235.93326459558864,228.79790360486038,232.07625999922487,2.7360183179542608,14.967135253490712,12.231116935536452,4.7200000000000015,6.703232849113087,1.4004454974808291,4.786500339478473
2022-01-04 04:39:45.000000,2022-01-04 04:11:30,2022-01-04 05:08:00,3390.0,R,R09,S1C,2,-1,220.54156775082754,246.3385813295758,233.70716262854933,9.21910078370994,2.1015015015487752,7.117599282161166,4.64,16.01731981988549,3.732134777235562,4.291731348391902
2022-01-04 04:39:45.000000,2022-01-04 04:11:30,2022-01-04 05:08:00,3390.0,R,R09,S1P,2,-1,220.54156775082754,246.3385813295758,233.70716262854933,9.21910078370994,2.1015015015487752,7.117599282161166,4.64,13.284798044096323,2.825205105256931,4.702241978600761
2022-01-04 04:41:45.000000,2022-01-04 04:15:30,2022-01-04 05:08:00,3150.0,G,G13,S1C,2,-1,134.32639143885663,149.26778980779562,142.53847047881396,14.993571605782723,2.148013153752402,12.845558452030321,4.6,7.775990919839392,1.8462438265250585,4.2117898016076865
2022-01-04 04:53:55.522388,2022-01-04 04:36:30,2022-01-04 05:10:30,2040.0,G,G08,S1C,1,1,220.5260010742081,221.14777173603605,220.5287546258801,2.236209887765706,14.901576923074385,12.66536703530868,4.83,5.108929139629906,1.473773852248257,3.466562479607154
2022-01-04 05:09:35.200000,2022-01-04 04:51:00,2022-01-04 05:28:30,2250.0,C,C19,S1X,2,-1,137.21754081926454,135.00963142224813,136.42068682593197,14.937629545424954,2.1686201060744046,12.76900943935055,4.7700000000000005,8.159594237727479,1.7603299015041451,4.635264236979312
2022-01-04 05:09:45.000000,2022-01-04 04:51:00,2022-01-04 05:28:30,2250.0,C,C19,S2I,2,-1,137.21754081926454,135.00963142224813,136.41043693443638,14.937629545424954,2.1686201060744046,12.76900943935055,4.78,11.369205789566552,2.2341638612175276,5.088796747151214
2022-01-04 05:12:45.000000,2022-01-04 05:11:30,2022-01-04 05:14:00,150.0,E,E01,S1X,2,-1,269.1106962648352,269.91744483583193,269.514630391748,14.956443745389501,14.449416573422434,0.5070271719670671,9.989999999999995,4.160587449173318,1.1581559763943088,3.592424106920805
2022-01-04 05:15:00.000000,2022-01-04 04:52:00,2022-01-04 05:38:00,2760.0,E,E03,S1X,2,-1,140.0770652182042,144.2944596830805,142.6766487803328,14.872610222894828,2.1018786452185125,12.770731577676315,4.73,10.603291828762389,2.3704038301331196,4.4732005972868
2022-01-04 05:30:45.000000,2022-01-04 05:11:30,2022-01-04 05:50:00,2310.0,E,E33,S1X,1,1,241.74600268888884,233.25974141560266,237.35871416207877,5.0338181763165375,14.987750150540503,9.953931974223966,4.729999999999999,6.228929866627244,1.3165826003684573,4.731134882751771
2022-01-04 05:34:57.600000,2022-01-04 05:16:00,2022-01-04 05:53:30,2250.0,C,C43,S1X,1,1,226.17816531543272,223.7178416034176,224.6441147877195,2.205085618573779,14.85019839630364,12.64511277772986,4.89,5.437448309892552,1.2525954969137747,4.340945120184199
2022-01-04 05:34:57.600000,2022-01-04 05:16:00,2022-01-04 05:53:30,2250.0,C,C43,S2I,1,1,226.17816531543272,223.7178416034176,224.6441147877195,2.205085618573779,14.85019839630364,12.64511277772986,4.409999999999999,6.947840502772426,2.001446789138478,3.471409052929716
2022-01-04 05:53:45.000000,2022-01-04 05:35:30,2022-01-04 06:12:00,2190.0,G,G15,S1C,2,-1,137.29161118389857,140.15144111358447,139.0843302220713,14.86493545362864,2.146616838958331,12.71831861467031,4.8199999999999985,9.331381610771992,2.436279765252884,3.83017654370388
2022-01-04 05:55:30.000000,2022-01-04 05:41:00,2022-01-04 06:10:00,1740.0,R,R02,S1C,2,-1,147.0376161517262,143.70194132373035,145.58248453467044,14.812615865656804,2.124196355847411,12.688419509809393,4.730000000000001,17.846538193267413,4.313913371647375,4.136971852648091
2022-01-04 05:55:30.000000,2022-01-04 05:41:00,2022-01-04 06:10:00,1740.0,R,R02,S1P,2,-1,147.0376161517262,143.70194132373035,145.58248453467044,14.812615865656804,2.124196355847411,12.688419509809393,4.770000000000001,15.34919437820087,3.5929495767292767,4.272031669359943
2022-01-04 06:16:33.529411,2022-01-04 05:58:30,2022-01-04 06:34:00,2130.0,G,G21,S1C,1,1,238.62397006031583,231.82269871108483,234.99583441251525,2.270360929542199,14.844468823645112,12.574107894102912,4.880000000000001,5.304434113463111,1.9663509288261567,2.6976029739664393
2022-01-04 07:14:26.619718,2022-01-04 06:56:00,2022-01-04 07:32:00,2160.0,G,G01,S1C,1,1,231.92474267289717,226.42964505271533,228.88709163087634,2.2947864585442783,14.978635388416583,12.683848929872305,5.0200000000000005,4.945768545974405,1.3792532111040958,3.5858307279308814
2022-01-04 07:18:33.600000,2022-01-04 07:04:00,2022-01-04 07:31:00,1620.0,G,G22,S1C,1,1,269.82053648297756,261.492568134815,265.3461860685933,6.9948679509975635,14.955022346797758,7.960154395800195,5.42,2.8390412910248446,1.1942080485026103,2.377342285194487
2022-01-04 07:25:00.000000,2022-01-04 07:19:30,2022-01-04 07:30:30,660.0,C,C36,S1X,2,1,130.16103558950266,134.04600671936862,132.10625436412647,3.8018836929913875,3.992045029552281,0.19016133656089362,9.99000000000001,0.06651907823045755,0.022498771405298778,2.95656491779775
2022-01-04 07:25:00.000000,2022-01-04 07:19:30,2022-01-04 07:30:30,660.0,C,C36,S2I,2,1,130.16103558950266,134.04600671936862,132.10625436412647,3.8018836929913875,3.992045029552281,0.19016133656089362,9.999999999999995,0.06150898285942804,0.0206709817578964,2.9756198123454567
2022-01-04 07:28:01.132075,2022-01-04 07:01:30,2022-01-04 07:57:00,3330.0,G,G24,S1C,3,-1,130.11444160941957,147.19438598761803,138.95819847476673,12.904058004256926,2.1124561072333505,10.791601897023575,4.92,5.496351332293379,1.611858349613948,3.4099468688484915
2022-01-04 07:40:45.000000,2022-01-04 07:29:30,2022-01-04 07:52:00,1350.0,R,R03,S1C,2,-1,136.48863456890624,130.0682242851012,133.33831227411542,14.97503361323694,6.461593712822706,8.513439900414234,3.63,9.020445893416085,3.774570672011824,2.3897938804807803
2022-01-04 07:40:45.000000,2022-01-04 07:29:30,2022-01-04 07:52:00,1350.0,R,R03,S1P,2,-1,136.48863456890624,130.0682242851012,133.33831227411542,14.97503361323694,6.461593712822706,8.513439900414234,5.0,7.032593131684294,2.92085797649689,2.4077148523732004
2022-01-04 07:46:00.000000,2022-01-04 07:29:30,2022-01-04 08:02:30,1980.0,E,E08,S1X,2,-1,133.73792525071192,130.022259309171,132.0553307512219,14.894697536210169,5.294037679166397,9.600659857043771,4.84,9.576802024027206,2.2753546778029365,4.208927125714961
2022-01-04 07:48:16.764706,2022-01-04 07:31:00,2022-01-04 08:06:30,2130.0,C,C36,S1X,3,-1,134.22161082463273,146.16802709355426,140.13779558610642,3.991976466664123,2.025752274189699,1.966224192474424,4.59,9.291836034735928,4.5389957864263435,2.0471127253571666
2022-01-04 07:48:38.028169,2022-01-04 07:31:00,2022-01-04 08:06:30,2130.0,C,C36,S2I,3,-1,134.22161082463273,146.16802709355426,140.25867690897826,3.991976466664123,2.025752274189699,1.966224192474424,4.73,13.641719368718608,5.581030446278064,2.4443011913357577
2022-01-04 07:53:00.000000,2022-01-04 07:32:30,2022-01-04 08:13:30,2460.0,C,C28,S2I,1,1,214.36287344329853,219.82068091850135,216.63370310731366,2.2851861586290583,14.955226175310957,12.670040016681899,5.05,9.062675195719347,1.9110230161664603,4.742316088845023
2022-01-04 07:53:00.000000,2022-01-04 07:44:30,2022-01-04 08:01:30,1020.0,R,R13,S1C,2,1,132.06767560328348,140.19157988774515,136.12758457171077,9.004209413303519,9.72349257079449,0.7192831574909704,9.059999999999997,2.2696547296569225,0.9349464744428708,2.427577184040826
2022-01-04 07:53:10.609756,2022-01-04 07:32:30,2022-01-04 08:13:30,2460.0,C,C28,S1X,1,1,214.36287344329853,219.82068091850135,216.6557778820444,2.2851861586290583,14.955226175310957,12.670040016681899,5.0,5.385339928969058,1.3546032886014194,3.975584567293671
2022-01-04 07:53:15.000000,2022-01-04 07:45:00,2022-01-04 08:01:30,990.0,R,R13,S1P,2,1,132.3055536355959,140.19157988774515,136.24699389935304,9.045284501818893,9.72349257079449,0.6782080689755965,10.000000000000012,1.5049088633664522,0.5268701803652897,2.856318158532086
2022-01-04 08:10:15.000000,2022-01-04 07:56:00,2022-01-04 08:24:30,1710.0,R,R21,S1C,1,1,205.25337150953447,207.4332863482183,206.0465524766365,2.1890085943306334,14.813702843389535,12.624694249058901,4.7299999999999995,11.53048467941759,4.287294856094177,2.689454555015636
2022-01-04 08:10:15.000000,2022-01-04 07:56:00,2022-01-04 08:24:30,1710.0,R,R21,S1P,1,1,205.25337150953447,207.4332863482183,206.0465524766365,2.1890085943306334,14.813702843389535,12.624694249058901,4.99,11.326642869920844,2.688310377819428,4.213294329172004
2022-01-04 08:12:10.227272,2022-01-04 07:49:30,2022-01-04 08:34:00,2670.0,G,G03,S1C,1,1,266.2434472426764,252.33819091980553,259.1472487877598,2.08112723682944,14.977987782819783,12.896860545990343,4.69,5.173748340003957,1.4105811133964983,3.6678134216232596
2022-01-04 08:24:24.512195,2022-01-04 08:02:00,2022-01-04 08:57:30,3330.0,R,R13,S1P,3,-1,140.43002932188926,164.2723955691578,150.61223012705202,9.722980343215033,2.2106090125106546,7.5123713307043785,5.06,3.4382651745733814,1.0895088885565258,3.1557935971763276
2022-01-04 08:25:39.418604,2022-01-04 08:02:00,2022-01-04 08:57:30,3330.0,R,R13,S1C,3,-1,140.43002932188926,164.2723955691578,151.13957477173037,9.722980343215033,2.2106090125106546,7.5123713307043785,4.76,2.7813368802094525,1.1083302036519513,2.5094839706117718
2022-01-04 09:15:54.146341,2022-01-04 08:44:00,2022-01-04 09:46:30,3750.0,G,G17,S1C,1,1,209.28823556332233,233.24031373122074,220.9002058837162,2.0607420213439585,9.540311209174439,7.47956918783048,4.71,8.190062383107097,1.5597397496909442,5.250915984368497
2022-01-04 09:48:21.600000,2022-01-04 09:28:30,2022-01-04 10:01:30,1980.0,R,R22,S1C,1,1,198.80921217751128,207.35835458475654,203.50564280003877,2.6553701034129054,14.909699153373714,12.254329049960809,6.31,2.016937160565258,0.8382082524958214,2.40624827369534
2022-01-04 09:58:00.000000,2022-01-04 09:55:30,2022-01-04 10:00:30,300.0,G,G25,S1C,3,1,130.02468095856082,131.94856538943702,130.987349118143,5.012589334041266,5.051418766735471,0.03882943269420469,10.000000000000082,0.0020442225110650965,0.0006813171442733493,3.0003978738056527
2022-01-04 09:58:15.000000,2022-01-04 09:55:00,2022-01-04 10:01:30,390.0,R,R22,S1P,1,1,205.24878098310006,207.35835458475654,206.28660311488002,12.69129926483239,14.909699153373714,2.218399888541324,3.579999999999999,1.1006989627602055,0.5559510147612595,1.9798488239703558
2022-01-04 10:01:25.000000,2022-01-04 09:45:30,2022-01-04 10:22:30,2220.0,G,G19,S1C,1,1,211.70827192818047,225.42875181563707,217.47528447963654,2.0852861103307543,4.328398401517956,2.2431122911872015,4.0600000000000005,8.823414428524957,4.3435742407540054,2.0313718471157736
2022-01-04 10:07:31.747572,2022-01-04 09:42:00,2022-01-04 10:33:30,3090.0,C,C45,S1X,3,-1,136.2864855886953,147.80631096822503,142.67519046328718,14.997415712877322,2.1027518378199352,12.894663875057386,4.87,6.9238540149739745,1.6652610345166279,4.157819027443796
2022-01-04 10:07:45.000000,2022-01-04 09:42:00,2022-01-04 10:33:30,3090.0,C,C45,S2I,3,-1,136.2864855886953,147.80631096822503,142.72023119564267,14.997415712877322,2.1027518378199352,12.894663875057386,4.8,10.259458088800388,2.1548077187219032,4.761194235412177
2022-01-04 10:19:08.372093,2022-01-04 09:47:00,2022-01-04 10:53:00,3960.0,G,G17,S1C,2,-1,233.45420690900073,260.7210051304261,247.0165183111359,9.539807219593284,2.0887695447613157,7.4510376748319675,4.8,10.515784098297045,3.100639495464766,3.3914887924501516
2022-01-04 10:20:00.000000,2022-01-04 09:56:00,2022-01-04 10:44:00,2880.0,C,C41,S1X,1,1,258.9006871981859,245.52228289244945,252.11605712190735,2.007086323195883,14.873566280388529,12.866479957192645,4.72,9.612539407611685,2.0611740115643826,4.663623427075909
2022-01-04 10:20:00.000000,2022-01-04 09:56:00,2022-01-04 10:44:00,2880.0,C,C41,S2I,1,1,258.9006871981859,245.52228289244945,252.11605712190735,2.007086323195883,14.873566280388529,12.866479957192645,4.680000000000001,11.345548123006312,2.3776688678829587,4.771710761014514
2022-01-04 10:20:02.837837,2022-01-04 10:01:00,2022-01-04 10:41:30,2430.0,G,G25,S1C,4,-1,132.14037353269381,146.87875537642097,139.2317569984209,5.050648081584002,2.1621516716418268,2.888496409942175,5.080000000000002,8.166736943712321,3.6580620354868048,2.232531013549505
2022-01-04 10:20:30.000000,2022-01-04 09:43:00,2022-01-04 10:58:00,4500.0,C,C27,S2I,1,1,209.3221404748825,233.48119903472644,220.55036856816906,2.0333499938953867,11.00771028833111,8.974360294435723,4.64,10.795760583253957,2.2653859764334285,4.765528124373116
2022-01-04 10:20:45.000000,2022-01-04 09:43:30,2022-01-04 10:58:00,4470.0,C,C27,S1X,1,1,209.4438394998858,233.48119903472644,220.62531152256423,2.144720517968914,11.00771028833111,8.862989770362196,4.6800000000000015,6.845640029942508,1.2755279716227237,5.366907023789922
2022-01-04 10:22:45.000000,2022-01-04 10:00:30,2022-01-04 10:45:00,2670.0,R,R07,S1C,3,1,263.95659331204155,245.6641201529544,254.8377084473672,2.02237516557759,14.96894521207366,12.94657004649607,4.63,13.752273962736218,3.4434800495057045,3.9937138490784325
2022-01-04 10:22:45.000000,2022-01-04 10:00:30,2022-01-04 10:45:00,2670.0,R,R07,S1P,3,1,263.95659331204155,245.6641201529544,254.8377084473672,2.02237516557759,14.96894521207366,12.94657004649607,4.6,11.956122984592742,2.5327354796306545,4.720636276764397
2022-01-04 10:23:30.000000,2022-01-04 10:05:00,2022-01-04 10:42:00,2220.0,R,R14,S1C,4,-1,149.22883733022704,159.92563249593098,155.0940809537845,14.896604326434217,2.2729657311928295,12.623638595241387,4.829999999999999,17.31757360572227,4.726090814249231,3.6642490139016246
2022-01-04 10:23:30.000000,2022-01-04 10:05:00,2022-01-04 10:42:00,2220.0,R,R14,S1P,4,-1,149.22883733022704,159.92563249593098,155.0940809537845,14.896604326434217,2.2729657311928295,12.623638595241387,4.819999999999999,13.86825571819998,3.7284417665315988,3.719584906136537
2022-01-04 10:41:34.090909,2022-01-04 10:25:00,2022-01-04 10:58:30,2010.0,G,G19,S1C,2,-1,226.39753555238048,239.3873845751121,232.8377456254418,4.307729220620993,2.0548006569997326,2.25292856362126,4.3,16.89080619875186,6.423411707344243,2.629569295618972
2022-01-04 10:43:30.000000,2022-01-04 10:04:00,2022-01-04 11:23:00,4740.0,E,E30,S1X,3,-1,130.06049785925788,151.80704925303488,141.8455749138741,11.802440563015466,2.193001436280196,9.60943912673527,4.8,9.235074233438624,2.007653055371173,4.599935336801135
2022-01-04 10:58:15.000000,2022-01-04 10:49:00,2022-01-04 11:07:30,1110.0,E,E04,S1X,1,1,269.9659195078496,264.48692476017396,267.23003361031624,10.914078502617754,14.983753423147416,4.069674920529662,2.91,2.571336559396204,1.241546361626559,2.071075747850026
2022-01-04 11:12:10.714285,2022-01-04 10:50:30,2022-01-04 11:33:00,2550.0,G,G06,S1C,2,1,210.57672695142108,220.84729009199947,215.25078444956142,2.3117795436221518,14.98209125692561,12.670311713303459,4.470000000000001,7.149881040556129,1.754879704638265,4.074285560234421
2022-01-04 11:37:45.000000,2022-01-04 10:58:30,2022-01-04 12:17:00,4710.0,C,C27,S1X,2,-1,233.66900642449184,262.2354067042784,248.26020594326394,11.006968708638668,2.0036393798697953,9.003329328768872,4.539999999999999,8.441831584919958,1.7039752584054066,4.95419845052204
2022-01-04 11:37:45.000000,2022-01-04 10:58:30,2022-01-04 12:17:00,4710.0,C,C27,S2I,2,-1,233.66900642449184,262.2354067042784,248.26020594326394,11.006968708638668,2.0036393798697953,9.003329328768872,4.550000000000001,9.861390335425932,2.545760646880488,3.8736518091399663
2022-01-04 12:06:45.000000,2022-01-04 11:52:00,2022-01-04 12:21:30,1770.0,R,R15,S1C,4,-1,150.94350257648955,153.6528873635827,152.61667661269723,14.940916897273903,2.126725376531471,12.814191520742432,4.419999999999999,23.224555118437088,6.224471572979443,3.7311689588647736
2022-01-04 12:06:45.000000,2022-01-04 11:52:00,2022-01-04 12:21:30,1770.0,R,R15,S1P,4,-1,150.94350257648955,153.6528873635827,152.61667661269723,14.940916897273903,2.126725376531471,12.814191520742432,4.3999999999999995,18.287366588245884,4.228288284682931,4.325004672574545
2022-01-04 12:20:30.000000,2022-01-04 12:03:30,2022-01-04 12:37:30,2040.0,G,G31,S1C,4,-1,133.66637686778725,130.08796088600963,132.1055921467853,14.94481857052778,2.314373038484751,12.630445532043028,4.489999999999999,11.82204822751534,2.447883710180345,4.829497487298678
2022-01-04 12:25:56.956521,2022-01-04 12:08:30,2022-01-04 12:43:00,2070.0,R,R08,S1C,3,1,234.9501698380962,224.47020876163256,229.5212892907467,2.2897466848099923,14.89219261578003,12.602445930970037,4.33,9.943666979351349,2.599456340840551,3.8252871660602694
2022-01-04 12:25:56.956521,2022-01-04 12:08:30,2022-01-04 12:43:00,2070.0,R,R08,S1P,3,1,234.9501698380962,224.47020876163256,229.5212892907467,2.2897466848099923,14.89219261578003,12.602445930970037,4.25,6.625693393577695,1.8364070176800396,3.607965625152115
2022-01-04 12:31:45.394736,2022-01-04 12:13:00,2022-01-04 12:51:00,2280.0,C,C26,S1X,4,-1,137.66174351888066,137.49044272848025,137.9161736175624,14.861986713423752,2.06666362167009,12.795323091753662,4.53,6.510206748904887,1.7023637116363115,3.824216120447773
2022-01-04 12:31:45.394736,2022-01-04 12:13:00,2022-01-04 12:51:00,2280.0,C,C26,S2I,4,-1,137.66174351888066,137.49044272848025,137.9161736175624,14.861986713423752,2.06666362167009,12.795323091753662,4.42,8.629721361329576,2.2141883118734915,3.89746496043406
2022-01-04 12:55:44.615384,2022-01-04 12:36:00,2022-01-04 13:15:00,2340.0,C,C32,S1X,2,1,230.97254913276225,226.13208766627068,228.25710977864094,2.0738416039132614,14.931151118856727,12.857309514943466,4.2,8.318714265732783,1.97334395555099,4.2155419699299514
2022-01-04 12:55:44.615384,2022-01-04 12:36:00,2022-01-04 13:15:00,2340.0,C,C32,S2I,2,1,230.97254913276225,226.13208766627068,228.25710977864094,2.0738416039132614,14.931151118856727,12.857309514943466,4.13,11.242794778697148,2.2991861677655208,4.889901886293763
2022-01-04 13:01:54.000000,2022-01-04 12:27:00,2022-01-04 13:35:30,4110.0,G,G11,S1C,2,1,211.0045753986312,235.9470376244978,222.94743388651045,2.4483753205676333,10.872077452538548,8.423702131970915,3.95,5.35241839683907,1.4227267435214221,3.7620846175922598
2022-01-04 13:01:54.000000,2022-01-04 12:27:00,2022-01-04 13:35:30,4110.0,G,G11,S1X,2,1,211.0045753986312,235.9470376244978,222.94743388651045,2.4483753205676333,10.872077452538548,8.423702131970915,3.96,7.560711456300517,1.7583697723925562,4.2998415776977925
2022-01-04 13:04:56.086956,2022-01-04 12:59:00,2022-01-04 13:11:00,720.0,R,R24,S1C,3,1,197.46529451798116,202.8349357011922,200.11405971669058,2.0262443620755914,2.3628252127037808,0.3365808506281893,9.999999999999998,0.6525432909191078,0.16406806071795177,3.9772719203458515
2022-01-04 13:04:56.086956,2022-01-04 12:59:00,2022-01-04 13:11:00,720.0,R,R24,S1P,3,1,197.46529451798116,202.8349357011922,200.11405971669058,2.0262443620755914,2.3628252127037808,0.3365808506281893,9.999999999999998,0.4281967640416536,0.08487274914420265,5.045161943725045
2022-01-04 13:09:13.604651,2022-01-04 12:47:00,2022-01-04 13:30:30,2610.0,G,G02,S1C,2,1,212.75570552309551,230.00966248517838,221.36088666820203,2.0784024989213687,5.629176195476383,3.550773696555014,3.7199999999999998,15.582940704354872,4.709044864872313,3.3091510383767404
2022-01-04 13:17:05.217391,2022-01-04 13:11:30,2022-01-04 13:23:00,690.0,R,R24,S1C,4,-1,203.06025304914203,208.24778833331354,205.5807884825896,2.3621815753530506,2.0266610837888748,0.33552049156417585,9.999999999999998,1.0794950387323377,0.3340392959740187,3.2316408630447473
2022-01-04 13:17:05.217391,2022-01-04 13:11:30,2022-01-04 13:23:00,690.0,R,R24,S1P,4,-1,203.06025304914203,208.24778833331354,205.5807884825896,2.3621815753530506,2.0266610837888748,0.33552049156417585,9.999999999999998,0.8180788825981187,0.25476024768344635,3.211171640932877
2022-01-04 13:23:45.000000,2022-01-04 13:08:00,2022-01-04 13:39:30,1890.0,E,E11,S1X,2,-1,259.9270377533182,269.989482208206,265.0581946764149,14.962256878334646,8.666185493672268,6.296071384662378,4.240000000000001,2.488198182184012,1.026888175401013,2.423046872861632
2022-01-04 13:36:01.379310,2022-01-04 13:14:30,2022-01-04 13:58:30,2640.0,E,E27,S1X,4,-1,141.2682957809766,143.74514097811908,142.93680901111955,14.960633363548823,2.0861484522853884,12.874484911263433,4.06,11.047305393955744,2.933770513334497,3.7655656240813045
2022-01-04 13:49:00.000000,2022-01-04 13:31:30,2022-01-04 14:06:30,2100.0,G,G26,S1C,4,-1,138.03548123804805,142.0345594415652,140.39306243328093,14.900769926783186,2.636383777729096,12.26438614905409,4.08,5.69386606576622,1.7394308485794763,3.273407546161535
2022-01-04 13:50:42.567567,2022-01-04 13:32:00,2022-01-04 14:09:00,2220.0,G,G20,S1C,3,1,215.78545083623874,222.28019908429448,218.6546306568706,2.822676326610534,14.915908119318855,12.093231792708321,3.8699999999999997,5.211059686712765,1.3868130421139824,3.7575790885044675
2022-01-04 13:52:49.090909,2022-01-04 13:31:00,2022-01-04 14:16:30,2730.0,G,G02,S1C,3,-1,230.2190892089448,249.0580200676282,239.33438167914173,5.6287970073422,2.032202501340821,3.596594506001379,4.01,13.198110161889018,4.097012251026698,3.2213987543194706
2022-01-04 14:02:56.470588,2022-01-04 13:58:30,2022-01-04 14:08:00,570.0,E,E36,S1X,1,-1,230.07850961822552,233.07305011338053,231.48143087003908,3.022216835574971,2.031751661996097,0.9904651735788739,6.8599999999999985,4.826473630613028,2.334549594558383,2.0674110508781167
2022-01-04 14:08:15.000000,2022-01-04 13:53:30,2022-01-04 14:23:00,1770.0,R,R01,S1C,3,1,218.2279015454957,214.27672977568247,216.04575983387826,2.0696022417039344,14.782993074390752,12.713390832686818,3.960000000000001,9.961682099003339,2.7270155612125175,3.652961222771336
2022-01-04 14:08:15.000000,2022-01-04 13:53:30,2022-01-04 14:23:00,1770.0,R,R01,S1P,3,1,218.2279015454957,214.27672977568247,216.04575983387826,2.0696022417039344,14.782993074390752,12.713390832686818,3.9900000000000007,8.391400104670172,2.1081004308130615,3.980550443431075
2022-01-04 14:10:00.000000,2022-01-04 14:01:00,2022-01-04 14:19:00,1080.0,E,E09,S1X,1,1,234.5214173254252,231.57645311886998,233.0074898995628,9.906519010098279,14.913559425166426,5.007040415068147,2.8,3.8766644083875055,2.0276885917691,1.9118637961094547
2022-01-04 14:13:00.000000,2022-01-04 13:36:00,2022-01-04 14:50:00,4440.0,G,G11,S1C,3,-1,236.1548410936963,265.8669097630627,251.33214929279694,10.871149211440446,2.0599053892106123,8.811243822229834,4.12,7.485732139192323,1.65886238196661,4.512569710766398
2022-01-04 14:13:00.000000,2022-01-04 13:36:00,2022-01-04 14:50:00,4440.0,G,G11,S1X,3,-1,236.1548410936963,265.8669097630627,251.33214929279694,10.871149211440446,2.0599053892106123,8.811243822229834,4.12,10.048729136065568,1.9619801626912454,5.121728204571518
2022-01-04 15:02:28.681318,2022-01-04 14:39:00,2022-01-04 15:25:00,2760.0,G,G05,S1C,3,1,212.17328521319217,223.24928310875015,217.19897310246046,2.016816711792694,14.95341650319571,12.936599791403015,3.8799999999999994,6.479020170611842,1.3982810343295669,4.633560787526761
2022-01-04 15:17:13.461538,2022-01-04 14:57:00,2022-01-04 15:36:30,2370.0,C,C20,S1X,3,1,216.26642844984835,219.57899983045465,217.53817170701666,2.090445648282183,14.996256450491911,12.905810802209729,3.8799999999999994,6.88261123870161,1.5094580664373691,4.559657132407782
2022-01-04 15:17:13.461538,2022-01-04 14:57:00,2022-01-04 15:36:30,2370.0,C,C20,S2I,3,1,216.26642844984835,219.57899983045465,217.53817170701666,2.090445648282183,14.996256450491911,12.905810802209729,3.8700000000000006,8.770283746815732,1.9685226558894282,4.455261777443499
2022-01-04 15:18:50.625000,2022-01-04 15:03:00,2022-01-04 15:35:30,1950.0,G,G16,S1C,4,-1,139.02596640169978,139.2640994029784,139.42257325732825,14.913177192637127,2.72424954069523,12.188927651941897,3.9899999999999998,5.5265011279506,1.2401182986037722,4.456430595510761
2022-01-04 15:38:15.000000,2022-01-04 15:30:00,2022-01-04 15:46:30,990.0,R,R09,S1C,4,-1,134.72645363280918,130.0777099093372,132.43319544444492,14.91933002527508,8.678948930339239,6.240381094935842,4.02,8.693227672724426,3.5723422485602847,2.4334811918505137
2022-01-04 15:38:15.000000,2022-01-04 15:30:00,2022-01-04 15:46:30,990.0,R,R09,S1P,4,-1,134.72645363280918,130.0777099093372,132.43319544444492,14.91933002527508,8.678948930339239,6.240381094935842,4.1,7.942698196998926,2.5289844773931076,3.14066704165235
2022-01-04 15:45:54.166666,2022-01-04 15:36:30,2022-01-04 15:56:00,1170.0,R,R19,S1C,3,1,136.78126001109987,146.08632626948048,141.2614510212664,7.3657210248182015,8.31514232342577,0.9494212986075681,9.52999999999999,0.6410765379781606,0.3100358074403745,2.0677499907859875
2022-01-04 15:46:26.470588,2022-01-04 15:37:30,2022-01-04 15:56:00,1110.0,R,R19,S1P,3,1,137.25482806376584,146.08632626948048,141.51806704743535,7.4596761030100325,8.31514232342577,0.855466220415737,9.080000000000004,0.6060373902198678,0.26294248174795887,2.3048287450210476
2022-01-04 15:48:45.000000,2022-01-04 15:47:30,2022-01-04 15:50:00,150.0,C,C12,S2I,3,1,130.02948334768988,130.96678584095446,130.49832249210465,9.089824676359372,9.099587296691844,0.009762620332471883,9.999999999999662,0.00015564506439476685,5.195718161809359e-05,2.99564101722879
2022-01-04 15:53:16.956521,2022-01-04 15:35:00,2022-01-04 16:10:30,2130.0,G,G13,S1C,3,1,231.030926788348,226.4580175238754,228.4438982729379,2.1005429882623803,14.894743818566338,12.794200830303957,3.7699999999999996,6.472569263989319,2.0151247916877817,3.211994259952593
2022-01-04 16:00:30.000000,2022-01-04 15:50:30,2022-01-04 16:10:30,1200.0,E,E21,S1X,4,-1,132.64262033175373,130.02451049878366,131.39469723917176,14.928009933316353,9.113058384793284,5.814951548523069,4.05,4.458600909453083,1.930533079284289,2.309518006863695
2022-01-04 16:06:30.000000,2022-01-04 15:52:00,2022-01-04 16:21:00,1740.0,R,R02,S1C,3,1,206.40338378067955,208.68763521623626,207.2400497821025,2.1446076578274083,14.904155866056609,12.759548208229202,3.9,18.02091891340977,4.833144991294487,3.7286112760674968
2022-01-04 16:06:30.000000,2022-01-04 15:52:00,2022-01-04 16:21:00,1740.0,R,R02,S1P,3,1,206.40338378067955,208.68763521623626,207.2400497821025,2.1446076578274083,14.904155866056609,12.759548208229202,3.88,14.998931592788114,3.2184825580363987,4.660249456793386
2022-01-04 16:18:41.111111,2022-01-04 15:56:30,2022-01-04 16:46:30,3000.0,R,R19,S1P,4,-1,146.324836573481,168.22675256226893,156.47142707576964,8.314304834427272,2.0158937904383496,6.2984110439889225,3.7499999999999996,3.848281160507705,1.2901081373219467,2.982913640476764
2022-01-04 16:19:15.903614,2022-01-04 15:56:30,2022-01-04 16:46:30,3000.0,R,R19,S1C,4,-1,146.324836573481,168.22675256226893,156.7197755866089,8.314304834427272,2.0158937904383496,6.2984110439889225,3.7599999999999993,3.9986900885743615,1.5022818488749063,2.661744260285827
2022-01-04 16:22:02.125984,2022-01-04 15:50:30,2022-01-04 16:55:00,3870.0,C,C12,S2I,4,-1,131.15389090368964,152.55491077444026,142.20352567722816,9.09896948614077,2.0930199751286827,7.005949511012088,3.7,9.864058850593564,2.148015319803099,4.5921734168533614
2022-01-04 16:23:31.894736,2022-01-04 16:00:00,2022-01-04 16:48:00,2880.0,G,G27,S1C,4,-1,136.86132489312416,149.3117021229288,143.62346562345968,14.98269194985005,2.054389862394887,12.928302087455164,3.8300000000000014,7.51766997859878,1.6167881276379865,4.64975580293354
2022-01-04 16:47:00.000000,2022-01-04 16:40:30,2022-01-04 16:53:30,780.0,E,E05,S1X,3,1,220.20575103481042,220.87367927876474,220.5003707016522,11.13671859079383,14.964125440484265,3.827406849690435,7.110000000000004,4.626651147053294,2.0520033649405223,2.2546995907033507
2022-01-04 17:04:27.534246,2022-01-04 16:45:00,2022-01-04 17:22:30,2250.0,G,G15,S1C,3,1,219.5482071056791,222.65139389832092,220.76004401963783,2.0093852098117844,14.859079604353258,12.849694394541475,3.52,5.596356489273734,1.6285046561260623,3.4365001464512366
2022-01-04 17:31:15.000000,2022-01-04 17:06:30,2022-01-04 17:56:00,2970.0,C,C46,S1X,1,1,269.87109267513046,255.26405533853733,262.56057394706943,2.1224749273717713,14.877410600065975,12.754935672694204,4.1,7.054429169184852,1.5484246989706103,4.5558748668079385
2022-01-04 17:31:15.000000,2022-01-04 17:06:30,2022-01-04 17:56:00,2970.0,C,C46,S2I,1,1,269.87109267513046,255.26405533853733,262.56057394706943,2.1224749273717713,14.877410600065975,12.754935672694204,4.050000000000001,7.867914487202543,1.7379664677059063,4.527080719565372
2022-01-04 17:34:30.769230,2022-01-04 17:05:30,2022-01-04 18:04:00,3510.0,C,C34,S1X,4,-1,134.11518414595622,149.29278368760194,142.46053212799418,14.955726224929908,2.127561270066422,12.828164954863485,3.84,7.744320875275402,1.5521293443779913,4.989481645538312
2022-01-04 17:34:45.000000,2022-01-04 17:05:30,2022-01-04 18:04:00,3510.0,C,C34,S2I,4,-1,134.11518414595622,149.29278368760194,142.51623090237047,14.955726224929908,2.127561270066422,12.828164954863485,3.8200000000000003,9.345963598908023,2.1999200599876376,4.2483196407421016
2022-01-04 17:39:29.194630,2022-01-04 17:02:00,2022-01-04 18:16:30,4470.0,C,C19,S1X,3,1,209.6797139227183,231.89668235772382,219.710633923979,2.0783693616370664,14.998162253714739,12.919792892077673,4.01,5.033077248839354,1.2055312558668052,4.174986939862006
2022-01-04 17:39:29.194630,2022-01-04 17:02:00,2022-01-04 18:16:30,4470.0,C,C19,S2I,3,1,209.6797139227183,231.89668235772382,219.710633923979,2.0783693616370664,14.998162253714739,12.919792892077673,4.010000000000001,6.8288843363710745,1.4474752573645064,4.717790028967252
2022-01-04 17:39:32.608695,2022-01-04 17:22:30,2022-01-04 17:57:00,2070.0,G,G08,S1C,4,-1,139.927296103791,144.5953159825444,142.59845124570688,14.837379704711049,2.737175105866479,12.10020459884457,3.87,5.687855929329291,1.5450993159194175,3.6812235114768073
2022-01-04 17:49:15.000000,2022-01-04 17:31:00,2022-01-04 18:07:30,2190.0,R,R03,S1C,3,1,199.59879225490442,209.8675779128476,204.22310738923514,2.0781607971192075,14.888816719198191,12.810655922078983,3.86,15.069763559650749,3.3998514068815564,4.432477116249377
2022-01-04 17:49:15.000000,2022-01-04 17:31:00,2022-01-04 18:07:30,2190.0,R,R03,S1P,3,1,199.59879225490442,209.8675779128476,204.22310738923514,2.0781607971192075,14.888816719198191,12.810655922078983,3.8299999999999996,10.988367128586011,2.423213158477102,4.534626716657392
2022-01-04 18:12:06.122449,2022-01-04 17:59:30,2022-01-04 18:28:00,1710.0,R,R20,S1P,4,-1,151.5210926166286,160.88745974162154,155.98248008343413,14.870071611897693,5.608534461985556,9.261537149912137,4.1499999999999995,1.9939452511835953,0.8652700895093717,2.3044194816837003
2022-01-04 18:13:17.307692,2022-01-04 17:59:30,2022-01-04 18:35:30,2160.0,R,R20,S1C,4,-1,151.5210926166286,162.73370082033102,156.3326826098283,14.870071611897693,2.822276924621723,12.04779468727597,4.140000000000001,3.1129599987640972,1.138472530254443,2.734330355839474
2022-01-04 18:30:30.000000,2022-01-04 18:30:00,2022-01-04 18:31:00,60.0,R,R13,S1C,4,1,248.28877895699705,247.8722346416076,248.08051406955786,14.649653871043835,14.94877335826816,0.29911948722432413,,,,
2022-01-04 18:41:15.000000,2022-01-04 18:19:30,2022-01-04 19:03:00,2610.0,C,C11,S2I,4,-1,141.39593468880298,148.97214117748166,145.71256648982182,14.909496645357816,2.0187346503652686,12.890761994992548,4.020000000000001,9.536954641143105,1.700675260219452,5.607745854968499
2022-01-04 18:43:43.378378,2022-01-04 18:24:30,2022-01-04 19:02:00,2250.0,G,G24,S1C,4,1,235.64142831637872,230.2854517730895,232.66642706535794,2.0995022857161576,14.991967721780249,12.892465436064091,3.8099999999999996,5.310347371989645,1.1152381811004883,4.761626226560438
2022-01-04 18:55:35.816326,2022-01-04 18:31:00,2022-01-04 19:22:00,3060.0,G,G21,S1C,4,-1,130.04821013957857,148.5956548250673,139.49919939534803,11.018054744502297,2.3475164108655697,8.670538333636728,3.9100000000000006,7.269755494021027,1.9026067440303573,3.820944878299576
2022-01-04 19:15:59.379310,2022-01-04 18:39:30,2022-01-04 19:52:00,4350.0,E,E03,S1X,3,1,210.5523231519518,227.69375110243922,218.15822600569064,2.1000854507168363,14.967390887927264,12.867305437210428,4.1499999999999995,7.806870079908461,1.401188198741645,5.57160707385312
2022-01-04 19:18:30.000000,2022-01-04 18:44:00,2022-01-04 19:53:00,4140.0,E,E26,S1X,4,-1,135.3042344918043,152.01962986954373,144.61690193751662,14.969020464353092,2.348712482612458,12.620307981740634,3.9700000000000006,9.861505744436453,1.7724948933989435,5.563629989097452
2022-01-04 19:23:15.000000,2022-01-04 18:49:00,2022-01-04 19:57:30,4110.0,C,C19,S1X,4,-1,244.62778381523117,269.9370427830227,257.6637879455443,14.984255224410546,4.719427340800927,10.26482788360962,4.07,4.1143250742074144,0.9946286726609436,4.136543805036612
2022-01-04 19:23:15.000000,2022-01-04 18:49:00,2022-01-04 19:57:30,4110.0,C,C19,S2I,4,-1,244.62778381523117,269.9370427830227,257.6637879455443,14.984255224410546,4.719427340800927,10.26482788360962,4.11,5.724276983505789,1.2497475991236688,4.580346453571657
2022-01-04 19:27:00.000000,2022-01-04 19:16:00,2022-01-04 19:38:00,1320.0,E,E25,S1X,1,1,263.63905942685847,257.13563320379825,260.3825358493488,10.156639834306276,14.96629193977565,4.8096521054693735,5.860000000000002,2.2039016499922277,1.111392766056789,1.983008813177406
2022-01-04 19:37:00.000000,2022-01-04 19:06:30,2022-01-04 20:07:30,3660.0,R,R04,S1C,3,1,194.9111953338309,221.12407883790618,207.25411316429847,2.0631459369802823,11.224510448438128,9.161364511457846,4.17,15.490262912274034,3.522117723219438,4.397996923883326
2022-01-04 19:37:00.000000,2022-01-04 19:06:30,2022-01-04 20:07:30,3660.0,R,R04,S1P,3,1,194.9111953338309,221.12407883790618,207.25411316429847,2.0631459369802823,11.224510448438128,9.161364511457846,4.180000000000001,13.158689133209116,2.4180163921849456,5.441935454092924
2022-01-04 19:48:15.000000,2022-01-04 19:29:00,2022-01-04 20:07:30,2310.0,C,C43,S1X,4,-1,139.6181826841292,141.83210490053276,141.10595152329407,14.859356988187384,2.1149312298401783,12.744425758347205,4.129999999999999,9.739823632330115,1.7162229036562036,5.675150711239553
2022-01-04 19:48:15.000000,2022-01-04 19:29:00,2022-01-04 20:07:30,2310.0,C,C43,S2I,4,-1,139.6181826841292,141.83210490053276,141.10595152329407,14.859356988187384,2.1149312298401783,12.744425758347205,3.8800000000000012,10.68225202400678,2.4382022680703237,4.381200101360368
2022-01-04 19:49:00.000000,2022-01-04 19:37:30,2022-01-04 20:00:30,1380.0,G,G12,S1C,2,1,269.95097744368854,262.4122787117743,266.19604901297475,8.353307231233826,14.971271022837598,6.617963791603772,3.2299999999999986,4.100422690081979,1.9249726017561073,2.1301200268207765
2022-01-04 20:00:55.000000,2022-01-04 19:34:00,2022-01-04 20:28:30,3270.0,G,G01,S1C,4,-1,134.79730192486812,150.83269826281966,143.4916690634777,14.99045932842836,2.2576806472366098,12.73277868119175,4.02,6.158238965204292,1.439410125437951,4.278307381873254
2022-01-04 20:04:15.000000,2022-01-04 20:01:30,2022-01-04 20:07:00,330.0,R,R03,S1C,4,-1,267.4857745169213,269.93241678414665,268.71542741418966,14.940156442225858,13.36856375337682,1.5715926888490372,10.000000000000005,9.081241598981782,1.8328646064053438,4.954671265539969
2022-01-04 20:04:15.000000,2022-01-04 20:01:30,2022-01-04 20:07:00,330.0,R,R03,S1P,4,-1,267.4857745169213,269.93241678414665,268.71542741418966,14.940156442225858,13.36856375337682,1.5715926888490372,10.000000000000005,6.114522362583149,2.85881600783953,2.1388303219989413
2022-01-04 20:07:00.000000,2022-01-04 19:46:30,2022-01-04 20:27:30,2460.0,C,C36,S2I,4,1,239.21452845049458,231.89209018215828,235.3361993746219,2.1154238281856936,14.838316370467918,12.722892542282224,4.17,11.47665112956742,2.506824945593578,4.5781621687388805
2022-01-04 20:07:14.268292,2022-01-04 19:46:30,2022-01-04 20:27:30,2460.0,C,C36,S1X,4,1,239.21452845049458,231.89209018215828,235.29144056522807,2.1154238281856936,14.838316370467918,12.722892542282224,4.189999999999999,8.835780124616743,1.8356586034010198,4.813411441673433
2022-01-04 20:12:30.000000,2022-01-04 19:58:00,2022-01-04 20:27:00,1740.0,R,R21,S1C,4,-1,152.55083428311062,154.72958877366128,153.94685981627342,14.847263323579211,2.0103163241649145,12.836946999414296,4.1499999999999995,22.344713951699894,4.336754450173288,5.152404686137359
2022-01-04 20:12:30.000000,2022-01-04 19:58:00,2022-01-04 20:27:00,1740.0,R,R21,S1P,4,-1,152.55083428311062,154.72958877366128,153.94685981627342,14.847263323579211,2.0103163241649145,12.836946999414296,4.14,19.068076315076286,3.4142389167711333,5.584868774534701
2022-01-04 20:26:00.000000,2022-01-04 20:08:30,2022-01-04 20:43:30,2100.0,R,R14,S1C,5,1,234.73650263914766,224.4256844721074,229.44360833074347,2.0624104478872503,14.904385846547083,12.841975398659832,4.19,14.652653211837809,3.797304505001684,3.858698503777566
2022-01-04 20:26:00.000000,2022-01-04 20:08:30,2022-01-04 20:43:30,2100.0,R,R14,S1P,5,1,234.73650263914766,224.4256844721074,229.44360833074347,2.0624104478872503,14.904385846547083,12.841975398659832,4.210000000000001,12.850510118717255,2.7788535852358374,4.624392658538233
2022-01-04 20:39:45.000000,2022-01-04 20:08:00,2022-01-04 21:11:30,3810.0,R,R04,S1C,4,-1,221.36771422020723,250.75626051894994,236.48201055480178,11.224366546549362,2.017728968304316,9.206637578245047,4.0200000000000005,16.348499176398168,3.1153765928092576,5.2476799158512275
2022-01-04 20:39:45.000000,2022-01-04 20:08:00,2022-01-04 21:11:30,3810.0,R,R04,S1P,4,-1,221.36771422020723,250.75626051894994,236.48201055480178,11.224366546549362,2.017728968304316,9.206637578245047,4.0200000000000005,13.854309369043307,2.5473456074168044,5.438723873472589
2022-01-04 20:59:30.000000,2022-01-04 20:52:30,2022-01-04 21:06:30,840.0,R,R05,S1C,3,1,196.7100051501016,202.96034966926666,199.82443409391107,2.0175009153474104,2.480061353288324,0.4625604379409136,10.0,0.4854042067723146,0.17654290465336758,2.7494971136074793
2022-01-04 20:59:30.000000,2022-01-04 20:52:30,2022-01-04 21:06:30,840.0,R,R05,S1P,3,1,196.7100051501016,202.96034966926666,199.82443409391107,2.0175009153474104,2.480061353288324,0.4625604379409136,10.0,0.4441470724048156,0.10104003445357222,4.395753374459711
2022-01-04 21:13:25.384615,2022-01-04 21:07:00,2022-01-04 21:20:30,810.0,R,R05,S1C,4,-1,203.18555712575207,209.27035388117392,206.08169255783986,2.479561978464304,2.0273896470609905,0.4521723314033137,9.990000000000004,1.6347074326571593,0.5166471526805578,3.16406937341218
2022-01-04 21:13:25.384615,2022-01-04 21:07:00,2022-01-04 21:20:30,810.0,R,R05,S1P,4,-1,203.18555712575207,209.27035388117392,206.08169255783986,2.479561978464304,2.0273896470609905,0.4521723314033137,9.990000000000004,1.6283348049106412,0.4950799837744143,3.289033809237176
2022-01-04 21:23:39.750000,2022-01-04 21:03:00,2022-01-04 21:43:30,2430.0,G,G25,S1C,5,1,250.73561056400064,240.34717893233113,245.3149862186143,2.4016820371646537,14.88862581064978,12.486943773485127,3.9100000000000006,3.9475324491825217,1.3936238041503635,2.832566749668268
2022-01-04 21:25:15.000000,2022-01-04 20:50:30,2022-01-04 22:00:00,4170.0,E,E03,S1X,4,-1,247.6556304785991,269.86368465544416,259.1158435907643,14.978431779369341,3.892997888254748,11.085433891114594,4.31,7.317818129556231,1.584002548774723,4.619827244101848
2022-01-04 21:41:40.961538,2022-01-04 21:27:00,2022-01-04 21:55:00,1680.0,G,G32,S1C,3,1,215.92867990154295,226.59855579570026,221.46285659935845,2.038291432225091,3.351529308179742,1.313237875954651,5.1,4.12057604639142,2.005059764083924,2.0550888907164513
2022-01-04 21:44:27.857142,2022-01-04 21:33:30,2022-01-04 22:01:30,1680.0,R,R22,S1P,4,-1,148.7798045922008,145.74720570053887,147.81139459022054,14.872049093353818,2.4384934524708743,12.433555640882943,4.4,2.815035423735374,0.9952191372561232,2.828558373080113
2022-01-04 21:45:12.272727,2022-01-04 21:33:30,2022-01-04 22:01:30,1680.0,R,R22,S1C,4,-1,148.7798045922008,145.74720570053887,147.72269030029116,14.872049093353818,2.4384934524708743,12.433555640882943,4.48,3.317275301490455,1.2705376187223762,2.6109225359468153
2022-01-04 21:48:32.823529,2022-01-04 21:27:30,2022-01-04 22:10:00,2550.0,E,E33,S1X,4,-1,142.42232086274075,143.61937658300474,143.43224460785478,14.922671834655024,2.0568464402451454,12.865825394409878,4.01,9.778755463427267,2.211755927313876,4.421263369373368
2022-01-04 22:00:30.000000,2022-01-04 21:48:30,2022-01-04 22:12:30,1440.0,C,C28,S1X,4,-1,132.94472497052791,130.0287560122828,131.58685976117653,14.993349725353943,7.009133650095498,7.984216075258445,4.06,3.421215943959522,1.4756416136605703,2.318459924339377
2022-01-04 22:00:30.000000,2022-01-04 21:48:30,2022-01-04 22:12:30,1440.0,C,C28,S2I,4,-1,132.94472497052791,130.0287560122828,131.58685976117653,14.993349725353943,7.009133650095498,7.984216075258445,3.2199999999999998,4.822493897804777,1.8044776426728553,2.672515183209214
2022-01-04 22:08:40.800000,2022-01-04 21:56:00,2022-01-04 22:21:00,1500.0,G,G32,S1C,4,-1,226.989966011316,236.80398070768007,231.97049403122824,3.348136564427028,2.190949524601434,1.157187039825594,8.129999999999999,5.897894668825415,2.5397998531674233,2.3221887588780117
2022-01-04 22:18:00.000000,2022-01-04 22:03:30,2022-01-04 22:32:30,1740.0,E,E02,S1X,2,1,234.1088422855239,229.39172698565602,231.6386235648693,6.774192576131873,14.881343350738808,8.107150774606936,4.26,4.933433364224917,1.8436635407561175,2.675885949451293
2022-01-04 22:18:00.000000,2022-01-04 22:03:30,2022-01-04 22:32:30,1740.0,R,R15,S1C,5,1,217.2796318889502,213.75094253397162,215.30781863867378,2.331573373671238,14.943786801602522,12.612213427931284,4.339999999999999,15.82691241433289,3.5839262870172894,4.416082013646767
2022-01-04 22:18:00.000000,2022-01-04 22:03:30,2022-01-04 22:32:30,1740.0,R,R15,S1P,5,1,217.2796318889502,213.75094253397162,215.30781863867378,2.331573373671238,14.943786801602522,12.612213427931284,4.39,10.790924300356867,2.551301247204501,4.22957669627632
2022-01-04 22:29:30.000000,2022-01-04 22:11:00,2022-01-04 22:48:00,2220.0,C,C45,S1X,4,1,221.12501891810413,221.6353756319495,221.05037462531206,2.444650380278797,14.88149867076043,12.436848290481635,4.02,6.257337382380187,1.6794255436200118,3.725879605768326
2022-01-04 22:29:30.000000,2022-01-04 22:11:00,2022-01-04 22:48:00,2220.0,C,C45,S2I,4,1,221.12501891810413,221.6353756319495,221.05037462531206,2.444650380278797,14.88149867076043,12.436848290481635,4.51,7.79357382160502,1.9433339119797979,4.010414151454399
2022-01-04 23:34:12.300000,2022-01-04 23:08:30,2022-01-04 23:59:00,3030.0,G,G31,S1C,5,1,211.951466036704,225.70360563522738,218.22192956862048,2.093987684033594,14.967359450026178,12.873371765992584,4.419999999999999,6.775282010334665,1.6524525913836676,4.100136999792193
2022-01-04 23:50:15.000000,2022-01-04 23:41:00,2022-01-04 23:59:30,1110.0,R,R08,S1C,5,1,130.0148976278096,138.91569399741172,134.4556892231548,8.673864591621568,9.801046273739304,1.1271816821177367,6.449999999999999,7.218886078308472,3.6727556080522947,1.9655231245121512
2022-01-04 23:50:15.000000,2022-01-04 23:41:00,2022-01-04 23:59:30,1110.0,R,R08,S1P,5,1,130.0148976278096,138.91569399741172,134.4556892231548,8.673864591621568,9.801046273739304,1.1271816821177367,6.259999999999998,4.445277694324095,2.1521550902716307,2.065500629772477
2022-01-04 23:51:00.000000,2022-01-04 23:42:30,2022-01-04 23:59:30,1020.0,G,G06,S1C,5,-1,136.63087566751182,135.36368796510504,136.06305013730938,14.809636143634831,8.244866596020879,6.5647695476139525,3.2699999999999996,4.26707657587196,1.9967742563997706,2.1369849707325437
2022-01-05 00:01:15.000000,2022-01-05 00:00:00,2022-01-05 00:02:30,150.0,R,R08,S1C,1,1,139.15689559759102,140.36158117589585,139.75940265425186,9.808026041259192,9.823849434128102,0.01582339286890999,10.00000000000044,0.0003583229373200705,0.00011956104808394602,2.996987255150903
2022-01-05 00:01:15.000000,2022-01-05 00:00:00,2022-01-05 00:02:30,150.0,R,R08,S1P,1,1,139.15689559759102,140.36158117589585,139.75940265425186,9.808026041259192,9.823849434128102,0.01582339286890999,10.00000000000044,7.257996576162928e-05,2.4245052052982393e-05,2.9935990899512706
2022-01-05 00:07:25.000000,2022-01-05 00:00:00,2022-01-05 00:15:30,930.0,G,G06,S1C,1,-1,135.31449713943832,133.4869390161849,134.48645979803618,8.055454825675016,2.296372967049492,5.759081858625524,4.3999999999999995,11.423855414509351,2.5736892046052837,4.438708214677918
2022-01-05 00:09:00.000000,2022-01-05 00:01:30,2022-01-05 00:16:30,900.0,E,E12,S1X,1,-1,132.2939590302028,130.04163309396165,131.20023335946183,14.982948449043384,10.640422949140339,4.342525499903045,2.2900000000000005,2.7607432723505116,1.3720214333579523,2.01217211716127
2022-01-05 00:30:50.625000,2022-01-05 00:03:00,2022-01-05 00:59:00,3360.0,R,R08,S1C,2,-1,140.60219125771295,164.82049364974904,153.23413159631167,9.823189458113431,2.07732079684568,7.745868661267751,4.41,15.588818228888435,3.154154349127058,4.942313058713435
2022-01-05 00:30:50.625000,2022-01-05 00:03:00,2022-01-05 00:59:00,3360.0,R,R08,S1P,2,-1,140.60219125771295,164.82049364974904,153.23413159631167,9.823189458113431,2.07732079684568,7.745868661267751,4.4,13.817903051760423,2.65076420844163,5.212799768367136
2022-01-05 00:43:30.000000,2022-01-05 00:22:00,2022-01-05 01:05:00,2580.0,E,E30,S1X,1,1,218.39046157752887,219.37816218491886,218.472733555538,2.144477807107565,14.949206947859464,12.804729140751899,4.160000000000001,8.873793718906796,2.3211560136878076,3.8230061514944382
2022-01-05 00:44:30.000000,2022-01-05 00:12:00,2022-01-05 01:17:00,3900.0,C,C41,S1X,1,-1,130.1338434947474,150.4876989658326,141.0378219136995,11.506164240388905,2.1757576202472593,9.330406620141646,4.390000000000001,8.047618494141101,1.5715899642189914,5.120685851503513
2022-01-05 00:44:30.000000,2022-01-05 00:12:00,2022-01-05 01:17:00,3900.0,C,C41,S2I,1,-1,130.1338434947474,150.4876989658326,141.0378219136995,11.506164240388905,2.1757576202472593,9.330406620141646,4.35,10.583191081243722,2.000555171803385,5.290127075927422
2022-01-05 00:55:44.464285,2022-01-05 00:27:30,2022-01-05 01:23:30,3360.0,C,C26,S2I,1,1,211.9860707246198,225.66079978933183,218.11411615521718,2.0749524119579235,14.980408850553044,12.90545643859512,4.41,9.92868672049227,2.2156882708822367,4.481084659322988
2022-01-05 00:56:25.045871,2022-01-05 00:27:30,2022-01-05 01:23:30,3360.0,C,C26,S1X,1,1,211.9860707246198,225.66079978933183,218.26582283196544,2.0749524119579235,14.980408850553044,12.90545643859512,4.419999999999999,5.61094678154357,1.254200741051494,4.473723063534053
2022-01-05 00:57:15.000000,2022-01-05 00:47:00,2022-01-05 01:07:30,1230.0,C,C35,S1X,1,1,269.99434175527665,263.58412255264295,266.79782122483607,9.621320255625127,14.903075132754035,5.281754877128908,1.4600000000000002,2.265324446748989,1.0224944899390023,2.2154881703901688
2022-01-05 00:57:15.000000,2022-01-05 00:47:00,2022-01-05 01:07:30,1230.0,C,C35,S2I,1,1,269.99434175527665,263.58412255264295,266.79782122483607,9.621320255625127,14.903075132754035,5.281754877128908,4.03,4.218416680433374,1.9213173161712003,2.195585624991832
2022-01-05 01:01:27.391304,2022-01-05 00:44:00,2022-01-05 01:18:30,2070.0,G,G26,S1C,1,1,220.42979798235862,222.36022240819253,221.07490213145311,2.4230454421714223,14.873845900312865,12.450800458141444,4.23,4.536901497084221,1.4885572070982327,3.0478516213215463
2022-01-05 01:38:00.000000,2022-01-05 01:35:00,2022-01-05 01:41:00,360.0,G,G31,S1C,2,-1,267.45411710626115,269.99012403374684,268.7262211801129,14.975920812630894,13.873055504905121,1.1028653077257733,7.4800000000000075,3.6824921322325217,1.9859921673917798,1.8542329585663824
2022-01-05 01:50:15.000000,2022-01-05 01:31:00,2022-01-05 02:09:30,2310.0,R,R09,S1C,1,1,200.39481494855605,211.7879290898047,205.54158971724914,2.081419898070475,14.921270487950782,12.839850589880307,4.419999999999999,12.196297595617134,3.159389668858809,3.8603334421937614
2022-01-05 01:50:30.000000,2022-01-05 01:31:30,2022-01-05 02:09:30,2280.0,R,R09,S1P,1,1,200.501107780896,211.7879290898047,205.60845237094804,2.269384879067866,14.921270487950782,12.651885608882916,4.4399999999999995,9.689470486278413,2.317367667176324,4.1812400438316635
2022-01-05 01:51:28.235294,2022-01-05 01:38:30,2022-01-05 02:04:00,1530.0,R,R19,S1C,1,1,267.40371470056897,256.07451751912816,261.67715052189544,7.911733287084948,14.992483806864243,7.080750519779295,4.28,2.386237497494877,0.9552605980178537,2.497996360832082
2022-01-05 01:53:15.000000,2022-01-05 01:42:30,2022-01-05 02:04:00,1290.0,R,R19,S1P,1,1,265.6559985095844,256.07451751912816,260.8901191217397,9.020120007617637,14.992483806864243,5.972363799246606,8.200000000000001,1.3732056615401647,0.6082267125239819,2.257720079148974
2022-01-05 02:09:00.000000,2022-01-05 01:50:00,2022-01-05 02:28:00,2280.0,R,R01,S1C,2,-1,148.9286091927779,160.47070904804943,155.23682510351455,14.893335449942176,2.36513081259167,12.528204637350505,4.44,11.114740965503719,3.006375486530174,3.697056809870367
2022-01-05 02:09:00.000000,2022-01-05 01:50:00,2022-01-05 02:28:00,2280.0,R,R01,S1P,2,-1,148.9286091927779,160.47070904804943,155.23682510351455,14.893335449942176,2.36513081259167,12.528204637350505,4.44,8.365615683677705,2.113409035121994,3.958351433467213
2022-01-05 02:28:10.833333,2022-01-05 02:09:30,2022-01-05 02:46:00,2190.0,G,G16,S1C,1,1,214.7020434526196,219.69256586388892,216.84598511943068,2.6071256866089194,14.973902336737815,12.366776650128896,4.31,4.745624661090734,1.2630821441042366,3.7571781718569675
2022-01-05 02:33:30.000000,2022-01-05 02:16:30,2022-01-05 02:50:30,2040.0,G,G20,S1C,2,-1,136.60680587059608,136.52420183608797,136.85767241405438,14.912576006718226,2.335848957095716,12.576727049622509,4.409999999999999,6.1568036621141164,1.7995456799756884,3.4213100176469506
2022-01-05 03:00:15.000000,2022-01-05 02:40:30,2022-01-05 03:20:00,2370.0,C,C24,S2I,1,1,213.599814338271,226.8259258228175,220.07426119883996,2.2003010926312787,4.622303293186912,2.422002200555633,3.9699999999999993,17.392868555021593,5.779311633011314,3.009505224752697
2022-01-05 03:00:45.000000,2022-01-05 02:41:30,2022-01-05 03:20:00,2310.0,C,C24,S1X,1,1,213.91046765938202,226.8259258228175,220.23830106147076,2.3192351804302094,4.622303293186912,2.3030681127567023,3.9200000000000004,13.949182082640068,5.334672128441027,2.6148152588932385
2022-01-05 03:08:30.000000,2022-01-05 02:58:00,2022-01-05 03:19:00,1260.0,C,C26,S1X,2,-1,262.18060199900646,269.92550256185405,266.0978751094388,14.961150877258348,11.271493271854066,3.689657605404282,9.390000000000004,2.5031844548577493,0.9921235570652771,2.523057170683683
2022-01-05 03:08:30.000000,2022-01-05 02:58:00,2022-01-05 03:19:00,1260.0,C,C26,S2I,2,-1,262.18060199900646,269.92550256185405,266.0978751094388,14.961150877258348,11.271493271854066,3.689657605404282,3.2000000000000006,2.110819097417784,1.192746253756427,1.7697134581391343
2022-01-05 03:10:30.000000,2022-01-05 02:50:30,2022-01-05 03:30:30,2400.0,C,C32,S1X,2,-1,140.3937308692334,145.09267818328968,143.17789455276179,14.93023061986665,2.2989088631314827,12.631321756735169,4.359999999999999,9.10357412793366,1.6573696360741312,5.492784427677589
2022-01-05 03:10:30.000000,2022-01-05 02:50:30,2022-01-05 03:30:30,2400.0,C,C32,S2I,2,-1,140.3937308692334,145.09267818328968,143.17789455276179,14.93023061986665,2.2989088631314827,12.631321756735169,4.380000000000001,9.174670044325826,2.235971744385274,4.103213767063133
2022-01-05 03:28:15.000000,2022-01-05 02:53:00,2022-01-05 04:03:30,4230.0,E,E04,S1X,2,-1,133.06212228490983,149.38755435228373,142.20438861429625,14.976862213705273,2.0469592105679366,12.929903003137337,4.4399999999999995,8.370190818000445,1.618301052856755,5.172208720512609
2022-01-05 03:30:30.000000,2022-01-05 03:05:00,2022-01-05 03:56:00,3060.0,E,E15,S1X,1,1,267.03258802087635,251.820749527492,259.38823211763497,3.961067803492456,14.940271847703334,10.979204044210878,4.489999999999999,7.977238954701337,1.8191634675527544,4.385113870735755
2022-01-05 03:31:00.000000,2022-01-05 03:09:30,2022-01-05 03:52:30,2580.0,C,C44,S2I,1,1,243.8145404176745,234.6218422567142,239.02530001414863,2.1162304467134287,14.908857547943173,12.792627101229744,4.4399999999999995,9.870893141309532,2.1676868275898205,4.553652776625788
2022-01-05 03:31:11.511628,2022-01-05 03:09:30,2022-01-05 03:52:30,2580.0,C,C44,S1X,1,1,243.8145404176745,234.6218422567142,238.9833455307284,2.1162304467134287,14.908857547943173,12.792627101229744,4.39,7.575484512523049,1.6027958600719077,4.726418816793789
2022-01-05 03:32:57.391304,2022-01-05 03:15:30,2022-01-05 03:50:00,2070.0,G,G27,S1C,1,1,228.9912171361454,225.11714470330838,226.7987099070069,2.471133950975132,14.943437746326083,12.472303795350951,4.42,6.076802370436307,1.4172563505253561,4.287722802006656
2022-01-05 03:41:30.000000,2022-01-05 03:20:30,2022-01-05 04:02:30,2520.0,C,C24,S1X,2,-1,227.00210337619737,241.8707632464023,234.45163137286002,4.62228173992471,2.0398611380707425,2.5824206018539675,3.6499999999999995,12.303881691338486,4.728744054033761,2.601934372160173
2022-01-05 03:41:30.000000,2022-01-05 03:20:30,2022-01-05 04:02:30,2520.0,C,C24,S2I,2,-1,227.00210337619737,241.8707632464023,234.45163137286002,4.62228173992471,2.0398611380707425,2.5824206018539675,3.77,16.494995880046257,6.059452274356276,2.7221925568839636
2022-01-05 03:43:44.680851,2022-01-05 02:56:00,2022-01-05 04:30:30,5670.0,E,E27,S1X,1,1,208.48120463006225,234.10111371889673,219.95648826560839,2.015665330244916,14.653714743744166,12.63804941349925,4.279999999999999,6.0171832542667,1.1480774043887683,5.241095444666664
2022-01-05 03:47:45.000000,2022-01-05 03:30:30,2022-01-05 04:05:00,2070.0,G,G05,S1C,2,-1,135.09245280524797,132.17353427750317,133.88288650570905,14.913918424488743,2.149206214857204,12.76471220963154,4.4399999999999995,10.179230977347883,2.1176991768342113,4.806740772579895
2022-01-05 04:01:00.000000,2022-01-05 03:55:30,2022-01-05 04:06:30,660.0,R,R09,S1C,2,-1,264.89619039520073,269.78794496719684,267.3667736098114,14.923062128598298,11.933466543488109,2.989595585110189,3.0100000000000007,7.666652742631392,3.6842771819110247,2.080910953245575
2022-01-05 04:01:00.000000,2022-01-05 03:55:30,2022-01-05 04:06:30,660.0,R,R09,S1P,2,-1,264.89619039520073,269.78794496719684,267.3667736098114,14.923062128598298,11.933466543488109,2.989595585110189,3.210000000000001,5.284430963303412,2.6256586572662832,2.0126115588860745
2022-01-05 04:07:00.000000,2022-01-05 03:52:30,2022-01-05 04:21:30,1740.0,R,R02,S1C,2,-1,151.43058623323745,154.00354952697813,153.02596504393966,14.870259662221557,2.197334473939209,12.672925188282347,4.4399999999999995,17.38422490985457,4.229822507977413,4.1099182949327195
2022-01-05 04:07:00.000000,2022-01-05 03:52:30,2022-01-05 04:21:30,1740.0,R,R02,S1P,2,-1,151.43058623323745,154.00354952697813,153.02596504393966,14.870259662221557,2.197334473939209,12.672925188282347,4.489999999999999,13.399146375582925,2.9523358846652044,4.538489826032241
2022-01-05 04:21:47.250000,2022-01-05 03:59:30,2022-01-05 04:34:00,2070.0,R,R20,S1C,1,1,236.5330587677674,225.0402834869104,229.00041766387199,2.811688489999842,14.882686544980844,12.070998054981002,1.4699999999999998,2.668272966603001,0.9376310224630379,2.8457601153103766
2022-01-05 04:33:45.000000,2022-01-05 04:33:30,2022-01-05 04:34:00,30.0,R,R20,S1P,1,1,225.19740735761232,225.0402834869104,225.11884542226133,14.694572478049272,14.882686544980844,0.18811406693157195,,,,
2022-01-05 04:37:45.000000,2022-01-05 04:11:30,2022-01-05 05:04:00,3150.0,G,G13,S1C,2,-1,134.36052481008278,149.2879316445907,142.565785281351,14.981210657117181,2.123521253256552,12.857689403860629,4.5200000000000005,8.081116433747836,1.876790283065493,4.305817494189272
2022-01-05 04:43:10.945946,2022-01-05 04:24:00,2022-01-05 05:01:30,2250.0,C,C12,S2I,1,1,232.02229728912133,226.30698222208784,228.87073220536627,2.555072993207925,14.837289230358436,12.28221623715051,4.49,6.837085814049843,1.5736774451564588,4.344655148418984
2022-01-05 04:50:32.812500,2022-01-05 04:33:00,2022-01-05 05:06:30,2010.0,G,G08,S1C,1,1,220.50337782187674,221.1493696718528,220.53177691242527,2.4374940987890845,14.919409467400587,12.481915368611503,4.37,4.074573520032984,1.4429848214420034,2.8237119749888855
2022-01-05 05:20:30.000000,2022-01-05 04:31:00,2022-01-05 06:10:00,5940.0,E,E27,S1X,2,-1,234.27344340293385,266.6133765146722,250.99586597889558,14.653705361747694,2.0350480922107494,12.618657269536945,4.53,6.548383962758638,1.4963661698746198,4.376190864637983
2022-01-05 05:30:47.368421,2022-01-05 05:12:00,2022-01-05 05:50:00,2280.0,C,C20,S1X,2,-1,135.58986310430382,131.98408327086923,134.08438602555518,14.939753900138872,2.172789156263551,12.76696474387532,4.630000000000001,7.874880169614692,2.1671073976901467,3.633820907080233
2022-01-05 05:31:00.000000,2022-01-05 05:12:00,2022-01-05 05:50:00,2280.0,C,C20,S2I,2,-1,135.58986310430382,131.98408327086923,134.0623136423261,14.939753900138872,2.172789156263551,12.76696474387532,4.53,10.979206395051403,2.6286586475211235,4.176733409415866
2022-01-05 05:49:30.000000,2022-01-05 05:31:30,2022-01-05 06:07:30,2160.0,G,G15,S1C,2,-1,137.29901270029052,140.14009474402863,139.07299093214564,14.85367525853782,2.3105702090105016,12.543105049527318,4.67,9.125863948641557,2.011072332138318,4.537809905095893
2022-01-05 05:50:30.000000,2022-01-05 05:36:00,2022-01-05 06:05:00,1740.0,R,R03,S1C,2,-1,146.81608392627663,143.4833686505679,145.3619914689716,14.848286379059099,2.1719375025505916,12.676348876508508,4.55,17.436687455307126,4.509637518827405,3.866538581540144
2022-01-05 05:50:30.000000,2022-01-05 05:36:00,2022-01-05 06:05:00,1740.0,R,R03,S1P,2,-1,146.81608392627663,143.4833686505679,145.3619914689716,14.848286379059099,2.1719375025505916,12.676348876508508,4.579999999999999,14.733803539173122,3.6581449066699365,4.027670831822111
2022-01-05 05:57:45.000000,2022-01-05 05:39:00,2022-01-05 06:16:30,2250.0,C,C34,S1X,1,1,223.03778172632488,222.04431724178448,222.22387583720786,2.199895233642099,14.939417358187036,12.739522124544937,4.6000000000000005,4.868709865291856,1.429644783785512,3.4055381592063383
2022-01-05 05:57:45.000000,2022-01-05 05:39:00,2022-01-05 06:16:30,2250.0,C,C34,S2I,1,1,223.03778172632488,222.04431724178448,222.22387583720786,2.199895233642099,14.939417358187036,12.739522124544937,4.75,8.793139447139382,1.9961819778160823,4.404978877105931
2022-01-05 06:12:00.000000,2022-01-05 05:54:00,2022-01-05 06:30:00,2160.0,G,G21,S1C,1,1,238.70612426080206,231.80235952437994,235.0793963824774,2.1648902168697117,14.910829004170393,12.745938787300682,4.6499999999999995,6.925771016674176,1.46942138624258,4.713264065377386
2022-01-05 06:14:30.000000,2022-01-05 05:53:00,2022-01-05 06:36:00,2580.0,E,E09,S1X,2,-1,139.3013922572342,139.27499032649294,139.6810516045457,14.9004107179883,2.0779817416653894,12.822428976322911,4.669999999999999,11.346503218187848,2.4906284862939048,4.555678729536908
2022-01-05 06:22:30.000000,2022-01-05 06:08:00,2022-01-05 06:37:00,1740.0,R,R21,S1C,1,1,215.7067012454515,212.04560642270204,213.66653785226165,2.115760812502342,14.85054572023816,12.734784907735817,4.489999999999999,12.184176996447412,3.456389173184916,3.52511722087713
2022-01-05 06:22:30.000000,2022-01-05 06:08:00,2022-01-05 06:37:00,1740.0,R,R21,S1P,1,1,215.7067012454515,212.04560642270204,213.66653785226165,2.115760812502342,14.85054572023816,12.734784907735817,4.54,10.326620585144816,2.8623288404865592,3.6077687647480166
2022-01-05 06:37:30.000000,2022-01-05 06:22:30,2022-01-05 06:52:30,1800.0,E,E13,S1X,1,1,229.95753279069152,225.69654268744844,227.69070525781834,6.224456755062704,14.94383554038413,8.719378785321426,5.069999999999999,4.99350042449565,1.7405126242775528,2.8689825944631333
2022-01-05 06:56:13.285714,2022-01-05 06:38:00,2022-01-05 07:13:30,2130.0,C,C11,S2I,1,1,217.0976466017548,218.5296100703524,217.4954818566456,2.7290543525249555,14.916400843819476,12.18734649129452,4.689999999999999,6.6199437551013,1.6462898677592959,4.021128893972639
2022-01-05 07:09:30.000000,2022-01-05 06:51:30,2022-01-05 07:27:30,2160.0,G,G01,S1C,1,1,232.00096125901547,226.47571240149074,229.02087534418717,2.1569938942330764,14.82597507751364,12.668981183280563,4.75,5.409174051337126,1.29779651664361,4.167967768419082
2022-01-05 07:14:18.000000,2022-01-05 06:59:30,2022-01-05 07:27:00,1650.0,G,G22,S1C,1,1,269.9406776012101,261.4596835015096,265.3930507836267,6.887598231793713,14.994049558240333,8.10645132644662,5.32,1.5413525731832425,0.8595727971286358,1.7931611823129598
2022-01-05 07:24:31.666666,2022-01-05 06:57:30,2022-01-05 07:53:00,3330.0,G,G24,S1C,3,-1,130.14821512699328,147.2151512574718,139.1331486998951,12.89611700866968,2.089823079121381,10.8062939295483,4.730000000000001,5.883413874906301,1.6265609959696836,3.6170877633758027
2022-01-05 07:34:45.000000,2022-01-05 07:22:00,2022-01-05 07:47:30,1530.0,R,R04,S1C,2,-1,137.3445875355027,130.0986792035663,133.8012054326854,14.912815898128628,5.245044273509889,9.667771624618737,5.05,10.960960184848902,4.416646054555558,2.4817384163132563
2022-01-05 07:34:45.000000,2022-01-05 07:22:00,2022-01-05 07:47:30,1530.0,R,R04,S1P,2,-1,137.3445875355027,130.0986792035663,133.8012054326854,14.912815898128628,5.245044273509889,9.667771624618737,5.07,11.727108046547471,3.816846660627186,3.0724598311791933
2022-01-05 07:38:45.000000,2022-01-05 07:38:00,2022-01-05 07:39:30,90.0,C,C46,S2I,2,1,130.27688496994037,130.81542861464595,130.54621289995353,6.660549250561753,6.6641567083347,0.0036074577729472423,,,,
2022-01-05 07:39:00.000000,2022-01-05 07:38:30,2022-01-05 07:39:30,60.0,C,C46,S1X,2,1,130.45651104001647,130.81542861464595,130.6359888763197,6.662539856096451,6.6641567083347,0.0016168522382491446,,,,
2022-01-05 07:51:15.000000,2022-01-05 07:41:30,2022-01-05 08:01:00,1170.0,R,R14,S1C,2,1,130.07759183231585,139.4088748274579,134.7378862752306,8.906573513585704,9.85966945425671,0.9530959406710071,6.41,2.5665865178925316,1.0922344012319982,2.349849551522568
2022-01-05 07:51:15.000000,2022-01-05 07:41:30,2022-01-05 08:01:00,1170.0,R,R14,S1P,2,1,130.07759183231585,139.4088748274579,134.7378862752306,8.906573513585704,9.85966945425671,0.9530959406710071,10.0,2.886601582375672,0.9092629987288181,3.174660781766379
2022-01-05 08:00:57.333333,2022-01-05 07:45:30,2022-01-05 08:12:30,1620.0,R,R22,S1C,1,1,205.8834316142754,207.46084515629508,206.5102360416876,2.804665437601799,14.841518874144192,12.036853436542394,0.8299999999999998,2.8533843433451427,1.2467041204612883,2.2887422095704415
2022-01-05 08:01:37.674418,2022-01-05 07:48:00,2022-01-05 08:12:30,1470.0,R,R22,S1P,1,1,205.90049935203265,207.46084515629508,206.53911715827903,3.9105391697622505,14.841518874144192,10.930979704381942,5.019999999999999,1.8681211763300425,0.6403861977129177,2.9171790132296276
2022-01-05 08:06:15.000000,2022-01-05 07:44:00,2022-01-05 08:28:30,2670.0,C,C43,S2I,1,1,213.26901895532765,220.95265655107775,216.57770758576933,2.1516038216948727,14.934260900455213,12.78265707876034,4.85,8.949870549629832,2.210961130268638,4.047954722995242
2022-01-05 08:06:40.909091,2022-01-05 07:44:00,2022-01-05 08:28:30,2670.0,C,C43,S1X,1,1,213.26901895532765,220.95265655107775,216.6450085903327,2.1516038216948727,14.934260900455213,12.78265707876034,4.9399999999999995,5.326596571744192,1.5539260942330466,3.4278313437893444
2022-01-05 08:06:48.333333,2022-01-05 07:40:00,2022-01-05 08:34:00,3240.0,C,C46,S1X,3,-1,130.9947117939205,148.78422635027147,140.15208954261664,6.663781227831287,2.0390179616649484,4.6247632661663385,4.65,12.066197445686337,3.295342584120879,3.661591211739012
2022-01-05 08:06:48.333333,2022-01-05 07:40:00,2022-01-05 08:34:00,3240.0,C,C46,S2I,3,-1,130.9947117939205,148.78422635027147,140.15208954261664,6.663781227831287,2.0390179616649484,4.6247632661663385,4.590000000000001,15.54555276524952,5.264939527969128,2.9526555210494476
2022-01-05 08:07:57.640449,2022-01-05 07:45:30,2022-01-05 08:30:00,2670.0,G,G03,S1C,1,1,266.2216111044751,252.31788185963376,259.191757899558,2.089811245964045,14.987829394783649,12.898018148819604,4.86,6.468836546988618,1.548830738028606,4.176593599389905
2022-01-05 08:29:45.000000,2022-01-05 08:01:30,2022-01-05 08:58:00,3390.0,R,R14,S1C,3,-1,139.64788189213908,163.90472980211302,152.37194319569429,9.859468175958286,2.1236802611548184,7.735787914803467,4.73,18.659269969229847,4.317180370009751,4.322096454169623
2022-01-05 08:29:45.000000,2022-01-05 08:01:30,2022-01-05 08:58:00,3390.0,R,R14,S1P,3,-1,139.64788189213908,163.90472980211302,152.37194319569429,9.859468175958286,2.1236802611548184,7.735787914803467,4.700000000000001,16.190857152326004,3.3150022790773055,4.884116446771358
2022-01-05 08:58:45.000000,2022-01-05 08:47:30,2022-01-05 09:10:00,1350.0,E,E24,S1X,2,1,134.22131455712028,141.2069396928612,137.7200936202491,2.0227179070871233,2.7139724252689845,0.6912545181818612,9.99,2.3236867387540197,0.491968352397758,4.723244345756841
2022-01-05 09:11:40.645161,2022-01-05 08:40:00,2022-01-05 09:42:30,3750.0,G,G17,S1C,1,1,209.29096813399596,233.24650936820154,220.82186331050326,2.062625198453719,9.531708088264024,7.469082889810305,4.87,7.214844536076447,1.595124663891131,4.523059983585626
2022-01-05 09:17:15.000000,2022-01-05 08:57:00,2022-01-05 09:37:30,2430.0,C,C14,S2I,1,1,269.9732490785736,257.5901956279094,263.7909957870353,4.592573504600223,14.960864722884503,10.36829121828428,4.989999999999999,3.9292214408779045,1.1793764820677366,3.3316091177170284
2022-01-05 09:21:30.000000,2022-01-05 09:10:30,2022-01-05 09:32:30,1320.0,E,E24,S1X,3,-1,141.36080851846026,147.979947592663,144.6982628318247,2.7137029515722033,2.0160762861812365,0.6976266653909668,10.0,5.21789794918034,1.7203969861717123,3.032961572893353
2022-01-05 09:30:45.000000,2022-01-05 09:28:30,2022-01-05 09:33:00,270.0,E,E26,S1X,1,1,217.05129675987735,217.60637317914748,217.32398648265539,13.719294341600934,14.990045093999772,1.270750752398838,6.909999999999997,3.4453108711395886,1.7928411089151346,1.9217045247386029
2022-01-05 09:53:45.000000,2022-01-05 09:51:30,2022-01-05 09:56:00,270.0,G,G25,S1C,3,1,130.03721023947614,131.76903950166044,130.9036957632745,5.017085262685138,5.05493743436353,0.0378521716783915,9.99999999999988,0.0030135941861151963,0.0010046112011021073,2.999761681742287
2022-01-05 09:56:19.615384,2022-01-05 09:41:00,2022-01-05 10:18:00,2220.0,G,G19,S1C,1,1,211.56170570361812,225.26536528735818,217.1003773103531,2.0331109123462605,4.329662975650441,2.2965520633041807,3.89,10.199571331196719,4.903306186234989,2.0801416317483685
2022-01-05 10:10:45.000000,2022-01-05 09:49:30,2022-01-05 10:32:00,2550.0,R,R08,S1C,3,1,265.433495696173,247.79411912751164,256.6538100203833,2.5961239759331955,14.867022884297862,12.270898908364666,4.739999999999999,9.538006066206878,2.454828045965464,3.8854069969921894
2022-01-05 10:10:45.000000,2022-01-05 09:49:30,2022-01-05 10:32:00,2550.0,R,R08,S1P,3,1,265.433495696173,247.79411912751164,256.6538100203833,2.5961239759331955,14.867022884297862,12.270898908364666,4.729999999999999,7.871238991727491,1.7949313744768485,4.38525901527664
2022-01-05 10:14:47.952756,2022-01-05 09:43:00,2022-01-05 10:49:00,3960.0,G,G17,S1C,2,-1,233.460395421481,260.723726216033,246.87961828106455,9.531119523126387,2.072328173336041,7.458791349790346,4.799999999999999,8.37598134810055,2.6026675180252243,3.218229485745391
2022-01-05 10:15:35.200000,2022-01-05 09:56:30,2022-01-05 10:37:30,2460.0,G,G25,S1C,4,-1,131.96094934148098,146.88795470232998,139.0745025502358,5.054916040442238,2.1577021500450324,2.897213890397206,5.11,10.443945407384073,4.517209709048282,2.3120346585778675
2022-01-05 10:18:30.000000,2022-01-05 09:59:30,2022-01-05 10:37:30,2280.0,R,R15,S1C,4,-1,149.32406713904996,160.41477141304034,155.41474253019774,14.9875669108305,2.0552519574259787,12.932314953404521,4.72,14.054521169016564,4.2440151590838395,3.311609558918383
2022-01-05 10:18:30.000000,2022-01-05 09:59:30,2022-01-05 10:37:30,2280.0,R,R15,S1P,4,-1,149.32406713904996,160.41477141304034,155.41474253019774,14.9875669108305,2.0552519574259787,12.932314953404521,4.72,12.286169129743193,3.2306347635547827,3.8030201582503502
2022-01-05 10:22:16.914893,2022-01-05 09:59:00,2022-01-05 10:46:00,2820.0,C,C36,S1X,3,-1,137.42115901128344,146.67334049423937,142.5888430235979,14.980307000283867,2.2673952505327297,12.712911749751138,4.85,6.20097359386385,1.530753929920223,4.050927763541343
2022-01-05 10:22:30.000000,2022-01-05 09:59:00,2022-01-05 10:46:00,2820.0,C,C36,S2I,3,-1,137.42115901128344,146.67334049423937,142.62780391614254,14.980307000283867,2.2673952505327297,12.712911749751138,4.78,7.854643263947298,1.7420199187249727,4.508928502778719
2022-01-05 10:32:52.913385,2022-01-05 10:00:00,2022-01-05 11:04:30,3870.0,C,C28,S1X,1,1,209.54528118139766,230.69259254614457,219.7735506502061,2.085679177398571,8.715436554020528,6.629757376621956,4.569999999999999,6.447393886811209,1.5502732185440027,4.158875874064651
2022-01-05 10:32:52.913385,2022-01-05 10:00:00,2022-01-05 11:04:30,3870.0,C,C28,S2I,1,1,209.54528118139766,230.69259254614457,219.7735506502061,2.085679177398571,8.715436554020528,6.629757376621956,4.6499999999999995,8.434618299003812,2.0378485673305518,4.138981882276273
2022-01-05 10:36:15.000000,2022-01-05 10:18:30,2022-01-05 10:53:30,2100.0,G,G19,S1C,2,-1,225.45883606146808,239.03447097034646,232.35627865797414,4.327986621469835,2.161624427620783,2.166362193849052,4.240000000000001,9.933575159989484,4.542667891743388,2.1867271384827496
2022-01-05 10:42:15.000000,2022-01-05 10:20:00,2022-01-05 11:04:30,2670.0,C,C33,S1X,1,1,252.83270986241223,241.2348330692472,246.90835234894712,2.574065602500291,14.902424234920947,12.328358632420656,4.569999999999999,8.624043445869123,1.8821925281537766,4.581913548625315
2022-01-05 10:42:15.000000,2022-01-05 10:20:00,2022-01-05 11:04:30,2670.0,C,C33,S2I,1,1,252.83270986241223,241.2348330692472,246.90835234894712,2.574065602500291,14.902424234920947,12.328358632420656,4.58,9.060427685183493,2.0867475896680956,4.341889613311874
2022-01-05 11:07:54.578313,2022-01-05 10:46:00,2022-01-05 11:28:30,2550.0,G,G06,S1C,2,1,210.5146429231295,220.72322084475823,215.2086371361337,2.1838306846091182,14.88734056446501,12.703509879855892,4.63,4.537691074080742,1.4683260641200258,3.090383794828433
2022-01-05 11:35:00.000000,2022-01-05 11:04:00,2022-01-05 12:06:00,3720.0,R,R24,S1C,2,1,195.05060241578397,221.64531341843255,207.54356946236976,2.0552257431936587,11.53614583070104,9.480920087507382,4.600000000000001,12.048060740220375,3.630663829359336,3.318418147886296
2022-01-05 11:35:00.000000,2022-01-05 11:04:00,2022-01-05 12:06:00,3720.0,R,R24,S1P,2,1,195.05060241578397,221.64531341843255,207.54356946236976,2.0552257431936587,11.53614583070104,9.480920087507382,4.560000000000001,11.816197551379663,2.4609342395662828,4.8015088584659456
2022-01-05 11:38:15.000000,2022-01-05 11:05:00,2022-01-05 12:11:30,3990.0,C,C28,S1X,2,-1,230.87663234597184,254.94954398913706,243.08053459374804,8.714918543968071,2.1668187481269507,6.548099795841121,4.699999999999998,9.198760161801028,2.233032790653012,4.1194021871532875
2022-01-05 11:38:30.000000,2022-01-05 11:05:00,2022-01-05 12:12:00,4020.0,C,C28,S2I,2,-1,230.87663234597184,255.11994673048088,243.1697400540229,8.714918543968071,2.0784602940245644,6.636458249943507,4.59,11.443867103835732,2.5753908435131625,4.443545775842254
2022-01-05 11:55:30.000000,2022-01-05 11:17:00,2022-01-05 12:34:00,4620.0,E,E33,S1X,1,1,209.1689636525293,231.63380141881098,219.51564921929952,5.109863483000991,13.95144040224976,8.84157691924877,4.46,4.890975465876216,1.3888939209519549,3.5214895767733774
2022-01-05 11:59:00.000000,2022-01-05 11:31:00,2022-01-05 12:27:00,3360.0,E,E25,S1X,3,-1,139.12618672877238,149.63984684742405,145.09222278847906,14.941492593963131,2.036104729534546,12.905387864428585,4.470000000000001,9.988220724573702,1.9621692374199349,5.090397165591719
2022-01-05 12:10:15.000000,2022-01-05 11:52:30,2022-01-05 12:28:00,2130.0,R,R01,S1C,3,1,236.49956757464338,225.5681269011354,230.90608391722176,2.10067555983749,14.840976902629155,12.740301342791664,4.5200000000000005,8.710505963790423,2.1618559049669623,4.029179717194674
2022-01-05 12:10:15.000000,2022-01-05 11:52:30,2022-01-05 12:28:00,2130.0,R,R01,S1P,3,1,236.49956757464338,225.5681269011354,230.90608391722176,2.10067555983749,14.840976902629155,12.740301342791664,4.48,6.834595623841912,1.7085518064556346,4.000227325866214
2022-01-05 12:16:30.000000,2022-01-05 11:59:30,2022-01-05 12:33:30,2040.0,G,G31,S1C,4,-1,133.66131060737925,130.07427346449686,132.09597426312567,14.899224391860898,2.2717951141473063,12.627429277713592,4.390000000000001,8.91256672784075,2.420199093878895,3.682575846913662
2022-01-05 12:38:45.000000,2022-01-05 12:06:30,2022-01-05 13:11:00,3870.0,R,R24,S1C,3,-1,221.88963846715035,251.76734326818018,237.27026346051312,11.536103720257856,2.056973176024592,9.479130544233264,4.209999999999999,12.610011048673549,3.0352481171617844,4.1545239670439145
2022-01-05 12:38:45.000000,2022-01-05 12:06:30,2022-01-05 13:11:00,3870.0,R,R24,S1P,3,-1,221.88963846715035,251.76734326818018,237.27026346051312,11.536103720257856,2.056973176024592,9.479130544233264,4.209999999999999,12.051078389634522,2.585032238887449,4.661867735475937
2022-01-05 12:41:30.000000,2022-01-05 12:22:30,2022-01-05 13:00:30,2280.0,C,C45,S1X,4,-1,137.54084455092845,136.87579885215993,137.53687672775476,14.976397357885844,2.123304839359288,12.853092518526555,4.39,9.425540418661122,2.1895328059498556,4.304818084044266
2022-01-05 12:41:30.000000,2022-01-05 12:22:30,2022-01-05 13:00:30,2280.0,C,C45,S2I,4,-1,137.54084455092845,136.87579885215993,137.53687672775476,14.976397357885844,2.123304839359288,12.853092518526555,4.460000000000001,10.648597936106713,2.4001696066820113,4.436602274464807
2022-01-05 12:55:30.000000,2022-01-05 12:46:00,2022-01-05 13:05:00,1140.0,R,R17,S1C,3,1,193.75210844774173,202.26094325766826,197.98264704324987,2.028844890677006,2.8802545523236116,0.8514096616466058,8.409999999999998,9.251568825550049,4.26060608750924,2.17142083439085
2022-01-05 12:55:30.000000,2022-01-05 12:46:00,2022-01-05 13:05:00,1140.0,R,R17,S1P,3,1,193.75210844774173,202.26094325766826,197.98264704324987,2.028844890677006,2.8802545523236116,0.8514096616466058,8.179999999999998,11.507558866879076,5.322168682518702,2.1621935630633105
2022-01-05 12:57:08.382353,2022-01-05 12:22:00,2022-01-05 13:31:00,4140.0,G,G11,S1C,2,1,210.71870614341526,235.74185711776954,222.67782754063683,2.2137896383177464,10.859361725638793,8.645572087321046,4.28,5.6095457744928625,1.3337971008972405,4.205696481660772
2022-01-05 12:57:08.382353,2022-01-05 12:22:00,2022-01-05 13:31:00,4140.0,G,G11,S1X,2,1,210.71870614341526,235.74185711776954,222.67782754063683,2.2137896383177464,10.859361725638793,8.645572087321046,4.26,6.870601381971316,1.4775064326796215,4.650132974047849
2022-01-05 13:05:42.650602,2022-01-05 12:44:00,2022-01-05 13:26:30,2550.0,G,G02,S1C,2,1,213.15153425338195,230.0482915062778,221.59008985092373,2.251271767316151,5.628715414270607,3.3774436469544558,4.31,11.636339692439043,4.079652167641167,2.852287208388923
2022-01-05 13:09:44.210526,2022-01-05 12:50:00,2022-01-05 13:28:30,2310.0,C,C41,S1X,2,1,228.77504834821752,224.89098634684404,226.5005911504808,2.011724775585672,14.913947975630105,12.902223200044432,4.340000000000001,7.1948469110792885,1.7081071512067227,4.212175393093086
2022-01-05 13:09:44.210526,2022-01-05 12:50:00,2022-01-05 13:28:30,2310.0,C,C41,S2I,2,1,228.77504834821752,224.89098634684404,226.5005911504808,2.011724775585672,14.913947975630105,12.902223200044432,4.29,8.259594848516771,2.175109007931138,3.797324556332426
2022-01-05 13:14:45.000000,2022-01-05 13:05:30,2022-01-05 13:24:00,1110.0,R,R17,S1C,4,-1,202.48792939914884,210.8740929966198,206.6877451460799,2.8794116322742753,2.0227516421207117,0.8566599901535636,9.999999999999998,15.381068238137702,6.658547496232973,2.309973495997353
2022-01-05 13:14:45.000000,2022-01-05 13:05:30,2022-01-05 13:24:00,1110.0,R,R17,S1P,4,-1,202.48792939914884,210.8740929966198,206.6877451460799,2.8794116322742753,2.0227516421207117,0.8566599901535636,9.999999999999998,12.818622140755819,5.5789506511713105,2.2976762015388195
2022-01-05 13:21:30.000000,2022-01-05 12:34:30,2022-01-05 14:08:30,5640.0,E,E33,S1X,2,-1,231.80701255483507,262.7427362166095,247.77973487313065,13.951024352325392,2.0482865091328355,11.902737843192558,4.25,7.5692433833419495,1.613516815445283,4.691146265651444
2022-01-05 13:45:18.333333,2022-01-05 13:27:30,2022-01-05 14:04:00,2190.0,G,G26,S1C,4,-1,138.04897877895564,142.11493346402673,140.42675653608458,14.868073145793934,2.06296094865073,12.805112197143204,4.31,4.909794279587538,1.4015263070897404,3.5031766829854885
2022-01-05 13:46:40.945946,2022-01-05 13:27:30,2022-01-05 14:05:00,2250.0,G,G20,S1C,3,1,215.73231298777537,222.2904848776844,218.65761396219844,2.6610962844628383,14.923996939358073,12.262900654895235,4.159999999999999,5.352632254080183,1.2453226963834128,4.298188951044543
2022-01-05 13:48:33.448275,2022-01-05 13:27:00,2022-01-05 14:12:30,2730.0,G,G02,S1C,3,-1,230.2577401797599,249.09531332228278,239.26571671280925,5.628157318795192,2.0176385209977625,3.6105187977974293,3.9700000000000006,11.850256110479721,3.7945212153985786,3.1229911332133544
2022-01-05 13:49:45.000000,2022-01-05 13:35:00,2022-01-05 14:04:30,1770.0,R,R09,S1C,4,-1,145.51829542939657,142.060729465654,144.00401226128022,14.92845057767442,2.178396181608938,12.750054396065483,4.180000000000001,20.276210599103642,3.7486174331846773,5.408983701459707
2022-01-05 13:49:45.000000,2022-01-05 13:35:00,2022-01-05 14:04:30,1770.0,R,R09,S1P,4,-1,145.51829542939657,142.060729465654,144.00401226128022,14.92845057767442,2.178396181608938,12.750054396065483,4.13,15.95323214414357,3.0215502287388216,5.279816960316547
2022-01-05 14:08:21.486486,2022-01-05 13:31:30,2022-01-05 14:46:00,4470.0,G,G11,S1C,3,-1,235.94952396220862,265.86525380850696,251.07332251338494,10.859294804246465,2.0398628844507876,8.819431919795678,4.159999999999999,7.567223236686817,1.837447895392492,4.118333507938958
2022-01-05 14:08:21.486486,2022-01-05 13:31:30,2022-01-05 14:46:00,4470.0,G,G11,S1X,3,-1,235.94952396220862,265.86525380850696,251.07332251338494,10.859294804246465,2.0398628844507876,8.819431919795678,4.1499999999999995,9.871327819365982,2.0646898294269054,4.781022155810183
2022-01-05 14:18:15.000000,2022-01-05 14:04:00,2022-01-05 14:32:30,1710.0,R,R02,S1C,3,1,216.81650298917197,213.29774161360103,214.85581174252007,2.3927656868697786,14.867903001450731,12.475137314580952,4.030000000000001,16.73705792042899,3.860089389143463,4.33592495746397
2022-01-05 14:18:15.000000,2022-01-05 14:04:00,2022-01-05 14:32:30,1710.0,R,R02,S1P,3,1,216.81650298917197,213.29774161360103,214.85581174252007,2.3927656868697786,14.867903001450731,12.475137314580952,4.080000000000001,13.394319864021712,2.6354420903892852,5.082380642271375
2022-01-05 14:27:00.352941,2022-01-05 14:06:00,2022-01-05 14:48:30,2550.0,E,E02,S1X,4,-1,139.68273036435275,138.80067813152903,139.6268828997334,14.952449845011893,2.1144622922019973,12.837987552809896,4.119999999999999,10.76887186098517,2.0830919176773097,5.169657550682009
2022-01-05 14:58:29.340659,2022-01-05 14:35:00,2022-01-05 15:21:00,2760.0,G,G05,S1C,3,1,212.19422714469698,223.28758539058947,217.23039465598956,2.0536221180277243,14.980644509424051,12.927022391396328,4.0299999999999985,6.038814860438259,1.6659749476148789,3.6247933194216575
2022-01-05 15:07:15.000000,2022-01-05 14:59:00,2022-01-05 15:15:30,990.0,C,C35,S1X,3,1,130.09756327157572,135.9411298023628,133.023699786699,3.278854277419506,3.7020501401639523,0.4231958627444463,9.990000000000004,0.7413854489157585,0.1951043723199387,3.7999427696064636
2022-01-05 15:07:15.000000,2022-01-05 14:59:00,2022-01-05 15:15:30,990.0,C,C35,S2I,3,1,130.09756327157572,135.9411298023628,133.023699786699,3.278854277419506,3.7020501401639523,0.4231958627444463,9.990000000000009,1.208107242640269,0.3041839783568473,3.971633381765434
2022-01-05 15:15:19.090909,2022-01-05 14:59:00,2022-01-05 15:33:00,2040.0,G,G16,S1C,4,-1,139.03872838739997,139.19655874809038,139.42417490013958,14.840212975224283,2.097119172399158,12.743093802825125,4.01,4.7269867049992795,1.430005571824871,3.305572228622184
2022-01-05 15:27:00.000000,2022-01-05 15:07:00,2022-01-05 15:47:00,2400.0,C,C32,S1X,3,1,215.20899613308202,219.55435142409448,216.94945037631834,2.1222334234561444,14.87423061765037,12.751997194194226,3.8899999999999992,7.867545876073215,1.771771031396185,4.440498087314058
2022-01-05 15:27:00.000000,2022-01-05 15:07:00,2022-01-05 15:47:00,2400.0,C,C32,S2I,3,1,215.20899613308202,219.55435142409448,216.94945037631834,2.1222334234561444,14.87423061765037,12.751997194194226,3.96,7.148246524902214,1.863798450897414,3.8353109057797274
2022-01-05 15:31:10.677966,2022-01-05 15:16:00,2022-01-05 15:48:30,1950.0,C,C35,S1X,4,-1,136.11700417855818,147.12756750694024,141.34590723001662,3.7018673896066026,2.0181810242335083,1.6836863653730942,4.119999999999999,16.05056998739275,6.774010665044058,2.3694338230405423
2022-01-05 15:31:37.142857,2022-01-05 15:16:00,2022-01-05 15:48:30,1950.0,C,C35,S2I,4,-1,136.11700417855818,147.12756750694024,141.492946944907,3.7018673896066026,2.0181810242335083,1.6836863653730942,4.180000000000001,20.980427319660393,9.016440838654493,2.326907889165639
2022-01-05 15:48:55.774648,2022-01-05 15:31:00,2022-01-05 16:06:30,2130.0,G,G13,S1C,3,1,231.01457836699524,226.4476200573876,228.477241463272,2.129575467899114,14.92665365995427,12.797078192055157,3.9899999999999998,9.006306512898268,2.2056042767959356,4.083373707445681
2022-01-05 15:51:00.000000,2022-01-05 15:41:30,2022-01-05 16:00:30,1140.0,R,R20,S1C,3,1,134.26476127024029,143.44667826531153,138.8489873520097,8.758334695182324,9.700786188923395,0.9424514937410713,9.629999999999995,2.3177613935323214,1.022735806697462,2.26623667456863
2022-01-05 15:51:00.000000,2022-01-05 15:41:30,2022-01-05 16:00:30,1140.0,R,R20,S1P,3,1,134.26476127024029,143.44667826531153,138.8489873520097,8.758334695182324,9.700786188923395,0.9424514937410713,9.609999999999996,2.370090888628729,1.0251822238699755,2.3118727904604492
2022-01-05 16:01:30.000000,2022-01-05 15:47:00,2022-01-05 16:16:00,1740.0,R,R03,S1C,3,1,206.50247058423352,208.8372449146018,207.36473395991354,2.08513590393343,14.811441960206672,12.726306056273241,3.8399999999999994,13.326039607836272,3.968944282051194,3.35757790002263
2022-01-05 16:01:30.000000,2022-01-05 15:47:00,2022-01-05 16:16:00,1740.0,R,R03,S1P,3,1,206.50247058423352,208.8372449146018,207.36473395991354,2.08513590393343,14.811441960206672,12.726306056273241,4.01,10.093132394565115,2.7674807838639524,3.6470469653896203
2022-01-05 16:19:45.937500,2022-01-05 15:56:00,2022-01-05 16:44:00,2880.0,G,G27,S1C,4,-1,136.89703672912867,149.33150684272962,143.7067173902425,14.96002060349816,2.0213407374794006,12.93867986601876,3.9899999999999998,9.07709449849482,1.857635361150157,4.8863704300260125
2022-01-05 16:19:52.297297,2022-01-05 16:01:00,2022-01-05 16:41:30,2430.0,R,R20,S1P,4,-1,143.68830391593673,162.08477362880882,152.51360793337224,9.700623972230035,5.45174869759745,4.248875274632585,4.21,3.919576407167996,1.4280362359565189,2.7447317571340255
2022-01-05 16:23:15.357142,2022-01-05 16:01:00,2022-01-05 16:53:00,3120.0,R,R20,S1C,4,-1,143.68830391593673,166.58064357319623,153.97159465751375,9.700623972230035,2.866853880684556,6.83377009154548,4.070000000000001,3.754186098377568,1.4616329438201854,2.5684876043950333
2022-01-05 17:00:28.767123,2022-01-05 16:41:00,2022-01-05 17:18:30,2250.0,G,G15,S1C,3,1,219.54288288599827,222.6536867116958,220.75906118020782,2.023178264380605,14.871731579602654,12.848553315222048,3.74,5.870666996682346,1.859274268234139,3.1575045688434447
2022-01-05 17:28:13.723404,2022-01-05 17:04:30,2022-01-05 17:51:30,2820.0,E,E04,S1X,3,1,215.50030220390792,220.0067642085791,217.2574285096691,2.014349963903097,14.99963638370409,12.985286419800993,4.02,8.913624154066214,1.9781892192878872,4.505951234167053
2022-01-05 17:35:35.915493,2022-01-05 17:18:00,2022-01-05 17:54:00,2160.0,G,G08,S1C,4,-1,139.83555261726693,144.66885530357806,142.59718613210606,14.988371765530145,2.3570346736897396,12.631337091840406,3.96,7.229403906941195,1.7402731367099802,4.154177729025067
2022-01-05 17:41:30.000000,2022-01-05 17:23:30,2022-01-05 17:59:30,2160.0,R,R04,S1C,3,1,199.42524393615642,209.19445393263308,203.80810863822,2.0209601412165292,14.93866680095642,12.917706659739892,4.079999999999999,13.187131819645655,3.581116358324039,3.682408081768454
2022-01-05 17:41:30.000000,2022-01-05 17:23:30,2022-01-05 17:59:30,2160.0,R,R04,S1P,3,1,199.42524393615642,209.19445393263308,203.80810863822,2.0209601412165292,14.93866680095642,12.917706659739892,4.089999999999999,12.754536644116392,2.7932098325746098,4.56626512457893
2022-01-05 17:44:30.000000,2022-01-05 17:22:00,2022-01-05 18:07:00,2700.0,C,C37,S1X,1,1,265.29300372599727,252.3545695646526,258.7899296868925,3.199560675767602,14.973607774882025,11.774047099114423,4.13,7.071221899466065,1.7008901460796848,4.157365433484489
2022-01-05 17:44:30.000000,2022-01-05 17:22:00,2022-01-05 18:07:00,2700.0,C,C37,S2I,1,1,265.29300372599727,252.3545695646526,258.7899296868925,3.199560675767602,14.973607774882025,11.774047099114423,4.13,9.239658766572465,1.9270275493234679,4.794772534422916
2022-01-05 17:48:45.283018,2022-01-05 17:22:30,2022-01-05 18:15:30,3180.0,C,C44,S1X,4,-1,136.17773409382164,148.56882630913094,143.02852448214483,14.99466121649326,2.0891556359254597,12.9055055805678,3.9199999999999995,7.63711983509946,1.5211299277655275,5.020688697064853
2022-01-05 17:48:45.283018,2022-01-05 17:22:30,2022-01-05 18:15:30,3180.0,C,C44,S2I,4,-1,136.17773409382164,148.56882630913094,143.02852448214483,14.99466121649326,2.0891556359254597,12.9055055805678,3.99,10.464564457547333,2.059634892489399,5.080786160550635
2022-01-05 18:02:58.867924,2022-01-05 17:22:30,2022-01-05 18:42:30,4800.0,C,C20,S1X,3,1,209.23249889964384,234.86935772448314,221.1509982159582,2.0760730346932847,12.400753376733125,10.32468034203984,4.07,7.732398240242339,1.4700552851860669,5.259937036492909
2022-01-05 18:02:58.867924,2022-01-05 17:22:30,2022-01-05 18:42:30,4800.0,C,C20,S2I,3,1,209.23249889964384,234.86935772448314,221.1509982159582,2.0760730346932847,12.400753376733125,10.32468034203984,4.1,7.16256935718135,1.7291766731224063,4.142184814607616
2022-01-05 18:11:00.000000,2022-01-05 17:49:00,2022-01-05 18:33:00,2640.0,R,R14,S1C,4,1,265.0744778074145,247.1177826403786,256.12902444334077,2.093640891266479,14.885012357700722,12.791371466434242,4.029999999999999,14.794204581533675,3.1979095567010627,4.626211066705481
2022-01-05 18:11:00.000000,2022-01-05 17:49:00,2022-01-05 18:33:00,2640.0,R,R14,S1P,4,1,265.0744778074145,247.1177826403786,256.12902444334077,2.093640891266479,14.885012357700722,12.791371466434242,4.059999999999999,12.322521979010068,2.4594137481287137,5.010349311247799
2022-01-05 18:25:48.333333,2022-01-05 18:08:00,2022-01-05 18:44:00,2160.0,R,R21,S1C,4,-1,151.9251653383774,161.82540656861025,157.3305899698204,14.949456330591728,2.0059860372256613,12.943470293366067,3.9699999999999998,12.683068026509781,3.977701806664401,3.1885416863727847
2022-01-05 18:25:48.333333,2022-01-05 18:08:00,2022-01-05 18:44:00,2160.0,R,R21,S1P,4,-1,151.9251653383774,161.82540656861025,157.3305899698204,14.949456330591728,2.0059860372256613,12.943470293366067,4.009999999999999,14.842519463830671,3.2941592107957285,4.505707986179985
2022-01-05 18:39:28.356164,2022-01-05 18:20:30,2022-01-05 18:57:30,2220.0,G,G24,S1C,4,1,235.62345341412356,230.32620903842,232.6841662314996,2.1269139607447487,14.842249675438023,12.715335714693275,3.8099999999999996,5.086899734806716,1.2468371015691788,4.079843091294534
2022-01-05 18:52:30.000000,2022-01-05 18:27:00,2022-01-05 19:18:00,3060.0,G,G21,S1C,4,-1,130.11710196687812,148.64679314093365,139.88454808101835,10.999041070080283,2.3046144283637777,8.694426641716506,4.069999999999999,9.13346545697629,1.7609822244076485,5.186574475530874
2022-01-05 18:58:47.625000,2022-01-05 18:39:00,2022-01-05 19:19:00,2400.0,C,C12,S2I,4,-1,141.84240288923752,147.31345361497986,145.00076645366548,14.972832674187748,2.409416146218531,12.563416527969217,4.2,5.75799679104427,1.3889565497327019,4.145555735456497
2022-01-05 19:25:00.000000,2022-01-05 18:43:00,2022-01-05 20:07:00,5040.0,C,C20,S1X,4,-1,235.0602614398399,265.8236887094281,250.8470401271063,12.400073181697836,2.094439843888437,10.3056333378094,4.129999999999999,8.151028447701089,1.461895853902353,5.575656040027003
2022-01-05 19:25:00.000000,2022-01-05 18:43:00,2022-01-05 20:07:00,5040.0,C,C20,S2I,4,-1,235.0602614398399,265.8236887094281,250.8470401271063,12.400073181697836,2.094439843888437,10.3056333378094,4.050000000000001,7.650504114975632,1.3051092408611957,5.861964558558587
2022-01-05 19:30:30.000000,2022-01-05 18:59:00,2022-01-05 20:02:00,3780.0,R,R05,S1C,3,1,194.98521441556173,221.98199026419448,207.65140175842785,2.0511766804268907,11.690565873559299,9.63938919313241,4.16,12.435474442608271,2.7950381517756484,4.4491251164883705
2022-01-05 19:30:30.000000,2022-01-05 18:59:00,2022-01-05 20:02:00,3780.0,R,R05,S1P,3,1,194.98521441556173,221.98199026419448,207.65140175842785,2.0511766804268907,11.690565873559299,9.63938919313241,4.18,12.023486847310132,2.0845750596850623,5.767835891275913
2022-01-05 19:44:45.000000,2022-01-05 19:33:30,2022-01-05 19:56:00,1350.0,G,G12,S1C,2,1,269.9165977697566,262.5425277820009,266.2434123629117,8.400764857158611,14.874569666499394,6.473804809340782,1.5,4.087911509857384,1.7246855751463224,2.37023580922022
2022-01-05 19:56:07.317073,2022-01-05 19:46:00,2022-01-05 20:08:30,1350.0,R,R22,S1P,4,-1,152.93328244280815,155.38775660157694,154.24471160585605,14.969269564637761,5.069718344180412,9.899551220457349,3.45,2.764079861558488,1.1775101581518836,2.3473936444817975
2022-01-05 19:57:15.000000,2022-01-05 19:30:00,2022-01-05 20:24:30,3270.0,G,G01,S1C,4,-1,134.83092346644614,150.85106213118013,143.61418799598925,14.978271373304015,2.2319423843907895,12.746328988913225,4.17,4.574971162499864,1.3022390709546248,3.5131576563327322
2022-01-05 19:58:07.659574,2022-01-05 19:46:00,2022-01-05 20:14:30,1710.0,R,R22,S1C,4,-1,152.93328244280815,155.6634578749096,154.41093260412137,14.969269564637761,2.4207757982617037,12.548493766376058,1.6400000000000003,3.04898010184775,1.4132571057568495,2.1574136011259695
2022-01-05 19:58:45.000000,2022-01-05 19:58:00,2022-01-05 19:59:30,90.0,R,R04,S1C,4,-1,269.2706697391462,269.9397295686977,269.60555692665935,14.896645906998577,14.458433740562445,0.4382121664361325,,,,
2022-01-05 19:58:45.000000,2022-01-05 19:58:00,2022-01-05 19:59:30,90.0,R,R04,S1P,4,-1,269.2706697391462,269.9397295686977,269.60555692665935,14.896645906998577,14.458433740562445,0.4382121664361325,,,,
2022-01-05 20:10:45.394736,2022-01-05 19:52:00,2022-01-05 20:30:00,2280.0,C,C34,S1X,4,-1,139.10505643527245,139.66665983508673,139.7376666826171,14.873229232695733,2.0269853340485464,12.846243898647186,4.17,9.330832512053462,1.6235527213994134,5.747169395281969
2022-01-05 20:10:45.394736,2022-01-05 19:52:00,2022-01-05 20:30:00,2280.0,C,C34,S2I,4,-1,139.10505643527245,139.66665983508673,139.7376666826171,14.873229232695733,2.0269853340485464,12.846243898647186,4.1899999999999995,10.37523808890765,2.146604541511876,4.833325322977403
2022-01-05 20:13:30.000000,2022-01-05 19:37:30,2022-01-05 20:49:30,4320.0,E,E09,S1X,3,1,208.8406190751775,229.1322192830374,218.34834042724805,2.0743322810999665,9.233404469424753,7.159072188324787,4.239999999999999,11.862286869007892,2.21206847300116,5.362531501076943
2022-01-05 20:14:45.000000,2022-01-05 19:50:00,2022-01-05 20:39:30,2970.0,E,E15,S1X,4,-1,142.22990705505617,150.05768978046973,146.73215181760028,14.891744200245125,2.18303603501258,12.708708165232544,4.15,10.33494871213149,1.942176543679147,5.321323000098416
2022-01-05 20:20:30.000000,2022-01-05 20:03:00,2022-01-05 20:38:00,2100.0,R,R15,S1C,5,1,235.00753349978294,224.52270152159008,229.6316072801222,2.154403881926529,14.926028922942718,12.77162504101619,4.029999999999999,11.157030313394465,3.1735654557920823,3.5156137375492733
2022-01-05 20:20:30.000000,2022-01-05 20:03:00,2022-01-05 20:38:00,2100.0,R,R15,S1P,5,1,235.00753349978294,224.52270152159008,229.6316072801222,2.154403881926529,14.926028922942718,12.77162504101619,4.379999999999998,10.2968897100394,2.441200456914418,4.217961569224948
2022-01-05 20:25:45.000000,2022-01-05 19:59:30,2022-01-05 20:52:00,3150.0,E,E31,S1X,1,1,256.09586361341644,242.42107405169088,249.11069884778442,2.7629564320922664,14.953387413762249,12.190430981669982,4.359999999999999,8.033987315925572,1.8758852778697974,4.2827711324909705
2022-01-05 20:29:14.250000,2022-01-05 20:08:30,2022-01-05 20:49:00,2430.0,C,C46,S2I,4,1,235.17392202630202,229.08566489211586,231.804072781982,2.010127288261009,14.941323771809046,12.931196483548037,4.320000000000001,6.41707695164007,1.4673183276312312,4.373336603788963
2022-01-05 20:29:28.860759,2022-01-05 20:08:30,2022-01-05 20:49:00,2430.0,C,C46,S1X,4,1,235.17392202630202,229.08566489211586,231.76491213343124,2.010127288261009,14.941323771809046,12.931196483548037,4.000000000000002,6.4624023165488484,1.5203243729873601,4.2506733637707566
2022-01-05 20:34:45.000000,2022-01-05 20:02:30,2022-01-05 21:07:00,3870.0,R,R05,S1C,4,-1,222.22646773411745,252.06694395732,237.59568038990943,11.689280488672214,2.0756629916229414,9.613617497049272,4.199999999999999,15.181271571991262,3.293225723849903,4.609848472288681
2022-01-05 20:34:45.000000,2022-01-05 20:02:30,2022-01-05 21:07:00,3870.0,R,R05,S1P,4,-1,222.22646773411745,252.06694395732,237.59568038990943,11.689280488672214,2.0756629916229414,9.613617497049272,4.220000000000001,13.892828061587757,2.9061820456195213,4.780439712139978
2022-01-05 21:09:30.000000,2022-01-05 20:51:00,2022-01-05 21:28:00,2220.0,C,C11,S2I,4,-1,138.60432584215525,136.18701317827285,137.68781260177118,14.835432923407975,2.0673399471135654,12.76809297629441,4.24,8.56221388620611,1.9046594026447188,4.495404204193689
2022-01-05 21:19:15.000000,2022-01-05 20:59:00,2022-01-05 21:39:30,2430.0,G,G25,S1C,5,1,250.71836204219926,240.33406912615968,245.4070859948141,2.409287473373293,14.898082423267333,12.48879494989404,4.31,5.599136917304741,1.5211272379213585,3.68091292938521
2022-01-05 21:27:00.000000,2022-01-05 20:50:00,2022-01-05 22:04:00,4440.0,E,E09,S1X,4,-1,229.29437853237587,252.9400953215671,241.2912672677482,9.233078139473442,2.1189265292047614,7.11415161026868,4.26,11.619640389869536,2.409336826060218,4.822754653557567
2022-01-05 21:37:28.235294,2022-01-05 21:23:30,2022-01-05 21:50:00,1590.0,G,G32,S1C,3,1,216.10870468241055,226.20477406057762,221.377248178543,2.0807448885472923,3.3433473046055795,1.2626024160582872,6.11,4.2492778957656245,2.296488038195278,1.8503374827525638
2022-01-05 22:02:45.000000,2022-01-05 22:02:30,2022-01-05 22:03:00,30.0,C,C43,S1X,4,-1,130.09350311190812,130.02804908966408,130.06077610078611,14.872301724011864,14.705560855391475,0.16674086862038884,,,,
2022-01-05 22:02:45.000000,2022-01-05 22:02:30,2022-01-05 22:03:00,30.0,C,C43,S2I,4,-1,130.09350311190812,130.02804908966408,130.06077610078611,14.872301724011864,14.705560855391475,0.16674086862038884,,,,
2022-01-05 22:05:11.250000,2022-01-05 21:52:00,2022-01-05 22:17:00,1500.0,G,G32,S1C,4,-1,226.98720183134444,236.80074507042985,232.16693104177867,3.339743498150073,2.179652256794704,1.160091241355369,8.410000000000002,4.253462217414175,1.8020321471530028,2.360369777050949
2022-01-05 22:43:45.000000,2022-01-05 22:25:00,2022-01-05 23:02:30,2250.0,C,C36,S2I,4,1,219.70730177063706,221.34467538308058,220.17300383568704,2.4194643118760286,14.870234179931886,12.450769868055858,4.460000000000001,7.883925563185898,2.0407325355470785,3.8632821429842004
2022-01-05 22:44:00.000000,2022-01-05 22:25:30,2022-01-05 23:02:30,2220.0,C,C36,S1X,4,1,219.7022264816988,221.34467538308058,220.17921336549563,2.585855265638213,14.870234179931886,12.284378914293672,4.46,5.654136512524397,1.4007974756706953,4.03636971848284
2022-01-05 22:46:00.000000,2022-01-05 22:25:00,2022-01-05 23:07:00,2520.0,E,E13,S1X,4,-1,139.8532668983941,137.3816388321059,138.96399080244097,14.910637141159379,2.09479210305699,12.815845038102388,4.4399999999999995,9.753944897653119,2.1771727711933515,4.480096860804845
2022-01-05 23:24:15.000000,2022-01-05 23:20:30,2022-01-05 23:28:00,450.0,E,E24,S1X,4,1,224.6504255906826,224.15660620004803,224.39318534809735,12.57980016413568,14.854215703007592,2.274415538871912,4.300000000000002,3.500772762553062,1.6763765820240601,2.0882973432653316
2022-01-05 23:25:30.000000,2022-01-05 23:21:30,2022-01-05 23:29:30,480.0,C,C14,S2I,3,1,130.11620608949147,133.0019649317488,131.56078188209216,5.902601303503415,5.9984583093135155,0.09585700581010048,10.00000000000001,0.004564198893863696,0.0014492419334873356,3.1493698797969407
2022-01-05 23:29:59.702970,2022-01-05 23:04:30,2022-01-05 23:55:00,3030.0,G,G31,S1C,5,1,211.97310302972843,225.74368258087307,218.1993245919855,2.1297533901014623,14.991167188631163,12.8614137985297,4.54,8.297181770828198,1.855559052291181,4.471526659624829
2022-01-05 23:32:45.000000,2022-01-05 23:19:00,2022-01-05 23:46:30,1650.0,R,R24,S1C,5,-1,137.73020215615725,130.0130231598856,133.96676204655972,14.92026923740466,4.466421309040091,10.45384792836457,4.63,10.179665260454822,3.3994631787226264,2.994491990432415
2022-01-05 23:32:45.000000,2022-01-05 23:19:00,2022-01-05 23:46:30,1650.0,R,R24,S1P,5,-1,137.73020215615725,130.0130231598856,133.96676204655972,14.92026923740466,4.466421309040091,10.45384792836457,4.53,9.618803579544473,2.335025423988422,4.119357108803868
2022-01-05 23:38:45.000000,2022-01-05 23:27:00,2022-01-05 23:50:30,1410.0,R,R01,S1C,5,1,130.00058854928122,141.14580718999207,135.56127303838966,7.791917293818758,9.107450848029112,1.3155335542103535,5.420000000000003,5.30583319051,2.492449832599146,2.12876228083477
2022-01-05 23:38:45.000000,2022-01-05 23:27:00,2022-01-05 23:50:30,1410.0,R,R01,S1P,5,1,130.00058854928122,141.14580718999207,135.56127303838966,7.791917293818758,9.107450848029112,1.3155335542103535,5.250000000000002,4.339953662613315,1.9224480710902754,2.2575141185228493
2022-01-05 23:44:45.000000,2022-01-05 23:30:00,2022-01-05 23:59:30,1770.0,C,C14,S2I,4,-1,133.18149871069969,143.41353090093514,138.36773804331773,5.997687780035829,4.530723729826039,1.46696405020979,6.839999999999996,5.989583712618589,3.2608705235498827,1.8368051320535554
2022-01-05 23:48:45.000000,2022-01-05 23:38:00,2022-01-05 23:59:30,1290.0,G,G06,S1C,5,-1,136.65203915501687,134.94278879045726,135.90126935758607,14.960091961850372,6.691593854738627,8.268498107111746,10.0,3.060991696419244,1.2883684639360933,2.375866673317671
2022-01-05 23:53:15.000000,2022-01-05 23:47:00,2022-01-05 23:59:30,750.0,R,R09,S1C,5,1,207.05120307270897,207.8116680018389,207.38056422307355,2.4213052835136137,7.830388727207898,5.409083443694284,4.580000000000001,19.08990296565662,4.635797144171013,4.117933199398079
2022-01-05 23:53:15.000000,2022-01-05 23:47:00,2022-01-05 23:59:30,750.0,R,R09,S1P,5,1,207.05120307270897,207.8116680018389,207.38056422307355,2.4213052835136137,7.830388727207898,5.409083443694284,4.500000000000001,16.424630645819494,3.738603221006049,4.3932532218275
2022-01-05 23:55:15.000000,2022-01-05 23:51:00,2022-01-05 23:59:30,510.0,R,R01,S1C,6,-1,141.38298824741602,145.38789211201444,143.39008453093805,9.106243388500467,8.893923962880173,0.2123194256202936,9.989999999999965,0.1618238178776459,0.05289228429826705,3.059497619068569
2022-01-05 23:55:15.000000,2022-01-05 23:51:00,2022-01-05 23:59:30,510.0,R,R01,S1P,6,-1,141.38298824741602,145.38789211201444,143.39008453093805,9.106243388500467,8.893923962880173,0.2123194256202936,9.989999999999965,0.34025616278821924,0.1112543293530184,3.058363344302411
2022-01-06 00:05:45.000000,2022-01-06 00:00:00,2022-01-06 00:11:30,690.0,G,G06,S1C,1,-1,134.88843957195644,133.47433575325337,134.20598983270693,6.504014749380827,2.253321592787225,4.250693156593602,4.38,9.172547418361301,3.240851549423745,2.8302892861576057
2022-01-06 00:08:00.000000,2022-01-06 00:00:00,2022-01-06 00:16:00,960.0,R,R09,S1C,1,1,207.8556287255629,209.87410079873106,208.7659677034801,8.04667460812193,14.92052842130382,6.87385381318189,4.69,7.204706618421511,2.755713336849065,2.614461570469267
2022-01-06 00:08:00.000000,2022-01-06 00:00:00,2022-01-06 00:16:00,960.0,R,R09,S1P,1,1,207.8556287255629,209.87410079873106,208.7659677034801,8.04667460812193,14.92052842130382,6.87385381318189,4.61,7.172796391853699,2.2032121513540197,3.255608583787785
2022-01-06 00:09:15.000000,2022-01-06 00:00:00,2022-01-06 00:18:30,1110.0,C,C14,S2I,1,-1,143.57833829978242,149.39086098747885,146.5289404697117,4.482074457481219,2.1573344735234343,2.3247399839577847,4.03,11.664816106500028,5.450836978219344,2.1400045815185322
2022-01-06 00:22:15.000000,2022-01-06 00:00:00,2022-01-06 00:44:30,2670.0,R,R01,S1C,1,-1,145.62138591075112,164.39935792488797,155.40078180671853,8.87014922167111,2.075432163782214,6.794717057888896,4.260000000000001,20.4539238043467,4.070030001829737,5.025497059026926
2022-01-06 00:22:15.000000,2022-01-06 00:00:00,2022-01-06 00:44:30,2670.0,R,R01,S1P,1,-1,145.62138591075112,164.39935792488797,155.40078180671853,8.87014922167111,2.075432163782214,6.794717057888896,4.2700000000000005,16.080793063337804,3.0786400393571838,5.223343053348795
2022-01-06 00:58:01.363636,2022-01-06 00:40:00,2022-01-06 01:14:30,2070.0,G,G26,S1C,1,1,220.43286031062877,222.37459123760888,221.11085147982527,2.457230293313962,14.906986263020515,12.449755969706553,4.43,3.5169839641841754,1.2555959700667791,2.8010475089348397
2022-01-06 01:00:30.000000,2022-01-06 00:26:30,2022-01-06 01:34:30,4080.0,C,C33,S1X,2,-1,130.1592710315028,150.35680387048572,141.18635845764888,13.82082125754994,2.1256877856394816,11.695133471910458,4.410000000000002,6.935846261321507,1.5743530040875515,4.40552166084335
2022-01-06 01:00:30.000000,2022-01-06 00:26:30,2022-01-06 01:34:30,4080.0,C,C33,S2I,2,-1,130.1592710315028,150.35680387048572,141.18635845764888,13.82082125754994,2.1256877856394816,11.695133471910458,4.4399999999999995,9.497762888538356,1.9995704548432949,4.749901592881201
2022-01-06 01:06:24.871794,2022-01-06 00:36:30,2022-01-06 01:35:30,3540.0,C,C45,S2I,1,1,211.43769939057367,226.60125777798845,218.29524358632898,2.0711218581798576,14.99909321530037,12.927971357120512,4.44,8.479346127339145,1.6453159842196177,5.153627758233289
2022-01-06 01:06:40.344827,2022-01-06 00:37:00,2022-01-06 01:35:30,3510.0,C,C45,S1X,1,1,211.5239677626702,226.60125777798845,218.35439206422382,2.209596010389372,14.99909321530037,12.789497204910997,4.469999999999998,7.208489421779321,1.4307231796180686,5.038353697256534
2022-01-06 01:11:45.000000,2022-01-06 00:50:30,2022-01-06 01:33:00,2550.0,C,C29,S1X,1,1,269.952539351072,257.0131753400221,263.48990181813326,4.079740353769834,14.993930624582756,10.914190270812922,4.4399999999999995,5.263464444423254,1.1995883651779007,4.387725487519774
2022-01-06 01:11:45.000000,2022-01-06 00:50:30,2022-01-06 01:33:00,2550.0,C,C29,S2I,1,1,269.952539351072,257.0131753400221,263.48990181813326,4.079740353769834,14.993930624582756,10.914190270812922,4.5200000000000005,7.52573979072982,1.5047872263321251,5.001198614021725
2022-01-06 01:24:45.000000,2022-01-06 01:19:30,2022-01-06 01:30:00,630.0,E,E07,S1X,1,1,130.3590668570635,133.69352453883732,132.02915775020213,6.444027049121647,6.596690891455836,0.15266384233418862,9.989999999999991,0.008808411246801234,0.0030594756661611587,2.8790590963756495
2022-01-06 01:33:45.000000,2022-01-06 01:31:00,2022-01-06 01:36:30,330.0,G,G31,S1C,2,-1,267.50312878951877,269.8290176721167,268.6694889630678,14.960243320041183,13.951078719078803,1.0091646009623805,10.000000000000009,1.5763505406897016,0.5592493456733395,2.8186900045305663
2022-01-06 01:58:34.778761,2022-01-06 01:30:30,2022-01-06 02:27:00,3390.0,E,E07,S1X,2,-1,133.85126559661722,150.09332070934445,142.247007240582,6.5963362726579176,2.1566303179011537,4.439705954756764,4.24,17.72923710673123,4.851864233791538,3.6541082463217522
2022-01-06 02:07:30.000000,2022-01-06 02:03:00,2022-01-06 02:12:00,540.0,E,E25,S1X,1,1,217.10836678723038,218.71745573848736,217.8931690861202,12.64621255683212,14.885229771597418,2.2390172147652976,8.199999999999998,1.5488369454169244,0.8836868214665672,1.75269892884277
2022-01-06 02:13:45.000000,2022-01-06 02:07:30,2022-01-06 02:20:00,750.0,R,R20,S1C,1,1,256.4927790604314,250.98485745661444,253.74393499750988,11.439098809111648,14.951529375296781,3.5124305661851327,4.790000000000002,1.7401996668805078,0.7318828970789907,2.3777023261860584
2022-01-06 02:19:00.000000,2022-01-06 02:01:00,2022-01-06 02:37:00,2160.0,R,R02,S1P,2,-1,150.17620738818718,160.62920851434367,155.89987720700773,14.875953432292764,2.4537181848062475,12.422235247486517,4.4,14.003639750623883,3.2599432083328077,4.295669849348569
2022-01-06 02:19:15.000000,2022-01-06 02:01:00,2022-01-06 02:37:30,2190.0,R,R02,S1C,2,-1,150.17620738818718,160.73315455251554,155.9652095198978,14.875953432292764,2.2618129515006244,12.61414048079214,4.4,19.1898093715468,4.131012598454989,4.64530400578392
2022-01-06 02:24:09.857142,2022-01-06 02:05:30,2022-01-06 02:41:30,2160.0,G,G16,S1C,1,1,214.7256585650859,219.63240924277662,216.86686983135496,2.673635701542003,14.87601495813008,12.202379256588078,4.35,5.106216114098219,1.229548149926729,4.152920822500939
2022-01-06 02:29:45.000000,2022-01-06 02:12:30,2022-01-06 02:47:00,2070.0,G,G20,S1C,2,-1,136.6047365581483,136.4887431269683,136.8467562214999,14.898841289253525,2.1409483859815603,12.757892903271966,4.38,9.336983696288273,2.184024255867252,4.275128204828778
2022-01-06 03:13:15.000000,2022-01-06 02:57:30,2022-01-06 03:29:00,1890.0,C,C45,S1X,2,-1,258.39167716149507,269.99352164086565,264.28973153658444,14.986524773470414,9.59080396677554,5.395720806694873,4.71,3.006606995125275,1.35371666445886,2.221001686735642
2022-01-06 03:13:15.000000,2022-01-06 02:57:30,2022-01-06 03:29:00,1890.0,C,C45,S2I,2,-1,258.39167716149507,269.99352164086565,264.28973153658444,14.986524773470414,9.59080396677554,5.395720806694873,4.09,4.449279031577154,1.4137565986045137,3.147132282861798
2022-01-06 03:23:30.000000,2022-01-06 03:04:00,2022-01-06 03:43:00,2340.0,C,C41,S1X,2,-1,140.33160014790874,143.93324931722603,142.5402840343212,14.875347028728825,2.2050429910867484,12.670304037642076,4.249999999999999,8.775867583263468,1.863643085971417,4.708985132037275
2022-01-06 03:23:30.000000,2022-01-06 03:04:00,2022-01-06 03:43:00,2340.0,C,C41,S2I,2,-1,140.33160014790874,143.93324931722603,142.5402840343212,14.875347028728825,2.2050429910867484,12.670304037642076,4.34,10.763611651668363,2.1645054676873188,4.972780994251227
2022-01-06 03:28:57.391304,2022-01-06 03:11:30,2022-01-06 03:46:00,2070.0,G,G27,S1C,1,1,228.97789060059222,225.11146781843397,226.7890326237385,2.508452513496189,14.983769357192784,12.475316843696596,4.42,3.8235839788067407,1.2759581157517534,2.9966375319099
2022-01-06 03:29:15.000000,2022-01-06 02:59:30,2022-01-06 03:59:00,3570.0,R,R11,S1C,1,1,195.3359810423338,220.89625214607693,207.41524563504058,2.133877512311681,10.753819518187765,8.619942005876084,4.3100000000000005,16.523827553650293,3.536895338647501,4.671845212125773
2022-01-06 03:29:15.000000,2022-01-06 02:59:30,2022-01-06 03:59:00,3570.0,R,R11,S1P,1,1,195.3359810423338,220.89625214607693,207.41524563504058,2.133877512311681,10.753819518187765,8.619942005876084,4.330000000000001,13.642555570697414,2.6386390632894687,5.170300008251176
2022-01-06 03:43:04.477612,2022-01-06 03:26:30,2022-01-06 04:00:30,2040.0,G,G05,S1C,2,-1,135.08839330032234,132.2234602272785,133.9388371304669,14.867929763887556,2.2845206772505695,12.583409086636987,4.37,5.285985739761303,1.5474114345255012,3.4160182753090482
2022-01-06 03:47:15.000000,2022-01-06 03:27:30,2022-01-06 04:07:00,2370.0,C,C35,S1X,1,1,239.8278107030347,232.19655409547062,235.82216682880568,2.8082202940844945,14.933652821257013,12.125432527172519,4.43,6.445085964933166,1.5596623939759378,4.132359663108348
2022-01-06 03:47:15.000000,2022-01-06 03:27:30,2022-01-06 04:07:00,2370.0,C,C35,S2I,1,1,239.8278107030347,232.19655409547062,235.82216682880568,2.8082202940844945,14.933652821257013,12.125432527172519,4.290000000000001,7.331747670062325,2.0803506184286933,3.5242846110239134
2022-01-06 04:02:00.000000,2022-01-06 03:47:30,2022-01-06 04:16:30,1740.0,R,R03,S1C,2,-1,151.23085985254093,153.7899081958393,152.81841855070073,14.837267913198863,2.179446062951777,12.657821850247085,4.390000000000001,19.97456233635222,4.715798979656613,4.235668742989272
2022-01-06 04:02:00.000000,2022-01-06 03:47:30,2022-01-06 04:16:30,1740.0,R,R03,S1P,2,-1,151.23085985254093,153.7899081958393,152.81841855070073,14.837267913198863,2.179446062951777,12.657821850247085,4.44,16.579502176153895,3.486702860545639,4.755065986196296
2022-01-06 04:22:45.000000,2022-01-06 03:50:00,2022-01-06 04:55:30,3930.0,E,E02,S1X,1,1,208.27547980177653,227.1396208807254,217.2034723671913,2.578016274271159,8.656028303957852,6.078012029686693,4.46,11.488480781234037,2.563238214390772,4.482018376885274
2022-01-06 04:26:30.000000,2022-01-06 04:09:00,2022-01-06 04:44:00,2100.0,R,R21,S1C,1,1,233.16032454166714,222.48422446327345,227.6846737530417,2.0664887062893658,14.911266031510275,12.844777325220909,3.33,10.682323701022487,3.164666055642683,3.3754979240149594
2022-01-06 04:26:30.000000,2022-01-06 04:09:00,2022-01-06 04:44:00,2100.0,R,R21,S1P,1,1,233.16032454166714,222.48422446327345,227.6846737530417,2.0664887062893658,14.911266031510275,12.844777325220909,4.09,10.372310249937964,2.46029968274172,4.215872693353853
2022-01-06 04:30:30.000000,2022-01-06 03:59:30,2022-01-06 05:01:30,3720.0,R,R11,S1C,2,-1,221.1381144325731,249.7349702409544,235.81787823235544,10.753399239066834,2.0012129076623735,8.75218633140446,4.249999999999999,14.970942218388513,3.220202908467147,4.649067976127893
2022-01-06 04:30:30.000000,2022-01-06 03:59:30,2022-01-06 05:01:30,3720.0,R,R11,S1P,2,-1,221.1381144325731,249.7349702409544,235.81787823235544,10.753399239066834,2.0012129076623735,8.75218633140446,4.22,13.312731329574461,2.522057221553292,5.278520731331931
2022-01-06 04:33:17.019230,2022-01-06 04:07:30,2022-01-06 04:59:30,3120.0,G,G13,S1C,2,-1,134.3924927095245,149.20659445851578,142.46971249970574,14.969375059882193,2.25152232730756,12.717852732574633,4.36,8.167242099346627,1.8767376805744345,4.351829338688818
2022-01-06 04:47:02.903225,2022-01-06 04:29:30,2022-01-06 05:02:30,1980.0,G,G08,S1C,1,1,220.48243669706022,221.15180476604348,220.5331593413561,2.6388140674825,14.937068351634984,12.298254284152485,4.609999999999999,3.747948823425411,1.3350343597429626,2.807380046867867
2022-01-06 05:30:45.000000,2022-01-06 04:56:00,2022-01-06 06:05:30,4170.0,E,E02,S1X,2,-1,227.3021464952879,249.62572705490805,238.60901351814712,8.655853814431373,2.219177429863783,6.43667638456759,4.38,13.054752932091668,2.8420315346481577,4.593458155877866
2022-01-06 05:40:47.500000,2022-01-06 05:23:00,2022-01-06 05:59:30,2190.0,C,C32,S1X,2,-1,134.2580077131839,130.04111153829004,132.44407172805353,14.83503426782423,2.7190733034757555,12.115960964348474,4.48,8.432903054458484,1.5341082768539835,5.49694124051788
2022-01-06 05:40:47.500000,2022-01-06 05:23:00,2022-01-06 05:59:30,2190.0,C,C32,S2I,2,-1,134.2580077131839,130.04111153829004,132.44407172805353,14.83503426782423,2.7190733034757555,12.115960964348474,4.44,8.783106431485628,1.6916854365629996,5.1919264903824445
2022-01-06 05:43:30.000000,2022-01-06 05:29:00,2022-01-06 05:58:00,1740.0,R,R04,S1C,2,-1,147.40729305911586,144.208294567656,146.02377267967196,14.808937492158805,2.075416803671361,12.733520688487443,4.510000000000001,18.54884628431376,4.473980815784887,4.14593782317318
2022-01-06 05:43:30.000000,2022-01-06 05:29:00,2022-01-06 05:58:00,1740.0,R,R04,S1P,2,-1,147.40729305911586,144.208294567656,146.02377267967196,14.808937492158805,2.075416803671361,12.733520688487443,4.530000000000001,15.375472204741984,3.6508093744872436,4.211524247798194
2022-01-06 05:45:17.083333,2022-01-06 05:27:30,2022-01-06 06:03:30,2160.0,G,G15,S1C,2,-1,137.30473140090052,140.13807903686697,139.060829250572,14.843152851616914,2.298596349414314,12.5445565022026,4.510000000000001,6.077993014364563,1.7951900215957548,3.385710114944712
2022-01-06 06:08:15.000000,2022-01-06 05:50:30,2022-01-06 06:26:00,2130.0,G,G21,S1C,1,1,238.56897162547892,231.78168184310678,235.00468787612604,2.3912591771841334,14.977605486527075,12.586346309342941,4.579999999999998,7.011011493806967,1.483253277558969,4.726779707741609
2022-01-06 06:09:45.000000,2022-01-06 05:51:00,2022-01-06 06:28:30,2250.0,C,C44,S2I,1,1,221.55976703193278,221.48537374249923,221.19105124123462,2.148088095677464,14.838779580698647,12.690691485021183,4.410000000000001,10.72745721158753,2.1459113153127705,4.999021690709518
2022-01-06 06:10:12.162162,2022-01-06 05:51:30,2022-01-06 06:28:30,2220.0,C,C44,S1X,1,1,221.5335754264054,221.48537374249923,221.1836828302807,2.3148593037518013,14.838779580698647,12.523920276946846,4.300000000000002,6.480272362834543,1.776233038147776,3.6483232907276935
2022-01-06 06:11:25.090909,2022-01-06 05:56:30,2022-01-06 06:25:00,1710.0,R,R22,S1C,1,1,216.6246346310152,212.5136873742966,214.27431376534548,2.5605248621016345,14.935041944316408,12.374517082214773,4.58,3.242330703787653,1.043938410738789,3.1058639766814164
2022-01-06 06:12:04.615384,2022-01-06 05:57:00,2022-01-06 06:25:00,1680.0,R,R22,S1P,1,1,216.53314381159018,212.5136873742966,214.17442482282678,2.767335044424419,14.935041944316408,12.16770689989199,4.47,3.6725273800285314,1.0025431677619652,3.663211219350211
2022-01-06 06:49:54.642857,2022-01-06 06:29:00,2022-01-06 07:12:00,2580.0,E,E19,S1X,2,-1,137.47516759317625,135.16632155115337,136.71044971421622,14.925940515601335,2.106601911993937,12.819338603607397,4.56,4.90900007815171,1.1799431960028042,4.16036983371871
2022-01-06 07:06:10.714285,2022-01-06 06:48:00,2022-01-06 07:23:30,2130.0,G,G01,S1C,1,1,231.88908923190007,226.4642558092782,228.89555835542546,2.353419424477684,14.858342135972437,12.504922711494753,4.76,4.99909663739348,1.5820017454774382,3.15998174571216
2022-01-06 07:10:25.000000,2022-01-06 06:56:30,2022-01-06 07:22:30,1560.0,G,G22,S1C,1,1,269.6030735183986,261.5814975851296,265.3244089017403,7.216875384615848,14.884290340633969,7.667414956018121,4.929999999999999,3.227530510141275,1.2965677612075386,2.4892879544801914
2022-01-06 07:13:58.767123,2022-01-06 06:55:30,2022-01-06 07:32:00,2190.0,C,C12,S2I,1,1,215.2147100290321,218.13339896470762,216.3261299342042,2.7291457209136714,14.916891429446581,12.18774570853291,4.51,7.213182910447975,1.6056760654876803,4.492302691363322
2022-01-06 07:20:12.336448,2022-01-06 06:53:30,2022-01-06 07:49:00,3330.0,G,G24,S1C,3,-1,130.18046671110446,147.2351081844225,139.06899538646573,12.88983918482272,2.0692039533311015,10.820635231491618,4.569999999999999,6.679220752065389,1.5449890894105016,4.323150757403652
2022-01-06 07:28:00.000000,2022-01-06 07:14:00,2022-01-06 07:42:00,1680.0,R,R05,S1C,2,-1,137.93768604931088,130.11001928479237,134.12328478673135,14.978753318526154,4.339129063651218,10.639624254874935,5.02,11.30508308968114,4.554737870714187,2.4820491125010653
2022-01-06 07:28:00.000000,2022-01-06 07:14:00,2022-01-06 07:42:00,1680.0,R,R05,S1P,2,-1,137.93768604931088,130.11001928479237,134.12328478673135,14.978753318526154,4.339129063651218,10.639624254874935,5.02,11.205900393933042,3.9610747585190826,2.829005024414779
2022-01-06 07:46:30.000000,2022-01-06 07:36:00,2022-01-06 07:57:00,1260.0,R,R15,S1C,2,1,130.04784661774727,140.10044130159497,135.06668110342775,8.716035054799978,9.785646591528545,1.0696115367285675,6.540000000000001,3.0661831255279703,1.4460194086965,2.1204301319108514
2022-01-06 07:46:30.000000,2022-01-06 07:36:00,2022-01-06 07:57:00,1260.0,R,R15,S1P,2,1,130.04784661774727,140.10044130159497,135.06668110342775,8.716035054799978,9.785646591528545,1.0696115367285675,6.620000000000001,2.332350445741918,1.1438809059920847,2.0389801364147058
2022-01-06 08:03:57.303370,2022-01-06 07:41:30,2022-01-06 08:26:00,2670.0,G,G03,S1C,1,1,266.19869600200747,252.29656763863662,259.17126101833884,2.099798062473899,14.999044072723095,12.899246010249195,4.539999999999999,6.097331970462532,1.9301365002241542,3.159015939937111
2022-01-06 08:13:15.000000,2022-01-06 07:44:30,2022-01-06 08:42:00,3450.0,C,C37,S2I,2,-1,130.08997923272187,148.77464340201925,139.84831720927005,7.814741768139095,2.07650155780055,5.738240210338545,4.630000000000001,12.322885553307144,3.0586069179711877,4.028920970819312
2022-01-06 08:13:30.000000,2022-01-06 07:45:00,2022-01-06 08:42:00,3420.0,C,C37,S1X,2,-1,130.27004774254394,148.77464340201925,139.93314123106126,7.809097731690896,2.07650155780055,5.732596173890346,4.620000000000001,10.47136137106681,2.5289758666526567,4.140554091141512
2022-01-06 08:25:30.000000,2022-01-06 07:57:30,2022-01-06 08:53:30,3360.0,R,R15,S1C,3,-1,140.33961168436582,164.40940296097702,152.9609299711343,9.784549050275206,2.0587386989585807,7.725810351316626,4.669999999999999,17.21556098526821,4.409717847094991,3.9040051046824633
2022-01-06 08:25:30.000000,2022-01-06 07:57:30,2022-01-06 08:53:30,3360.0,R,R15,S1P,3,-1,140.33961168436582,164.40940296097702,152.9609299711343,9.784549050275206,2.0587386989585807,7.725810351316626,4.669999999999999,13.95739212712144,3.5061248159829974,3.9808600262875307
2022-01-06 08:30:00.000000,2022-01-06 08:05:30,2022-01-06 08:54:30,2940.0,C,C34,S2I,1,1,211.79672106313828,222.29442838143535,216.4191796878697,2.190748325991474,14.947683314675958,12.756934988684485,4.92,10.071932598167963,2.181543009677646,4.616884724934319
2022-01-06 08:30:12.857142,2022-01-06 08:05:30,2022-01-06 08:54:30,2940.0,C,C34,S1X,1,1,211.79672106313828,222.29442838143535,216.461248290078,2.190748325991474,14.947683314675958,12.756934988684485,4.88,7.750571939977375,1.5563780675066246,4.979877384416037
2022-01-06 09:07:54.146341,2022-01-06 08:36:00,2022-01-06 09:38:30,3750.0,G,G17,S1C,1,1,209.29407001963597,233.2528653022448,220.91085489022853,2.0639129746207976,9.522723046556004,7.458810071935207,4.59,7.32341646747895,1.6659804002608842,4.395859919079563
2022-01-06 09:31:27.560975,2022-01-06 09:00:00,2022-01-06 10:02:00,3720.0,C,C11,S2I,1,1,208.42395062815754,226.1309836252306,216.51475659266174,2.4418538343694607,14.962632591362642,12.520778756993181,4.839999999999998,6.865286377609091,1.640629269553794,4.184544616515503
2022-01-06 09:38:45.000000,2022-01-06 09:21:00,2022-01-06 09:56:30,2130.0,R,R24,S1C,1,1,199.63606424375084,209.06240813715095,203.86010749275903,2.0200006210980765,14.893640539114664,12.873639918016586,4.830000000000001,14.584602766554903,3.8958829801962027,3.743593645058713
2022-01-06 09:38:45.000000,2022-01-06 09:21:00,2022-01-06 09:56:30,2130.0,R,R24,S1P,1,1,199.63606424375084,209.06240813715095,203.86010749275903,2.0200006210980765,14.893640539114664,12.873639918016586,4.800000000000001,12.71244208191687,2.3433581888520756,5.424882180792099
2022-01-06 09:49:45.000000,2022-01-06 09:47:30,2022-01-06 09:52:00,270.0,G,G25,S1C,3,1,130.05171598313106,131.78341867893528,130.91814161994836,5.021817442723877,5.058716297648982,0.036898854925105695,10.000000000000009,0.002508807871481404,0.0008374551188099045,2.995752029131585
2022-01-06 09:53:30.000000,2022-01-06 09:31:00,2022-01-06 10:16:00,2700.0,R,R01,S1C,2,1,268.1627638758742,249.55439406984493,258.9150447149202,2.0074150546567893,14.933208000030925,12.925792945374136,4.49,9.193506182332333,2.1817550960262495,4.213812173088066
2022-01-06 09:53:30.000000,2022-01-06 09:31:00,2022-01-06 10:16:00,2700.0,R,R01,S1P,2,1,268.1627638758742,249.55439406984493,258.9150447149202,2.0074150546567893,14.933208000030925,12.925792945374136,4.68,7.1019437213115975,1.7434722664679336,4.073448059887575
2022-01-06 09:53:35.689655,2022-01-06 09:37:00,2022-01-06 10:14:00,2220.0,G,G19,S1C,1,1,211.58844017303238,225.29544112104114,217.60341776033943,2.042674720898318,4.328944764964852,2.2862700440665344,4.07,10.758001765094768,5.6504807252488085,1.9039091164444348
2022-01-06 10:11:13.953488,2022-01-06 09:39:00,2022-01-06 10:45:00,3960.0,G,G17,S1C,2,-1,233.4667425470676,260.72646767627776,247.06219591024535,9.522052497564289,2.055914502777236,7.4661379947870525,4.750000000000001,10.408771108948345,2.9628664188986,3.51307471796776
2022-01-06 10:12:12.692307,2022-01-06 09:52:30,2022-01-06 10:34:00,2490.0,G,G25,S1C,4,-1,131.97531160893544,147.06629840037328,139.31351844057104,5.058588451304856,2.08318246116326,2.975405990141596,4.97,8.843031523556999,3.7584796984510764,2.3528214153188958
2022-01-06 10:15:15.000000,2022-01-06 10:08:30,2022-01-06 10:22:00,810.0,E,E15,S1X,1,1,214.7997443241521,217.3588493034233,216.03381590978333,11.615502065487894,14.944570864101255,3.3290687986133616,4.499999999999998,2.7174437534439755,1.127814767018876,2.4094770106858285
2022-01-06 10:23:00.000000,2022-01-06 09:58:30,2022-01-06 10:47:30,2940.0,E,E01,S1X,2,-1,139.21590202827815,152.4616593267167,146.1806559289767,8.254280296415576,2.0026783259350527,6.2516019704805235,4.71,16.747490732097834,3.60983489181585,4.639406298074029
2022-01-06 10:32:24.090909,2022-01-06 10:14:30,2022-01-06 10:50:30,2160.0,G,G19,S1C,2,-1,225.48892945881278,239.44680479804924,232.444158611293,4.327128221779729,2.034934761542629,2.2921934602370997,4.03,12.437608302498022,5.286047197513161,2.352912835956012
2022-01-06 10:41:30.000000,2022-01-06 10:17:30,2022-01-06 11:05:30,2880.0,C,C43,S2I,1,1,211.26814502609867,227.2871018616632,219.04102138652527,2.1165600157116935,5.744145873684164,3.6275858579724702,4.660000000000001,15.213782792117092,4.841020566749558,3.1426808835749678
2022-01-06 10:41:50.526315,2022-01-06 10:17:30,2022-01-06 11:05:30,2880.0,C,C43,S1X,1,1,211.26814502609867,227.2871018616632,219.1550195639378,2.1165600157116935,5.744145873684164,3.6275858579724702,4.670000000000002,11.039679221379366,3.4317996519229355,3.2168775398043756
2022-01-06 10:44:15.000000,2022-01-06 10:22:30,2022-01-06 11:06:00,2610.0,C,C46,S1X,3,-1,138.91525889723022,145.74318468624182,142.83703153973082,14.931255749438225,2.1188088939472176,12.812446855491007,4.789999999999999,8.276066565543136,1.855523915129141,4.460231688777311
2022-01-06 10:44:15.000000,2022-01-06 10:22:30,2022-01-06 11:06:00,2610.0,C,C46,S2I,3,-1,138.91525889723022,145.74318468624182,142.83703153973082,14.931255749438225,2.1188088939472176,12.812446855491007,4.82,9.312393650421185,2.3006154168060156,4.047783728820589
2022-01-06 10:56:45.000000,2022-01-06 10:56:30,2022-01-06 10:57:00,30.0,C,C34,S1X,2,-1,269.64532470290885,269.830662537824,269.7379936203664,14.938531162056279,14.841327451578463,0.09720371047781562,,,,
2022-01-06 10:56:45.000000,2022-01-06 10:56:30,2022-01-06 10:57:00,30.0,C,C34,S2I,2,-1,269.64532470290885,269.830662537824,269.7379936203664,14.938531162056279,14.841327451578463,0.09720371047781562,,,,
2022-01-06 10:59:00.000000,2022-01-06 10:36:30,2022-01-06 11:21:30,2700.0,C,C42,S1X,1,1,249.23604412402656,238.23836176565533,243.57652325381412,2.1123624304995454,14.96050014980826,12.848137719308713,4.569999999999999,8.889602650741109,1.8132125714681615,4.9026809049438596
2022-01-06 10:59:00.000000,2022-01-06 10:36:30,2022-01-06 11:21:30,2700.0,C,C42,S2I,1,1,249.23604412402656,238.23836176565533,243.57652325381412,2.1123624304995454,14.96050014980826,12.848137719308713,4.590000000000001,9.486065774510417,2.369582477899659,4.003264652310663
2022-01-06 11:03:41.428571,2022-01-06 10:42:00,2022-01-06 11:24:30,2550.0,G,G06,S1C,2,1,210.53373793154725,220.7592648832874,215.18726717005896,2.2230627665717737,14.918026952274577,12.694964185702803,4.659999999999999,5.362086943210073,1.576482983537524,3.401297063909883
2022-01-06 11:28:30.000000,2022-01-06 10:57:00,2022-01-06 12:00:00,3780.0,R,R17,S1C,2,1,193.8954417868139,220.99277242827887,206.59277486738853,2.026514384978253,11.905277444001348,9.878763059023095,4.490000000000001,13.522179482391403,2.693157527059431,5.020938933771104
2022-01-06 11:28:30.000000,2022-01-06 10:57:00,2022-01-06 12:00:00,3780.0,R,R17,S1P,2,1,193.8954417868139,220.99277242827887,206.59277486738853,2.026514384978253,11.905277444001348,9.878763059023095,4.5200000000000005,10.396438988841068,1.8333933400942715,5.6705992988424905
2022-01-06 11:28:45.000000,2022-01-06 11:01:00,2022-01-06 11:56:30,3330.0,C,C11,S2I,2,-1,249.51233853560473,269.9296126201352,260.02630649673233,14.982054199061444,5.289546535537718,9.692507663523728,4.850000000000001,5.526281623441113,1.2820833233432145,4.310391940073401
2022-01-06 11:30:10.000000,2022-01-06 11:06:00,2022-01-06 11:56:00,3000.0,C,C43,S1X,2,-1,227.4659712848476,245.34066118620018,236.15065424682842,5.743926877371926,2.029620165133039,3.7143067122388875,4.899999999999998,10.49095559576343,3.579774603422806,2.9306190355483523
2022-01-06 11:30:41.515151,2022-01-06 11:06:00,2022-01-06 11:56:00,3000.0,C,C43,S2I,2,-1,227.4659712848476,245.34066118620018,236.33932172371232,5.743926877371926,2.029620165133039,3.7143067122388875,4.330000000000001,12.00892402024755,3.46941897236806,3.461364601938183
2022-01-06 12:00:15.000000,2022-01-06 11:45:30,2022-01-06 12:15:00,1770.0,R,R09,S1C,4,-1,150.02623365257816,152.54877115563662,151.60136345313526,14.936642663251485,2.184559941096781,12.752082722154704,4.63,14.506992172394341,4.138539465766346,3.505341024869999
2022-01-06 12:00:15.000000,2022-01-06 11:45:30,2022-01-06 12:15:00,1770.0,R,R09,S1P,4,-1,150.02623365257816,152.54877115563662,151.60136345313526,14.936642663251485,2.184559941096781,12.752082722154704,4.59,11.298211771234472,3.3587763497825973,3.3637880569111926
2022-01-06 12:12:00.000000,2022-01-06 11:52:00,2022-01-06 12:32:00,2400.0,C,C14,S2I,2,1,236.3726831681538,229.58583723787385,232.75450292009162,2.2256587338800973,14.867499315510996,12.641840581630898,4.539999999999999,7.731843930225589,1.443254569051673,5.357228098232174
2022-01-06 12:12:17.647058,2022-01-06 11:55:30,2022-01-06 12:29:30,2040.0,G,G31,S1C,4,-1,133.6570366746671,130.06138418133438,132.1107147685735,14.855882664866703,2.2312740432296483,12.624608621637055,4.630000000000001,9.235455864172012,1.9941346359742602,4.63131009188851
2022-01-06 12:21:00.000000,2022-01-06 12:03:30,2022-01-06 12:38:30,2100.0,R,R02,S1C,3,1,234.5918219215313,224.00855451917462,229.16581962234358,2.0399761825291134,14.873483764268137,12.833507581739024,4.300000000000001,14.509831846802298,3.781327163973166,3.8372325952236137
2022-01-06 12:21:00.000000,2022-01-06 12:03:30,2022-01-06 12:38:30,2100.0,R,R02,S1P,3,1,234.5918219215313,224.00855451917462,229.16581962234358,2.0399761825291134,14.873483764268137,12.833507581739024,4.6400000000000015,12.578377345867162,2.940999052940626,4.276906289136809
2022-01-06 12:31:45.000000,2022-01-06 12:01:30,2022-01-06 13:02:00,3630.0,E,E13,S1X,1,1,205.85951778892357,223.6014306185106,214.3271370282728,2.163347496444329,7.423658220869095,5.260310724424766,4.38,13.669679257820176,2.894242697762824,4.723059081529856
2022-01-06 12:33:00.000000,2022-01-06 12:00:30,2022-01-06 13:05:30,3900.0,R,R17,S1C,3,-1,221.23884583277686,251.445884279005,236.81460010857816,11.904945646765174,2.101264261106847,9.803681385658328,4.610000000000001,14.434753673962962,3.600501748162339,4.009095032749344
2022-01-06 12:33:00.000000,2022-01-06 12:00:30,2022-01-06 13:05:30,3900.0,R,R17,S1P,3,-1,221.23884583277686,251.445884279005,236.81460010857816,11.904945646765174,2.101264261106847,9.803681385658328,4.620000000000001,11.214852151525008,3.0547110122871115,3.671329990436073
2022-01-06 12:45:45.000000,2022-01-06 12:33:00,2022-01-06 12:58:30,1530.0,R,R18,S1C,3,1,192.11350920943386,203.5310598201653,197.76657960790138,2.013279927579429,3.559285534191761,1.546005606612332,5.449999999999999,24.282757763445236,12.183074579390127,1.9931551436551092
2022-01-06 12:45:45.000000,2022-01-06 12:33:00,2022-01-06 12:58:30,1530.0,R,R18,S1P,3,1,192.11350920943386,203.5310598201653,197.76657960790138,2.013279927579429,3.559285534191761,1.546005606612332,5.139999999999999,20.121773952122894,9.848407123940628,2.0431500951264083
2022-01-06 12:53:41.729323,2022-01-06 12:18:00,2022-01-06 13:27:00,4140.0,G,G11,S1C,2,1,210.71710849925535,235.74392016236098,222.87875681023414,2.2125324349247255,10.847294700486694,8.63476226556197,4.33,5.539981505127398,1.4910681033045108,3.715444983934449
2022-01-06 12:53:41.729323,2022-01-06 12:18:00,2022-01-06 13:27:00,4140.0,G,G11,S1X,2,1,210.71710849925535,235.74392016236098,222.87875681023414,2.2125324349247255,10.847294700486694,8.63476226556197,4.359999999999999,7.630855985146506,1.6422692894637603,4.646531500103835
2022-01-06 12:55:30.000000,2022-01-06 12:36:30,2022-01-06 13:14:30,2280.0,C,C36,S1X,4,-1,136.3741771981982,134.72749552932638,135.86044106883946,14.986025265514627,2.158412068771657,12.82761319674297,4.590000000000002,8.529475319077191,1.6637192979599202,5.126751447516521
2022-01-06 12:55:30.000000,2022-01-06 12:36:30,2022-01-06 13:14:30,2280.0,C,C36,S2I,4,-1,136.3741771981982,134.72749552932638,135.86044106883946,14.986025265514627,2.158412068771657,12.82761319674297,4.529999999999999,9.998965775567498,2.225279509789284,4.4933527368498165
2022-01-06 12:57:47.666666,2022-01-06 12:35:30,2022-01-06 13:20:30,2700.0,E,E31,S1X,4,-1,141.4685032317628,145.97755863612875,144.1866395720644,14.873882872615965,2.2991352142607395,12.574747658355225,4.68,7.359366678814434,1.8249722263629837,4.032591056731331
2022-01-06 13:00:44.659091,2022-01-06 12:38:30,2022-01-06 13:22:30,2640.0,G,G02,S1C,2,1,212.6404722620446,230.08639014982796,221.24576613397917,2.0283809996913984,5.628794250611415,3.600413250920017,4.26,13.164091723353666,4.107102316683578,3.205201796380731
2022-01-06 13:11:14.411764,2022-01-06 12:45:00,2022-01-06 13:36:30,3090.0,E,E08,S1X,1,1,247.07433613225498,235.82454849659223,241.10433472193594,2.00744840305555,14.968688552884123,12.961240149828573,4.279999999999999,9.142642072687368,2.1093768907895396,4.3342856900576345
2022-01-06 13:11:15.000000,2022-01-06 12:59:00,2022-01-06 13:23:30,1470.0,R,R18,S1C,4,-1,203.7601223117308,214.93697788863437,209.36721452852132,3.5583120882986097,2.0647343344753426,1.493577753823267,5.580000000000001,16.355161482815625,8.82033091255552,1.8542571299149857
2022-01-06 13:11:15.000000,2022-01-06 12:59:00,2022-01-06 13:23:30,1470.0,R,R18,S1P,4,-1,203.7601223117308,214.93697788863437,209.36721452852132,3.5583120882986097,2.0647343344753426,1.493577753823267,5.690000000000001,13.444636425460459,7.374247396641639,1.8231876017047355
2022-01-06 13:26:45.000000,2022-01-06 13:08:00,2022-01-06 13:45:30,2250.0,C,C33,S2I,3,1,225.9161490160745,223.31270897342196,224.3265428622571,2.201956369615792,14.900847570686782,12.698891201070989,4.28,10.112877294841677,1.8333467571467823,5.516074498956345
2022-01-06 13:27:00.000000,2022-01-06 13:08:30,2022-01-06 13:45:30,2220.0,C,C33,S1X,3,1,225.85959745821367,223.31270897342196,224.30534895902426,2.3655277966205777,14.900847570686782,12.535319774066204,4.279999999999999,8.00840882695663,1.8158980042572654,4.410164452068007
2022-01-06 13:33:30.000000,2022-01-06 13:02:30,2022-01-06 14:04:30,3720.0,E,E13,S1X,2,-1,223.76407774669602,243.7531043098462,233.864226570622,7.422987059591845,2.0379039586625765,5.385083100929268,4.139999999999999,13.538056995535202,3.569028763128773,3.7932047887636315
2022-01-06 13:41:17.916666,2022-01-06 13:23:30,2022-01-06 13:59:30,2160.0,G,G26,S1C,4,-1,138.0636051684042,142.0920711651397,140.43470540747404,14.834587865590658,2.2077863838445477,12.62680148174611,4.45,6.928299106368515,1.6774534204685725,4.130248281012294
2022-01-06 13:42:28.000000,2022-01-06 13:23:30,2022-01-06 14:01:00,2250.0,G,G20,S1C,3,1,215.73412904283006,222.3012911305533,218.62943114189352,2.673864494284729,14.933017602662025,12.259153108377296,4.35,5.313894801409538,1.1014814579264038,4.8243161636267775
2022-01-06 13:44:37.241379,2022-01-06 13:23:00,2022-01-06 14:08:30,2730.0,G,G02,S1C,3,-1,230.29585991536018,249.13201886111864,239.32931554724107,5.628058677626264,2.0036954800061246,3.624363197620139,4.390000000000001,11.076000566531953,3.824919324904327,2.895747498362988
2022-01-06 14:03:40.758620,2022-01-06 13:27:30,2022-01-06 14:41:30,4440.0,G,G11,S1C,3,-1,235.95157711358527,265.67846454000164,250.80421332806853,10.847149515515875,2.122025486632313,8.725124028883563,4.43,7.769900920969584,1.9160559166104127,4.055153533679164
2022-01-06 14:03:40.758620,2022-01-06 13:27:30,2022-01-06 14:41:30,4440.0,G,G11,S1X,3,-1,235.95157711358527,265.67846454000164,250.80421332806853,10.847149515515875,2.122025486632313,8.725124028883563,4.43,9.403931798465461,2.1713862054890165,4.330842562549856
2022-01-06 14:13:00.000000,2022-01-06 13:58:30,2022-01-06 14:27:30,1740.0,R,R03,S1C,3,1,216.97444060108444,213.43757817018061,214.9973238874759,2.1556691870062865,14.832097468224385,12.676428281218097,4.27,13.912349047390022,3.5154534372936044,3.957483521130218
2022-01-06 14:13:00.000000,2022-01-06 13:58:30,2022-01-06 14:27:30,1740.0,R,R03,S1P,3,1,216.97444060108444,213.43757817018061,214.9973238874759,2.1556691870062865,14.832097468224385,12.676428281218097,4.21,11.382327260784823,2.6606148269374845,4.278081571802152
2022-01-06 14:54:30.000000,2022-01-06 14:32:30,2022-01-06 15:16:30,2640.0,G,G05,S1C,3,1,212.46266499218157,223.16548574228588,217.2493192002009,2.5696055732087837,14.894145629861454,12.324540056652669,3.9,6.691291075635377,1.5285837973668817,4.3774447218148635
2022-01-06 15:10:52.272727,2022-01-06 14:54:30,2022-01-06 15:29:00,2070.0,G,G16,S1C,4,-1,139.02114914721759,139.19526550628092,139.42434571838552,14.953732510181801,2.025021565347601,12.9287109448342,4.18,6.597441059039121,1.2793335564801935,5.156935832427109
2022-01-06 15:19:30.000000,2022-01-06 15:16:00,2022-01-06 15:23:00,420.0,C,C29,S1X,3,1,130.05376417764762,132.58009536311204,131.3182920397522,6.097534382491125,6.175156171725821,0.07762178923469687,9.999999999999911,0.022323544482267203,0.00746272357361839,2.9913401269723523
2022-01-06 15:19:30.000000,2022-01-06 15:16:00,2022-01-06 15:23:00,420.0,C,C29,S2I,3,1,130.05376417764762,132.58009536311204,131.3182920397522,6.097534382491125,6.175156171725821,0.07762178923469687,9.990000000000064,0.06492533467533411,0.021623724392387134,3.002504725698029
2022-01-06 15:21:30.000000,2022-01-06 14:59:30,2022-01-06 15:43:30,2640.0,E,E24,S1X,4,-1,136.19966746850884,131.89428649993812,134.37854423404727,14.979061571474377,2.0072870087371144,12.971774562737263,3.99,11.5328877310624,2.725866402226309,4.230907179325844
2022-01-06 15:26:15.000000,2022-01-06 15:14:30,2022-01-06 15:38:00,1410.0,R,R11,S1C,4,-1,136.76460379542837,130.08761453286135,133.49257316889356,14.960303419704793,6.0619423759611974,8.898361043743595,4.1899999999999995,9.923226853090606,3.2388529365577328,3.0638090235850766
2022-01-06 15:26:15.000000,2022-01-06 15:14:30,2022-01-06 15:38:00,1410.0,R,R11,S1P,4,-1,136.76460379542837,130.08761453286135,133.49257316889356,14.960303419704793,6.0619423759611974,8.898361043743595,4.109999999999999,8.678468598503505,2.92166012738357,2.970389511484801
2022-01-06 15:40:29.277108,2022-01-06 15:19:30,2022-01-06 16:01:00,2490.0,C,C41,S1X,3,1,214.20647620373677,219.81851392187434,216.56924403627661,2.0933156915647655,14.927699772779592,12.834384081214827,4.06,8.821109687725794,1.4892253094931966,5.923287518345854
2022-01-06 15:40:29.277108,2022-01-06 15:19:30,2022-01-06 16:01:00,2490.0,C,C41,S2I,3,1,214.20647620373677,219.81851392187434,216.56924403627661,2.0933156915647655,14.927699772779592,12.834384081214827,4.08,9.645421426878675,1.8141919517085912,5.316648780077927
2022-01-06 15:45:29.565217,2022-01-06 15:28:00,2022-01-06 16:02:30,2070.0,G,G13,S1C,3,1,230.83428453800394,226.43824082441208,228.3843066550427,2.501792454788961,14.957186021345406,12.455393566556445,4.119999999999999,10.835929471874948,2.07583940311535,5.220023020862186
2022-01-06 15:48:28.800000,2022-01-06 15:23:30,2022-01-06 16:14:00,3030.0,C,C29,S1X,4,-1,132.7597911187022,149.57097031305082,141.3498255692177,6.174736763214667,2.0642141498378854,4.110522613376782,4.030000000000001,13.772862122345062,3.8916143418244262,3.539112798080658
2022-01-06 15:48:45.000000,2022-01-06 15:23:30,2022-01-06 16:14:00,3030.0,C,C29,S2I,4,-1,132.7597911187022,149.57097031305082,141.44099544710681,6.174736763214667,2.0642141498378854,4.110522613376782,3.93,17.350151241744143,4.834965121483382,3.5884749539663825
2022-01-06 15:50:45.000000,2022-01-06 15:40:30,2022-01-06 16:01:00,1230.0,R,R21,S1C,3,1,130.13128514383635,140.1849604821051,135.14938188497595,10.274974111770884,11.361181320384953,1.0862072086140682,8.800000000000006,8.4422314326475,4.674808303678852,1.8058989554724338
2022-01-06 15:50:45.000000,2022-01-06 15:40:30,2022-01-06 16:01:00,1230.0,R,R21,S1P,3,1,130.13128514383635,140.1849604821051,135.14938188497595,10.274974111770884,11.361181320384953,1.0862072086140682,8.650000000000006,5.579160196713118,3.1792674172560265,1.754857161883035
2022-01-06 15:54:13.953488,2022-01-06 15:32:30,2022-01-06 16:15:30,2580.0,E,E07,S1X,3,1,223.3477911833779,222.0327996801135,222.3106384488742,2.0486300429957156,14.857446207391568,12.808816164395854,4.03,10.40130628485689,2.2298674507128533,4.664540164273781
2022-01-06 15:54:44.482758,2022-01-06 15:40:00,2022-01-06 16:09:00,1740.0,R,R04,S1C,3,1,206.52227805449064,208.59878239508447,207.26967704415384,2.1791119236844745,14.968302810208627,12.789190886524153,4.08,16.886864107346867,3.7052016401408,4.5576100162541096
2022-01-06 15:54:44.482758,2022-01-06 15:40:00,2022-01-06 16:09:00,1740.0,R,R04,S1P,3,1,206.52227805449064,208.59878239508447,207.26967704415384,2.1791119236844745,14.968302810208627,12.789190886524153,4.08,13.132363323542535,2.5019460331156917,5.248859547617303
2022-01-06 16:14:51.521739,2022-01-06 15:52:00,2022-01-06 16:39:30,2850.0,G,G27,S1C,4,-1,136.93246859927189,149.26148372685097,143.5171369246749,14.936524273822643,2.145974619268686,12.790549654553956,4.04,8.066266009549015,1.6882169584272535,4.777979494450503
2022-01-06 16:31:45.000000,2022-01-06 16:01:30,2022-01-06 17:02:00,3630.0,R,R21,S1C,4,-1,140.4301453617604,166.5534497282026,154.25864318996227,11.360414484914301,2.112614660346738,9.247799824567563,3.8000000000000003,15.422070813827354,3.1677633561008562,4.868441572229722
2022-01-06 16:31:45.000000,2022-01-06 16:01:30,2022-01-06 17:02:00,3630.0,R,R21,S1P,4,-1,140.4301453617604,166.5534497282026,154.25864318996227,11.360414484914301,2.112614660346738,9.247799824567563,3.82,13.621897209050612,2.5411411340822108,5.360543350525259
2022-01-06 16:56:13.378378,2022-01-06 16:37:00,2022-01-06 17:14:30,2250.0,G,G15,S1C,3,1,219.53833249722112,222.65681950065914,220.74202357633857,2.0360724428269736,14.883263020100216,12.847190577273242,4.0600000000000005,8.021049130080591,1.7816304974723847,4.502083423841322
2022-01-06 17:31:20.142857,2022-01-06 17:14:00,2022-01-06 17:49:30,2130.0,G,G08,S1C,4,-1,139.8447960152402,144.63375504836324,142.57246861860764,14.972819815391462,2.520741797130339,12.452078018261123,4.0,7.8024662116585635,2.029132633604464,3.845222378489176
2022-01-06 17:34:00.000000,2022-01-06 17:16:30,2022-01-06 17:51:30,2100.0,R,R05,S1C,3,1,199.70769599684607,208.9422126745324,203.84913584940736,2.1775201253359358,14.902337978837885,12.72481785350195,4.1,16.67310191158489,3.7301943157849493,4.46976765822355
2022-01-06 17:34:00.000000,2022-01-06 17:16:30,2022-01-06 17:51:30,2100.0,R,R05,S1P,3,1,199.70769599684607,208.9422126745324,203.84913584940736,2.1775201253359358,14.902337978837885,12.72481785350195,4.11,13.417190480702276,2.6837114322592805,4.999490749796085
2022-01-06 18:03:45.312500,2022-01-06 17:40:00,2022-01-06 18:28:00,2880.0,C,C35,S1X,4,-1,138.1693501178526,148.00894952511172,143.65104036990155,14.922361254775755,2.091627689951893,12.830733564823863,4.08,7.9312466187830415,1.6800058547048038,4.720963677937094
2022-01-06 18:04:00.000000,2022-01-06 17:40:00,2022-01-06 18:28:00,2880.0,C,C35,S2I,4,-1,138.1693501178526,148.00894952511172,143.6953068410039,14.922361254775755,2.091627689951893,12.830733564823863,4.08,9.528695930511937,1.9979534110370722,4.769228290246219
2022-01-06 18:04:45.000000,2022-01-06 17:42:30,2022-01-06 18:27:00,2670.0,R,R15,S1C,4,1,265.93693265011746,247.63707434384793,256.8271406185478,2.041168554456361,14.89143422378076,12.850265669324399,3.9999999999999996,13.182070717861356,3.1330995829728523,4.2073577199718315
2022-01-06 18:04:45.000000,2022-01-06 17:42:30,2022-01-06 18:27:00,2670.0,R,R15,S1P,4,1,265.93693265011746,247.63707434384793,256.8271406185478,2.041168554456361,14.89143422378076,12.850265669324399,4.01,10.49802481712451,2.3409867665759396,4.484444323655668
2022-01-06 18:06:45.000000,2022-01-06 17:44:30,2022-01-06 18:29:00,2670.0,C,C23,S1X,1,1,259.9640731337381,247.7715952445586,253.7942008948666,2.946815178587476,14.861146428283316,11.91433124969584,4.02,7.745058135718088,1.6246412714483205,4.76724201941121
2022-01-06 18:06:45.000000,2022-01-06 17:44:30,2022-01-06 18:29:00,2670.0,C,C23,S2I,1,1,259.9640731337381,247.7715952445586,253.7942008948666,2.946815178587476,14.861146428283316,11.91433124969584,4.0200000000000005,8.219576989542352,1.7714942888022343,4.639911650576011
2022-01-06 18:11:00.000000,2022-01-06 17:36:30,2022-01-06 18:45:30,4140.0,C,C32,S1X,3,1,210.0521792014452,232.64150917474177,220.66244188622358,2.732992506328292,10.454788688695835,7.721796182367543,3.9699999999999998,8.323993156952286,1.6559350510820239,5.026763067496644
2022-01-06 18:11:00.000000,2022-01-06 17:36:30,2022-01-06 18:45:30,4140.0,C,C32,S2I,3,1,210.0521792014452,232.64150917474177,220.66244188622358,2.732992506328292,10.454788688695835,7.721796182367543,4.01,10.389113281496046,2.3609150492002846,4.400460442240462
2022-01-06 18:12:24.545454,2022-01-06 17:56:00,2022-01-06 18:31:00,2100.0,R,R22,S1C,4,-1,151.87280363222888,162.18993483401255,157.20117498198752,14.8660554546443,2.7328171677740647,12.133238286870235,2.69,2.7258085682151973,1.2008380298206083,2.2699219216286832
2022-01-06 18:12:24.545454,2022-01-06 17:56:00,2022-01-06 18:31:00,2100.0,R,R22,S1P,4,-1,151.87280363222888,162.18993483401255,157.20117498198752,14.8660554546443,2.7328171677740647,12.133238286870235,4.03,3.3878527514229053,1.041124048405752,3.25403371155497
2022-01-06 18:35:44.788732,2022-01-06 18:16:30,2022-01-06 18:53:30,2220.0,G,G24,S1C,4,1,235.60543660229263,230.31431697165434,232.63042682075556,2.1521949268892535,14.870405269047785,12.718210342158532,3.8499999999999996,4.967591324000059,1.1846989723797392,4.193125375994472
2022-01-06 18:36:15.394736,2022-01-06 17:58:30,2022-01-06 19:15:00,4590.0,E,E11,S1X,3,-1,132.7764278911077,153.52966996342423,143.97892929269642,12.622872039685541,2.0279978651411175,10.594874174544424,3.93,8.421012566695866,1.4852595523768037,5.669724563104168
2022-01-06 18:43:00.000000,2022-01-06 18:36:30,2022-01-06 18:49:30,780.0,E,E27,S1X,1,1,269.9751451029101,265.98383622248593,267.9821251900816,12.144980728766539,14.967304572386286,2.8223238436197473,3.7500000000000004,4.978760826504212,2.4290426187544263,2.049680309461692
2022-01-06 18:47:38.181818,2022-01-06 18:23:00,2022-01-06 19:13:30,3030.0,G,G21,S1C,4,-1,130.1862743653908,148.5492331913307,139.6425271449639,10.979951498680798,2.3880053999043236,8.591946098776475,3.9999999999999996,8.898471611761785,2.0129199362065764,4.420678364650355
2022-01-06 19:24:00.000000,2022-01-06 18:46:00,2022-01-06 20:02:00,4560.0,C,C32,S1X,4,-1,232.82864607994452,260.4832336543603,246.9312755262652,10.45455009937107,2.0256752866844816,8.428874812686589,4.159999999999999,10.715276042402436,2.026588347496392,5.28734711005315
2022-01-06 19:24:00.000000,2022-01-06 18:46:00,2022-01-06 20:02:00,4560.0,C,C32,S2I,4,-1,232.82864607994452,260.4832336543603,246.9312755262652,10.45455009937107,2.0256752866844816,8.428874812686589,4.18,10.443679578664606,2.0650770260066698,5.05728331056978
2022-01-06 19:40:45.000000,2022-01-06 19:29:30,2022-01-06 19:52:00,1350.0,G,G12,S1C,2,1,269.8809040812209,262.5056840706055,266.2071304194392,8.449488509474504,14.92425479015455,6.474766280680045,4.33,5.525561857770069,2.3846032335525877,2.317182909098917
2022-01-06 19:53:15.000000,2022-01-06 19:26:00,2022-01-06 20:20:30,3270.0,G,G01,S1C,4,-1,134.86462750182272,150.8697529967673,143.6406133640281,14.96639908489891,2.2066593325750623,12.759739752323847,4.2700000000000005,5.941181967796992,1.5643682293147172,3.797815537585783
2022-01-06 20:23:00.000000,2022-01-06 20:04:00,2022-01-06 20:42:00,2280.0,C,C44,S1X,4,-1,138.3265571555021,137.99259976595118,138.49583467476288,14.8963207042206,2.0052529416756295,12.89106776254497,4.17,8.961155449750885,1.78526593968105,5.01950731852973
2022-01-06 20:23:00.000000,2022-01-06 20:04:00,2022-01-06 20:42:00,2280.0,C,C44,S2I,4,-1,138.3265571555021,137.99259976595118,138.49583467476288,14.8963207042206,2.0052529416756295,12.89106776254497,4.27,10.391767746136088,2.408401793367197,4.314798209648944
2022-01-06 20:37:15.000000,2022-01-06 20:17:30,2022-01-06 20:57:00,2370.0,C,C37,S1X,3,1,233.40934863019925,228.16981499344013,230.5374387403793,2.070489516481313,14.861487368699333,12.79099785221802,4.3500000000000005,8.20084116732821,1.60751458504423,5.101565636558481
2022-01-06 20:37:15.000000,2022-01-06 20:17:30,2022-01-06 20:57:00,2370.0,C,C37,S2I,3,1,233.40934863019925,228.16981499344013,230.5374387403793,2.070489516481313,14.861487368699333,12.79099785221802,4.46,8.727123429739095,1.9838088305584773,4.399175613752186
2022-01-06 21:11:19.285714,2022-01-06 20:50:30,2022-01-06 21:33:00,2550.0,E,E36,S1X,4,-1,142.98757388414558,145.99471588310502,144.89945245702722,14.86676033474432,2.3711529467766455,12.495607387967675,4.38,8.211648696567515,2.2294481890467748,3.6832650953321755
2022-01-06 21:15:27.407407,2022-01-06 20:55:00,2022-01-06 21:35:30,2430.0,G,G25,S1C,5,1,250.6999055037673,240.3196409451681,245.3366706484356,2.4178405395384197,14.908612169786183,12.490771630247764,4.3500000000000005,5.238163455883025,1.2776030636330415,4.099992873363641
2022-01-06 21:28:15.000000,2022-01-06 21:09:30,2022-01-06 21:47:00,2250.0,C,C12,S2I,4,-1,136.83231106239188,133.0212883965788,135.1968229685696,14.891625052563008,2.169517654040413,12.722107398522596,4.35,7.666500902743073,1.8663546893093377,4.10774058471176
2022-01-06 21:32:46.875000,2022-01-06 21:19:00,2022-01-06 21:48:00,1740.0,G,G32,S1C,3,1,215.92168849598067,226.98379139404065,221.10890060136066,2.02748885084578,3.3300941260935955,1.3026052752478154,7.08,2.1440056745210088,1.0316066360843692,2.078317063429265
2022-01-06 21:40:30.000000,2022-01-06 21:26:00,2022-01-06 21:55:00,1740.0,R,R24,S1C,4,-1,147.58186949512915,144.57997513790085,146.3008063541387,14.926297387156376,2.1565506146995195,12.769746772456857,4.34,18.80068346036677,3.847954468582936,4.885890312337918
2022-01-06 21:40:30.000000,2022-01-06 21:26:00,2022-01-06 21:55:00,1740.0,R,R24,S1P,4,-1,147.58186949512915,144.57997513790085,146.3008063541387,14.926297387156376,2.1565506146995195,12.769746772456857,4.36,14.081784175101484,3.0743449050581195,4.580417815819294
2022-01-06 21:57:45.000000,2022-01-06 21:56:00,2022-01-06 21:59:30,210.0,E,E21,S1X,1,1,232.77695941755488,232.181046484312,232.4776258723005,13.988745771461366,14.968888049071422,0.9801422776100566,9.990000000000013,2.699296418920589,0.8370680848528704,3.224703542956172
2022-01-06 22:02:56.000000,2022-01-06 21:50:30,2022-01-06 22:14:00,1410.0,G,G32,S1C,4,-1,227.96373825546758,237.1868192352814,232.8487308937572,3.3060659489936963,2.0802094935425357,1.2258564554511606,6.159999999999999,5.179586283809194,2.5188248892416225,2.056350286966032
2022-01-06 22:12:00.000000,2022-01-06 21:57:30,2022-01-06 22:26:30,1740.0,R,R09,S1C,5,1,217.24164360350102,214.13394875615649,215.47414373868634,2.2249047431911944,14.859902266361049,12.634997523169854,4.530000000000001,14.527899745711906,2.642788432710829,5.497186065253803
2022-01-06 22:12:00.000000,2022-01-06 21:57:30,2022-01-06 22:26:30,1740.0,R,R09,S1P,5,1,217.24164360350102,214.13394875615649,215.47414373868634,2.2249047431911944,14.859902266361049,12.634997523169854,4.530000000000001,10.922779203561372,2.0944285216860004,5.215159691756209
2022-01-06 23:02:45.000000,2022-01-06 22:43:00,2022-01-06 23:22:30,2370.0,C,C46,S2I,4,1,217.61938534713266,220.6483553414786,218.72775249515394,2.0363947958697404,14.862398254732241,12.826003458862502,4.500000000000001,8.807934384596077,1.9402011284754057,4.539701712016465
2022-01-06 23:03:15.000000,2022-01-06 22:44:00,2022-01-06 23:22:30,2310.0,C,C46,S1X,4,1,217.6379058982634,220.6483553414786,218.75605952190682,2.3666437940892955,14.862398254732241,12.495754460642946,4.5,8.02648717765936,1.5391203485712586,5.214983470987323
2022-01-06 23:25:50.000000,2022-01-06 23:00:00,2022-01-06 23:50:30,3030.0,G,G31,S1C,5,1,211.89943202955266,225.60244155536066,218.18131617965923,2.0115426439124433,14.919535144487815,12.907992500575372,4.6,7.125302537609644,1.7987679378737593,3.961212776580917
2022-01-06 23:28:00.000000,2022-01-06 23:14:00,2022-01-06 23:42:00,1680.0,R,R17,S1C,5,-1,138.16703462633265,130.07448045052243,134.21653775392454,14.858590030179869,4.299796931796375,10.558793098383493,4.420000000000001,10.598718484638983,3.904166682500636,2.714719771608331
2022-01-06 23:28:00.000000,2022-01-06 23:14:00,2022-01-06 23:42:00,1680.0,R,R17,S1P,5,-1,138.16703462633265,130.07448045052243,134.21653775392454,14.858590030179869,4.299796931796375,10.558793098383493,4.510000000000002,9.405711735503965,3.2173883935331244,2.9233995356013676
2022-01-06 23:46:45.000000,2022-01-06 23:34:00,2022-01-06 23:59:30,1530.0,G,G06,S1C,5,-1,136.6492591014428,134.48093060300852,135.70864266060235,14.914482952235943,5.153969057678881,9.76051389455706,4.740000000000001,4.984819289235767,1.5217258275756422,3.275767026427749
2022-01-06 23:46:45.000000,2022-01-06 23:36:30,2022-01-06 23:57:00,1230.0,R,R02,S1C,5,1,130.1875546680841,140.1006392625208,135.13682062136104,9.123198565827314,10.177547175287955,1.0543486094606411,6.579999999999993,4.662160988336264,2.221958060355853,2.09822186634324
2022-01-06 23:46:45.000000,2022-01-06 23:36:30,2022-01-06 23:57:00,1230.0,R,R02,S1P,5,1,130.1875546680841,140.1006392625208,135.13682062136104,9.123198565827314,10.177547175287955,1.0543486094606411,6.459999999999994,4.283930533950879,2.034114950898917,2.106041515528767
2022-01-06 23:58:30.000000,2022-01-06 23:57:30,2022-01-06 23:59:30,120.0,R,R02,S1C,6,-1,140.3422579955795,141.30729997438632,140.82493146269113,10.176864994446916,10.161260517290518,0.015604477156397678,10.000000000000256,0.00016106510250415182,5.375385479328023e-05,2.996345157450672
2022-01-06 23:58:30.000000,2022-01-06 23:57:30,2022-01-06 23:59:30,120.0,R,R02,S1P,6,-1,140.3422579955795,141.30729997438632,140.82493146269113,10.176864994446916,10.161260517290518,0.015604477156397678,10.000000000000256,0.0002606805961805801,8.700111511641511e-05,2.9962902869896166
2022-01-07 00:03:45.000000,2022-01-07 00:00:00,2022-01-07 00:07:30,450.0,G,G06,S1C,1,-1,134.42162018704386,133.46239215847294,133.95202763875412,4.9682658022749635,2.2107269633376143,2.757538838937349,4.2700000000000005,12.696422644329319,4.339697458125403,2.9256469527748434
2022-01-07 00:21:45.000000,2022-01-07 00:15:30,2022-01-07 00:28:00,750.0,E,E01,S1X,1,1,219.94466255893136,220.2075400448905,220.0405780724173,11.09334363504108,14.885742753092826,3.792399118051746,6.779999999999999,2.745942489475192,1.421256200984575,1.9320531284739095
2022-01-07 00:27:15.000000,2022-01-07 00:00:00,2022-01-07 00:54:30,3270.0,R,R02,S1C,1,-1,141.5481562696306,164.97558500854979,153.85407155778663,10.154136731273837,2.125409520266944,8.028727211006894,4.340000000000002,17.68942442438869,3.68148254926101,4.804973047594513
2022-01-07 00:27:15.000000,2022-01-07 00:00:00,2022-01-07 00:54:30,3270.0,R,R02,S1P,1,-1,141.5481562696306,164.97558500854979,153.85407155778663,10.154136731273837,2.125409520266944,8.028727211006894,4.320000000000002,15.423393467889914,2.8837442801327455,5.348391524917022
2022-01-07 00:53:27.826087,2022-01-07 00:36:00,2022-01-07 01:10:30,2070.0,G,G26,S1C,1,1,220.43517116027152,222.38841398315512,221.09133254997968,2.492200995244159,14.941038003870185,12.448837008626025,4.57,5.851243627487308,1.5080239435502412,3.8800734249033946
2022-01-07 01:15:45.000000,2022-01-07 00:44:00,2022-01-07 01:47:30,3810.0,C,C42,S1X,2,-1,132.02547823440412,149.75051245607676,141.79689243962443,14.965301279515446,2.2627980574968993,12.702503222018546,4.47,6.57033233776148,1.530707452341762,4.292350133730529
2022-01-07 01:15:45.000000,2022-01-07 00:44:00,2022-01-07 01:47:30,3810.0,C,C42,S2I,2,-1,132.02547823440412,149.75051245607676,141.79689243962443,14.965301279515446,2.2627980574968993,12.702503222018546,4.5200000000000005,8.129765446673334,1.650782269830598,4.924795713675556
2022-01-07 01:24:00.000000,2022-01-07 01:00:30,2022-01-07 01:47:30,2820.0,C,C30,S1X,1,1,267.33284033467964,253.32680257900057,260.3094517030066,2.749628660153407,14.86628183423287,12.116653174079463,4.5200000000000005,6.166227078461819,1.3718365811968154,4.494869988874542
2022-01-07 01:24:00.000000,2022-01-07 01:00:30,2022-01-07 01:47:30,2820.0,C,C30,S2I,1,1,267.33284033467964,253.32680257900057,260.3094517030066,2.749628660153407,14.86628183423287,12.116653174079463,4.5,9.614723450876344,2.1435067299495842,4.48551120299141
2022-01-07 01:29:45.000000,2022-01-07 01:27:00,2022-01-07 01:32:30,330.0,G,G31,S1C,2,-1,267.54935565669336,269.8744362029915,268.7153143162116,14.944715114630068,13.934044493437785,1.0106706211922827,6.700000000000006,1.1186102542838747,0.5382549279595216,2.078216466172322
2022-01-07 01:29:56.423841,2022-01-07 00:51:30,2022-01-07 02:07:30,4560.0,C,C36,S2I,1,1,211.33786248448018,233.94862892580807,221.61289136397255,2.2359576841212907,14.982554240091158,12.746596555969868,4.49,8.430819692844182,1.496164188947521,5.6349562134453
2022-01-07 01:30:25.167785,2022-01-07 00:52:00,2022-01-07 02:07:30,4530.0,C,C36,S1X,1,1,211.43784334469024,233.94862892580807,221.74339453382186,2.3650495849525646,14.982554240091158,12.617504655138593,4.49,4.705360561649845,1.2373815553510514,3.8026755298731683
2022-01-07 01:34:15.000000,2022-01-07 01:16:00,2022-01-07 01:52:30,2190.0,R,R11,S1C,1,1,199.6256875166571,209.75777196525192,204.18040904681266,2.1099832218426062,14.973920456116106,12.8639372342735,4.370000000000001,12.754235249315924,3.4345151177029956,3.7135475641306708
2022-01-07 01:34:15.000000,2022-01-07 01:16:00,2022-01-07 01:52:30,2190.0,R,R11,S1P,1,1,199.6256875166571,209.75777196525192,204.18040904681266,2.1099832218426062,14.973920456116106,12.8639372342735,4.4,11.705497347100836,2.664296212225552,4.393466947627023
2022-01-07 02:11:45.000000,2022-01-07 01:49:00,2022-01-07 02:34:30,2730.0,R,R21,S1C,1,1,264.22970353241305,245.0513414913279,254.67235590111693,2.0193087962498653,14.953764627246192,12.934455830996328,4.16,15.275640318685724,3.3242175107090084,4.595258965297866
2022-01-07 02:11:45.000000,2022-01-07 01:49:00,2022-01-07 02:34:30,2730.0,R,R21,S1P,1,1,264.22970353241305,245.0513414913279,254.67235590111693,2.0193087962498653,14.953764627246192,12.934455830996328,4.14,12.108964382679284,2.8209181478201746,4.292561410204801
2022-01-07 02:14:00.000000,2022-01-07 01:55:30,2022-01-07 02:32:30,2220.0,R,R03,S1C,2,-1,149.84648867320038,160.54915425677333,155.72114532220382,14.937749940554678,2.181918758682546,12.755831181872132,4.589999999999999,13.165147379979516,3.7542188946719826,3.5067607268887806
2022-01-07 02:14:00.000000,2022-01-07 01:55:30,2022-01-07 02:32:30,2220.0,R,R03,S1P,2,-1,149.84648867320038,160.54915425677333,155.72114532220382,14.937749940554678,2.181918758682546,12.755831181872132,4.569999999999999,12.045251241934755,3.099469405651289,3.8862300818238587
2022-01-07 02:19:27.534246,2022-01-07 02:01:00,2022-01-07 02:37:30,2190.0,G,G16,S1C,1,1,214.71270218542418,219.67544929625075,216.81631709615039,2.5662002790401224,14.939662881589202,12.373462602549079,4.2,4.9831738862023185,1.2919170858668811,3.8571932678315735
2022-01-07 02:25:30.000000,2022-01-07 02:08:30,2022-01-07 02:42:30,2040.0,G,G20,S1C,2,-1,136.60322603283967,136.506350415513,136.8466286015188,14.884209674800413,2.30759035559112,12.576619319209293,4.42,9.588816819961917,1.7936827153690056,5.345882378082266
2022-01-07 02:27:53.571428,2022-01-07 02:07:00,2022-01-07 02:50:30,2610.0,C,C14,S2I,2,-1,139.61149951323614,147.0867746595149,143.7281830737036,14.876504688317677,2.248710626627225,12.627794061690452,4.43,5.881443971964961,1.1290222964367571,5.209324909283945
2022-01-07 02:49:00.000000,2022-01-07 02:10:30,2022-01-07 03:27:30,4620.0,E,E03,S1X,2,-1,130.08005866555877,150.18192149993,141.09544916465103,12.989199173906503,2.1108651508555933,10.87833402305091,4.4399999999999995,8.276610601269862,1.7684626178502214,4.680116230746837
2022-01-07 02:56:30.000000,2022-01-07 02:46:00,2022-01-07 03:07:00,1260.0,E,E33,S1X,1,1,267.089462425343,260.5484702822148,263.8206236249935,10.461164839266326,14.947813955868229,4.486649116601903,2.15,2.1049610395747513,1.0541735326725108,1.9967879806641644
2022-01-07 02:59:00.000000,2022-01-07 02:37:30,2022-01-07 03:20:30,2580.0,E,E31,S1X,1,1,212.5371305695235,222.71394622517195,217.2338305279388,6.669629180381726,14.958806388614633,8.289177208232907,4.65,6.03892311818598,1.4304033751132905,4.221832263019993
2022-01-07 03:10:15.000000,2022-01-07 02:37:00,2022-01-07 03:43:30,3990.0,C,C36,S1X,2,-1,245.38958315458274,269.95985164450974,258.004944141562,14.988958009040232,5.698250508490197,9.290707500550035,4.59,3.6941944322450504,0.9580918189642286,3.855783296676889
2022-01-07 03:10:15.000000,2022-01-07 02:37:00,2022-01-07 03:43:30,3990.0,C,C36,S2I,2,-1,245.38958315458274,269.95985164450974,258.004944141562,14.988958009040232,5.698250508490197,9.290707500550035,4.46,5.586481630819508,1.5914588034646495,3.510289816272708
2022-01-07 03:24:55.522388,2022-01-07 03:07:30,2022-01-07 03:41:30,2040.0,G,G27,S1C,1,1,228.96507821487992,225.14115352381666,226.7778510812569,2.5463764244971316,14.836356766661376,12.289980342164245,4.47,5.378990513369183,1.309226647130015,4.108525078648978
2022-01-07 03:29:45.000000,2022-01-07 03:00:30,2022-01-07 03:59:00,3510.0,R,R12,S1C,1,1,195.61742647603438,220.79148803560693,207.54521411824368,2.095312180879985,10.323645676974921,8.228333496094937,4.260000000000001,16.71277274127618,3.9197987008894217,4.263681381771969
2022-01-07 03:29:45.000000,2022-01-07 03:00:30,2022-01-07 03:59:00,3510.0,R,R12,S1P,1,1,195.61742647603438,220.79148803560693,207.54521411824368,2.095312180879985,10.323645676974921,8.228333496094937,4.3100000000000005,14.150024526603362,2.8864332129073054,4.902252532062232
2022-01-07 03:39:30.000000,2022-01-07 03:22:30,2022-01-07 03:56:30,2040.0,G,G05,S1C,2,-1,135.0845150463464,132.21040567421565,133.89014450760467,14.820788594653353,2.2400916747451447,12.580696919908208,4.5,8.137748455937768,1.882463886474972,4.3229240754127805
2022-01-07 03:40:30.000000,2022-01-07 03:21:30,2022-01-07 03:59:30,2280.0,C,C33,S1X,2,-1,140.14894909602552,142.31537961305722,141.60604005701038,14.86110651927258,2.211858918194598,12.649247601077981,4.38,8.178409559402876,1.6110392855903288,5.076480525678853
2022-01-07 03:40:45.000000,2022-01-07 03:21:30,2022-01-07 04:00:00,2310.0,C,C33,S2I,2,-1,140.14894909602552,142.31506752232764,141.6151305084704,14.86110651927258,2.044172617206457,12.816933902066122,4.340000000000001,12.196761803737523,2.6156472749213755,4.662999449764934
2022-01-07 03:50:00.000000,2022-01-07 03:48:00,2022-01-07 03:52:00,240.0,R,R11,S1C,2,-1,268.16667578063124,269.94978553238695,269.0614779823206,14.918939186463025,13.767529113257092,1.1514100732059322,6.830000000000003,5.966625092584403,3.53577825736812,1.6874997972937646
2022-01-07 03:50:00.000000,2022-01-07 03:48:00,2022-01-07 03:52:00,240.0,R,R11,S1P,2,-1,268.16667578063124,269.94978553238695,269.0614779823206,14.918939186463025,13.767529113257092,1.1514100732059322,7.560000000000003,4.159448869828503,2.2077007240346265,1.8840637340676365
2022-01-07 03:55:15.000000,2022-01-07 03:40:30,2022-01-07 04:10:00,1770.0,R,R04,S1C,2,-1,151.64476174622828,154.40272146014982,153.344990205796,14.936695822582935,2.063179187668242,12.873516634914694,4.35,21.749877202787733,3.593075425012322,6.053275990640565
2022-01-07 03:55:15.000000,2022-01-07 03:40:30,2022-01-07 04:10:00,1770.0,R,R04,S1P,2,-1,151.64476174622828,154.40272146014982,153.344990205796,14.936695822582935,2.063179187668242,12.873516634914694,4.36,17.280773813313157,3.1463681011525493,5.492292464757388
2022-01-07 04:06:45.000000,2022-01-07 03:46:30,2022-01-07 04:27:00,2430.0,C,C29,S2I,1,1,236.1536756500982,229.40215082167776,232.54437141009373,2.07925479365294,14.912590170647233,12.833335376994293,4.34,9.867210886879105,2.0212375709179917,4.881767006932136
2022-01-07 04:06:59.629629,2022-01-07 03:46:30,2022-01-07 04:27:00,2430.0,C,C29,S1X,1,1,236.1536756500982,229.40215082167776,232.5010442476289,2.07925479365294,14.912590170647233,12.833335376994293,4.31,7.4407729204463875,1.302681485233265,5.711889671260663
2022-01-07 04:17:15.000000,2022-01-07 04:03:30,2022-01-07 04:31:00,1650.0,R,R22,S1C,1,1,232.3779430044175,223.71326127809562,227.9691907691888,5.018045867299995,14.973630448025066,9.95558458072507,4.0200000000000005,4.37780553535255,1.1673931623310192,3.7500695366512735
2022-01-07 04:17:30.000000,2022-01-07 04:04:00,2022-01-07 04:31:00,1620.0,R,R22,S1P,1,1,232.21226879237236,223.71326127809562,227.8890344500212,5.188707102669092,14.973630448025066,9.784923345355974,4.010000000000001,2.764228761252235,0.9140125949868064,3.02427863293518
2022-01-07 04:29:19.615384,2022-01-07 04:03:30,2022-01-07 04:56:00,3150.0,G,G13,S1C,2,-1,134.42304615453847,149.32306097560289,142.50253258034533,14.957256720709687,2.0768380266489057,12.880418694060781,4.37,6.953480138058181,1.562274980250906,4.450868269644459
2022-01-07 04:29:30.000000,2022-01-07 03:59:30,2022-01-07 04:59:30,3600.0,R,R12,S1C,2,-1,221.03249907222403,248.71087328518118,235.21430070407877,10.322648889010612,2.07475061781711,8.247898271193502,4.220000000000001,18.052595698295104,3.7262341368946976,4.844729299093227
2022-01-07 04:29:30.000000,2022-01-07 03:59:30,2022-01-07 04:59:30,3600.0,R,R12,S1P,2,-1,221.03249907222403,248.71087328518118,235.21430070407877,10.322648889010612,2.07475061781711,8.247898271193502,4.23,15.096291888283652,2.939648229902544,5.13540760922409
2022-01-07 04:42:23.076923,2022-01-07 04:25:00,2022-01-07 04:58:30,2010.0,G,G08,S1C,1,1,220.49404918342807,221.15503583215596,220.52697601725663,2.473090670401547,14.954970030021236,12.48187935961969,4.49,5.782491233196531,1.4360343296999039,4.0267082155375284
2022-01-07 05:11:45.000000,2022-01-07 05:03:00,2022-01-07 05:20:30,1050.0,E,E24,S1X,1,1,214.17031621424644,219.4947750998323,216.81644429478524,2.6775449048308997,3.091541697571639,0.4139967927407393,9.999999999999995,0.6182570627255651,0.13854664768292338,4.462446930801983
2022-01-07 05:17:00.000000,2022-01-07 04:53:00,2022-01-07 05:41:00,2880.0,E,E31,S1X,2,-1,254.57492522797799,269.89966456626706,262.44151610093195,14.96223759989486,6.207282689178453,8.754954910716407,4.59,4.334482924871654,1.1191750297374137,3.872926762750087
2022-01-07 05:33:45.000000,2022-01-07 05:21:00,2022-01-07 05:46:30,1530.0,E,E24,S1X,2,-1,219.6494682320733,227.60784713916337,223.6231582312086,3.0908543278858494,2.156192005039514,0.9346623228463353,10.0,3.4047616116530013,1.5669197988933765,2.1729010087546183
2022-01-07 05:35:00.000000,2022-01-07 05:13:00,2022-01-07 05:57:00,2640.0,E,E08,S1X,2,-1,140.15571502139727,142.09363044765098,141.5618663125929,14.993164457562692,2.138479302521746,12.854685155040945,4.45,9.971259291482456,1.8037437532667495,5.528090824111556
2022-01-07 05:36:00.000000,2022-01-07 05:21:30,2022-01-07 05:50:30,1740.0,R,R05,S1C,2,-1,147.67641477800467,144.68793056020812,146.40202635757097,14.79591001346741,2.0458120214689948,12.750097991998414,4.410000000000001,24.575119042475755,4.60169317698785,5.340451459339146
2022-01-07 05:36:00.000000,2022-01-07 05:21:30,2022-01-07 05:50:30,1740.0,R,R05,S1P,2,-1,147.67641477800467,144.68793056020812,146.40202635757097,14.79591001346741,2.0458120214689948,12.750097991998414,4.420000000000002,18.959092638704984,3.666897251058863,5.1703364835844
2022-01-07 05:41:45.000000,2022-01-07 05:23:30,2022-01-07 06:00:00,2190.0,G,G15,S1C,2,-1,137.30925335257064,140.1453787821756,139.08972468057678,14.832295889042136,2.1094991788901654,12.722796710151972,4.4399999999999995,8.648943282072047,1.615495732278379,5.353739480248703
2022-01-07 05:47:15.000000,2022-01-07 05:36:00,2022-01-07 05:58:30,1350.0,C,C41,S1X,2,-1,132.81479452920385,130.06203961032372,131.52629655649787,14.94270611556262,7.4354871715742386,7.507218943988382,4.5200000000000005,5.18752965316986,1.154213920243388,4.494426520238094
2022-01-07 05:47:15.000000,2022-01-07 05:36:00,2022-01-07 05:58:30,1350.0,C,C41,S2I,2,-1,132.81479452920385,130.06203961032372,131.52629655649787,14.94270611556262,7.4354871715742386,7.507218943988382,4.519999999999999,5.821282321201099,1.7864052474704548,3.2586571996718097
2022-01-07 06:04:12.428571,2022-01-07 05:46:30,2022-01-07 06:21:30,2100.0,G,G21,S1C,1,1,238.54160227828373,231.8411363067526,234.98485197348006,2.4520240234051403,14.85564216677509,12.403618143369949,4.48,6.390890972131896,1.4326963780452424,4.46074344157383
2022-01-07 06:22:45.000000,2022-01-07 06:04:00,2022-01-07 06:41:30,2250.0,C,C35,S2I,1,1,219.81661975439988,220.72163670254733,219.92168343434093,2.2735353674546785,14.905951585489344,12.632416218034665,4.56,10.984288726005653,2.092559168320384,5.249212969601388
2022-01-07 06:23:00.000000,2022-01-07 06:04:30,2022-01-07 06:41:30,2220.0,C,C35,S1X,1,1,219.80224257337593,220.72163670254733,219.9230843026764,2.441045291679599,14.905951585489344,12.464906293809745,4.659999999999999,6.1623731233046986,1.527319319809147,4.034764075448705
2022-01-07 07:02:10.714285,2022-01-07 06:44:00,2022-01-07 07:19:30,2130.0,G,G01,S1C,1,1,231.8712307000313,226.45267441153376,228.88073170897863,2.3824954585218583,14.890453061201377,12.507957602679518,4.82,6.448019504120597,1.4378506763884076,4.484484800825583
2022-01-07 07:06:37.500000,2022-01-07 06:53:00,2022-01-07 07:18:30,1530.0,G,G22,S1C,1,1,269.41653306532174,261.54637795127996,265.22599917634983,7.402847796189625,14.92631533851937,7.523467542329745,4.89,2.2405269098772957,0.8836343625469031,2.5355814631511335
2022-01-07 07:15:42.336448,2022-01-07 06:49:00,2022-01-07 07:44:30,3330.0,G,G24,S1C,3,-1,130.02323486832393,147.13771913557912,138.93879468321808,12.939189879782015,2.1830873020073014,10.756102577774714,4.67,5.391367637184978,1.2994130240071422,4.1490792670055185
2022-01-07 07:50:30.000000,2022-01-07 07:48:00,2022-01-07 07:53:00,300.0,E,E07,S1X,2,-1,130.66920662447345,130.0622449520365,130.36932104993545,14.888881906853651,13.433503997868385,1.455377908985266,6.510000000000005,6.850028056118087,3.511826550517495,1.9505599031104432
2022-01-07 07:51:30.000000,2022-01-07 07:37:00,2022-01-07 08:06:00,1740.0,R,R24,S1C,1,1,206.80544878952983,208.66679992714296,207.4361313282961,2.0127008811585343,14.824775947783163,12.81207506662463,4.68,15.029628334097634,3.2644612477965413,4.604014933319362
2022-01-07 07:51:30.000000,2022-01-07 07:37:00,2022-01-07 08:06:00,1740.0,R,R24,S1P,1,1,206.80544878952983,208.66679992714296,207.4361313282961,2.0127008811585343,14.824775947783163,12.81207506662463,4.75,12.96630703731583,2.397877839701809,5.407409344476144
2022-01-07 07:59:30.000000,2022-01-07 07:37:30,2022-01-07 08:21:30,2640.0,G,G03,S1C,1,1,266.1747834216785,252.42888070906503,259.2901300594031,2.111280937166549,14.860860517679555,12.749579580513005,4.36,5.370117961036872,1.4103041110786154,3.807773031966665
2022-01-07 08:31:00.000000,2022-01-07 08:00:30,2022-01-07 09:01:30,3660.0,C,C23,S1X,3,-1,130.03036144934308,149.08953742220183,140.14162917140055,10.022111980424562,2.0387487654195673,7.983363215004994,4.62,9.965447286728685,1.8109550952016897,5.502868245122783
2022-01-07 08:31:00.000000,2022-01-07 08:00:30,2022-01-07 09:01:30,3660.0,C,C23,S2I,3,-1,130.03036144934308,149.08953742220183,140.14162917140055,10.022111980424562,2.0387487654195673,7.983363215004994,4.58,12.728976970125084,2.170132319443735,5.865530343969013
2022-01-07 08:44:30.000000,2022-01-07 08:17:30,2022-01-07 09:11:30,3240.0,C,C44,S1X,1,1,211.33952193944032,224.39528527385417,217.14277762819265,2.228144897428415,14.996800219094203,12.768655321665788,4.82,7.161675349075505,1.3884549094762668,5.15801795232726
2022-01-07 08:44:30.000000,2022-01-07 08:17:30,2022-01-07 09:11:30,3240.0,C,C44,S2I,1,1,211.33952193944032,224.39528527385417,217.14277762819265,2.228144897428415,14.996800219094203,12.768655321665788,4.880000000000001,7.883852644972161,1.832278016977165,4.30276004619577
2022-01-07 08:49:30.000000,2022-01-07 08:40:30,2022-01-07 08:58:30,1080.0,C,C22,S1X,1,1,269.9843993016043,264.2872116089612,267.14329048397275,10.30564768144406,14.938331680818708,4.632683999374647,10.0,2.7853193690265785,1.238865846828886,2.2482816651666813
2022-01-07 08:49:30.000000,2022-01-07 08:40:30,2022-01-07 08:58:30,1080.0,C,C22,S2I,1,1,269.9843993016043,264.2872116089612,267.14329048397275,10.30564768144406,14.938331680818708,4.632683999374647,7.380000000000001,3.267955000445994,1.6245617397007668,2.0115917546155737
2022-01-07 09:03:56.097561,2022-01-07 08:32:30,2022-01-07 09:34:30,3720.0,G,G17,S1C,1,1,209.4550238643141,233.259696536473,220.9271185454301,2.1775783504023094,9.513313818656576,7.335735468254266,4.59,7.306777818773034,1.5068928113473627,4.848903494495937
2022-01-07 09:33:00.000000,2022-01-07 09:15:30,2022-01-07 09:50:30,2100.0,R,R17,S1C,1,1,198.85710636246276,208.1663917657048,203.03125153796051,2.186478360250661,14.990710693600304,12.804232333349644,4.910000000000001,14.658452506551065,3.9187675927513785,3.740577148199626
2022-01-07 09:33:00.000000,2022-01-07 09:15:30,2022-01-07 09:50:30,2100.0,R,R17,S1P,1,1,198.85710636246276,208.1663917657048,203.03125153796051,2.186478360250661,14.990710693600304,12.804232333349644,4.8900000000000015,13.51210244304096,2.6337855027849137,5.130297220010333
2022-01-07 09:45:45.000000,2022-01-07 09:43:30,2022-01-07 09:48:00,270.0,G,G25,S1C,3,1,130.06729624527742,131.79889331557146,130.93367257618922,5.027217125612967,5.063134536506048,0.03591741089308087,10.000000000000009,0.0026676817117853016,0.0008902840242327501,2.9964389331644123
2022-01-07 09:50:03.157894,2022-01-07 09:33:00,2022-01-07 10:09:00,2160.0,G,G19,S1C,1,1,211.61562994132134,224.93918234606627,217.80742419653876,2.0517615931547857,4.329055430143677,2.2772938369888918,3.6500000000000012,11.7978578429965,5.726769552202602,2.0601244271229433
2022-01-07 09:59:28.490566,2022-01-07 09:19:00,2022-01-07 10:39:00,4800.0,C,C12,S2I,1,1,208.1945440196903,234.25144217405904,220.27234240905725,2.6807445111936037,13.375651561360808,10.694907050167204,4.74,5.547243221728185,1.1234514121313437,4.937679691197586
2022-01-07 10:06:15.000000,2022-01-07 09:44:00,2022-01-07 10:28:30,2670.0,R,R02,S1C,2,1,265.28885025301315,246.80891694236925,256.08750829458455,2.1279462951926376,14.993429772169664,12.865483476977026,4.69,16.421353784736684,3.559327947958268,4.613610778449465
2022-01-07 10:06:15.000000,2022-01-07 09:44:00,2022-01-07 10:28:30,2670.0,R,R02,S1P,2,1,265.28885025301315,246.80891694236925,256.08750829458455,2.1279462951926376,14.993429772169664,12.865483476977026,4.660000000000001,13.030380369601383,2.9028165324332154,4.488874933711013
2022-01-07 10:07:21.230769,2022-01-07 09:35:00,2022-01-07 10:41:00,3960.0,G,G17,S1C,2,-1,233.47356370033106,260.7295367463029,247.1191298739263,9.512561786794043,2.0392649159649587,7.473296870829085,4.71,10.397923718599845,3.0201887286782996,3.442805947809163
2022-01-07 10:08:20.000000,2022-01-07 09:48:30,2022-01-07 10:30:30,2520.0,G,G25,S1C,4,-1,131.99077156801576,147.24525765630452,139.36920655665293,5.062896968762176,2.007983270028298,3.054913698733878,4.91,10.067641257039881,4.21688565710739,2.387458915342245
2022-01-07 10:11:30.000000,2022-01-07 09:52:30,2022-01-07 10:30:30,2280.0,R,R09,S1C,4,-1,148.5148595898311,159.37866551462386,154.49002529733536,14.960409348200217,2.004068454212588,12.95634089398763,4.829999999999998,15.280011603010298,2.51269299618287,6.081129539590695
2022-01-07 10:11:30.000000,2022-01-07 09:52:30,2022-01-07 10:30:30,2280.0,R,R09,S1P,4,-1,148.5148595898311,159.37866551462386,154.49002529733536,14.960409348200217,2.004068454212588,12.95634089398763,4.8599999999999985,12.963008547038065,2.301587076142682,5.632204265225224
2022-01-07 10:28:08.095238,2022-01-07 10:09:30,2022-01-07 10:46:30,2220.0,G,G19,S1C,2,-1,225.13246235958394,239.47671690283812,232.3711175502961,4.3288381259985105,2.0245007553690644,2.304337370629446,4.03,9.243164118383072,4.187104983156052,2.207531016195345
2022-01-07 10:51:21.785714,2022-01-07 10:30:30,2022-01-07 11:13:00,2550.0,C,C37,S1X,3,-1,138.8828892800564,144.8064433516031,142.27931060914722,14.94398628704175,2.089661178310272,12.854325108731476,4.8,7.482144010423263,1.3420670236829502,5.575089677630619
2022-01-07 10:51:21.785714,2022-01-07 10:30:30,2022-01-07 11:13:00,2550.0,C,C37,S2I,3,-1,138.8828892800564,144.8064433516031,142.27931060914722,14.94398628704175,2.089661178310272,12.854325108731476,4.840000000000001,8.347486455480405,1.6093419584854478,5.186894190800958
2022-01-07 10:59:41.428571,2022-01-07 10:38:00,2022-01-07 11:20:30,2550.0,G,G06,S1C,2,1,210.55243040334466,220.79466215350473,215.21423724271241,2.262011728812074,14.948651899104474,12.6866401702924,4.790000000000001,5.558954700634655,1.4318901035359892,3.882249543388185
2022-01-07 10:59:45.000000,2022-01-07 10:50:00,2022-01-07 11:09:30,1170.0,C,C44,S1X,2,-1,262.6762623678567,269.8745402662866,266.31592706213706,14.977391064095084,11.423933609858965,3.553457454236119,5.490000000000002,2.2858159679122134,1.1009753427649263,2.0761736245352655
2022-01-07 10:59:45.000000,2022-01-07 10:50:00,2022-01-07 11:09:30,1170.0,C,C44,S2I,2,-1,262.6762623678567,269.8745402662866,266.31592706213706,14.977391064095084,11.423933609858965,3.553457454236119,5.14,3.464087169164834,1.6942029328410553,2.044670742811082
2022-01-07 11:00:00.000000,2022-01-07 10:49:30,2022-01-07 11:10:30,1260.0,C,C34,S1X,1,1,214.44912401711895,221.58893046190724,217.9864636970669,2.1468239043967077,3.1328822593318084,0.9860583549351007,7.33,6.870902512204174,3.4183540121657847,2.0100032026381434
2022-01-07 11:01:30.000000,2022-01-07 10:48:00,2022-01-07 11:15:00,1620.0,C,C34,S2I,1,1,213.95643805093007,223.1622870888276,218.5079589260307,2.02435408479103,3.165683892696573,1.1413298079055432,6.140000000000002,9.009541224299038,4.127869131755955,2.182613095698232
2022-01-07 11:03:15.000000,2022-01-07 10:34:00,2022-01-07 11:32:30,3510.0,E,E36,S1X,1,1,208.5202002261982,222.38925225045213,214.73436273591506,3.660976695646753,14.996514896560512,11.33553820091376,4.789999999999999,8.367873136537938,1.8501335438003847,4.522848182812455
2022-01-07 11:15:15.000000,2022-01-07 10:40:30,2022-01-07 11:50:00,4170.0,E,E27,S1X,3,-1,134.53958782594225,150.88927603999983,143.6819268835974,14.992538567100743,2.104218330642816,12.888320236457927,4.9,8.005369138696912,1.687293068021781,4.744504253835749
2022-01-07 11:18:45.000000,2022-01-07 10:57:00,2022-01-07 11:40:30,2610.0,C,C21,S1X,1,1,244.83031601130614,235.08326832146824,239.7706024088145,2.050029463047084,14.877637697541187,12.827608234494104,4.67,10.775885679396419,2.294927103291899,4.695524168911173
2022-01-07 11:18:45.000000,2022-01-07 10:57:00,2022-01-07 11:40:30,2610.0,C,C21,S2I,1,1,244.83031601130614,235.08326832146824,239.7706024088145,2.050029463047084,14.877637697541187,12.827608234494104,4.66,13.388335202455135,2.591311020469347,5.16662611963507
2022-01-07 11:20:15.000000,2022-01-07 10:47:30,2022-01-07 11:53:00,3930.0,R,R18,S1C,2,1,193.82529337431023,221.9902594273154,206.9228515448826,2.0903262618446474,12.911878994886976,10.821552733042328,4.800000000000001,12.099007632768377,2.4456317401853385,4.947191122017198
2022-01-07 11:20:15.000000,2022-01-07 10:47:30,2022-01-07 11:53:00,3930.0,R,R18,S1P,2,1,193.82529337431023,221.9902594273154,206.9228515448826,2.0903262618446474,12.911878994886976,10.821552733042328,4.790000000000001,9.58355834989629,1.6421014673078635,5.836154793532957
2022-01-07 11:21:50.647058,2022-01-07 10:39:30,2022-01-07 12:06:00,5190.0,C,C12,S2I,2,-1,234.4463544305518,266.45682439641894,250.61807469893438,13.374841038326442,2.077678909008532,11.297162129317911,4.86,5.145888381286144,1.0679538512231774,4.818455755735435
2022-01-07 11:22:00.000000,2022-01-07 11:02:00,2022-01-07 11:42:00,2400.0,E,E09,S1X,1,1,265.7098898585549,254.3236593642274,259.9921819997556,6.138415973027224,14.952666242249979,8.814250269222754,4.700000000000002,5.501729220276834,1.8618468709247424,2.9549848090053907
2022-01-07 11:29:00.000000,2022-01-07 11:15:30,2022-01-07 11:42:30,1620.0,C,C34,S2I,2,-1,223.33772077238189,232.88011180316641,228.1054550823986,3.165452757828459,2.0390500661669906,1.1264026916614682,6.709999999999999,4.367517756264764,2.204632568541172,1.9810637920289798
2022-01-07 11:33:00.000000,2022-01-07 11:23:30,2022-01-07 11:42:30,1140.0,C,C34,S1X,2,-1,226.15701101805755,232.88011180316641,229.51997539219596,3.057296438715639,2.0390500661669906,1.0182463725486484,8.549999999999999,3.0770155096108445,1.502059523027668,2.0485310085505617
2022-01-07 12:08:30.000000,2022-01-07 11:51:30,2022-01-07 12:25:30,2040.0,G,G31,S1C,4,-1,133.653026006432,130.04896482237822,132.07872015185387,14.815309090193802,2.1933830029498855,12.621926087243917,4.58,10.24919191699671,2.0979099125418106,4.8854299489813995
2022-01-07 12:16:00.000000,2022-01-07 11:58:30,2022-01-07 12:33:30,2100.0,R,R03,S1C,3,1,234.60961794652397,224.10305399117638,229.22086751909129,2.0130315264291774,14.8660641106357,12.853032584206522,4.680000000000001,13.182497342107322,3.342246301811202,3.9442028359680057
2022-01-07 12:16:00.000000,2022-01-07 11:58:30,2022-01-07 12:33:30,2100.0,R,R03,S1P,3,1,234.60961794652397,224.10305399117638,229.22086751909129,2.0130315264291774,14.8660641106357,12.853032584206522,4.710000000000001,12.163300827329305,2.6271780356190595,4.629796938928497
2022-01-07 12:27:30.000000,2022-01-07 11:53:30,2022-01-07 13:01:30,4080.0,R,R18,S1C,3,-1,222.2399543134576,254.09008548242372,238.718875757931,12.911836904356619,2.124350095765076,10.787486808591543,4.69,11.06369851771284,2.507131089151988,4.41289191681438
2022-01-07 12:27:30.000000,2022-01-07 11:53:30,2022-01-07 13:01:30,4080.0,R,R18,S1P,3,-1,222.2399543134576,254.09008548242372,238.718875757931,12.911836904356619,2.124350095765076,10.787486808591543,4.710000000000001,9.749403884689851,2.403887317195131,4.055682566712615
2022-01-07 12:45:45.000000,2022-01-07 12:42:30,2022-01-07 12:49:00,390.0,R,R19,S1C,2,1,203.9175571752852,206.92129682035417,205.41756666695667,5.022153844472061,5.132388467086925,0.11023462261486472,10.000000000000039,0.00898707253224463,0.002689382027711225,3.3416868409331197
2022-01-07 12:48:56.058394,2022-01-07 12:14:00,2022-01-07 13:23:00,4140.0,G,G11,S1C,2,1,210.71502179334635,235.74538746006013,222.6067911188353,2.211368563526415,10.835697788309659,8.624329224783244,4.38,6.824180163455484,1.8214129505843077,3.746640848944383
2022-01-07 12:48:56.058394,2022-01-07 12:14:00,2022-01-07 13:23:00,4140.0,G,G11,S1X,2,1,210.71502179334635,235.74538746006013,222.6067911188353,2.211368563526415,10.835697788309659,8.624329224783244,4.409999999999999,9.78540799715433,1.9192514441054978,5.098554453199851
2022-01-07 12:57:02.790697,2022-01-07 12:35:30,2022-01-07 13:18:30,2580.0,G,G02,S1C,2,1,213.03468784660637,230.1239652990595,221.39992017223352,2.2029051440404026,5.629198757976128,3.426293613935725,4.26,14.870928638662745,4.926472004895964,3.018575691465192
2022-01-07 13:04:51.355932,2022-01-07 12:48:30,2022-01-07 13:24:30,2160.0,R,R19,S1P,2,-1,206.68946696214184,223.1928388098525,214.24533340354492,5.131338286964628,2.1866355769220553,2.94575289016487,4.29,6.224501591494171,2.924996432630576,2.128037327517766
2022-01-07 13:06:07.500000,2022-01-07 12:49:30,2022-01-07 13:24:30,2100.0,R,R19,S1C,3,-1,207.15321922358225,223.1928388098525,214.82991079793877,5.132202467377121,2.1866355769220553,2.945566890455066,4.309999999999999,6.667574012021801,3.0927257106007238,2.1558892174523643
2022-01-07 13:16:00.000000,2022-01-07 12:57:00,2022-01-07 13:35:00,2280.0,C,C46,S1X,4,-1,135.167419109614,132.15728477702268,133.9452027718935,14.95747056482137,2.218851784524981,12.73861878029639,4.63,7.632565955602911,1.616796969391615,4.720794323652753
2022-01-07 13:16:00.000000,2022-01-07 12:57:00,2022-01-07 13:35:00,2280.0,C,C46,S2I,4,-1,135.167419109614,132.15728477702268,133.9452027718935,14.95747056482137,2.218851784524981,12.73861878029639,4.61,8.956566928154304,1.862262854668091,4.809507372014153
2022-01-07 13:21:45.000000,2022-01-07 12:49:00,2022-01-07 13:54:30,3930.0,E,E36,S1X,2,-1,249.10399667301684,269.9559854249624,259.90482355780637,14.98225841216612,2.8844969316967912,12.097761480469329,4.62,7.461256739589228,1.7177373261890243,4.343654076693314
2022-01-07 13:35:30.000000,2022-01-07 13:21:00,2022-01-07 13:50:00,1740.0,R,R11,S1C,4,-1,146.99559859652726,143.7430319606174,145.58320028180253,14.889115306205165,2.203233845869083,12.68588146033608,4.470000000000001,15.042936043799454,3.2609458697619154,4.613059107570453
2022-01-07 13:35:30.000000,2022-01-07 13:21:00,2022-01-07 13:50:00,1740.0,R,R11,S1P,4,-1,146.99559859652726,143.7430319606174,145.58320028180253,14.889115306205165,2.203233845869083,12.68588146033608,4.48,14.119350564064506,2.5048467342631673,5.636812173347562
2022-01-07 13:37:15.000000,2022-01-07 13:19:00,2022-01-07 13:55:30,2190.0,G,G26,S1C,4,-1,137.9894583977188,142.09520536850607,140.43027542523106,14.968981091615428,2.1727300786185597,12.796251012996867,4.470000000000001,7.4145831609150274,1.549316950299155,4.785710993146598
2022-01-07 13:37:57.662337,2022-01-07 13:18:30,2022-01-07 13:57:00,2310.0,G,G20,S1C,3,1,215.6280334499125,222.31221450988468,218.55902828645745,2.3408015035590934,14.943085773140476,12.602284269581382,4.38,5.4598850046423575,1.1883541510338176,4.594493148269385
2022-01-07 13:40:15.348837,2022-01-07 13:19:00,2022-01-07 14:02:00,2580.0,G,G02,S1C,3,-1,230.333455322589,248.168264393351,239.21762198850894,5.628288458905652,2.3495872955170447,3.278701163388607,4.53,12.587669781474156,3.7811679867838586,3.3290427258115103
2022-01-07 13:41:30.000000,2022-01-07 13:23:00,2022-01-07 14:00:00,2220.0,C,C42,S1X,3,1,223.9520084156332,222.3770290806235,222.8642624594365,2.330128885979206,14.9623577204501,12.632228834470894,4.409999999999999,9.007180811912509,1.6235740652893123,5.54774863954696
2022-01-07 13:41:30.000000,2022-01-07 13:23:00,2022-01-07 14:00:00,2220.0,C,C42,S2I,3,1,223.9520084156332,222.3770290806235,222.8642624594365,2.330128885979206,14.9623577204501,12.632228834470894,4.450000000000001,9.574277882236114,2.10717325355891,4.543659552467098
2022-01-07 13:56:00.000000,2022-01-07 13:34:30,2022-01-07 14:17:30,2580.0,E,E21,S1X,4,-1,140.50971962962265,140.98260569434166,141.151845214529,14.961009812930868,2.061770396732373,12.899239416198496,4.359999999999999,10.138488849254223,2.0634555626179996,4.913354584864945
2022-01-07 14:00:04.897959,2022-01-07 13:23:30,2022-01-07 14:37:30,4440.0,G,G11,S1C,3,-1,235.95303467332303,265.67600772947264,250.96500082522095,10.83547658640612,2.103142024446705,8.732334561959416,4.36,7.420290776373383,1.6333597650990737,4.542961651760349
2022-01-07 14:00:04.897959,2022-01-07 13:23:30,2022-01-07 14:37:30,4440.0,G,G11,S1X,3,-1,235.95303467332303,265.67600772947264,250.96500082522095,10.83547658640612,2.103142024446705,8.732334561959416,4.390000000000001,10.408954172144153,2.027100345062306,5.1348983278004505
2022-01-07 14:05:45.000000,2022-01-07 13:51:00,2022-01-07 14:20:30,1770.0,R,R04,S1C,3,1,217.22673053821728,213.34978434062813,215.07730340814672,2.0859537562338466,14.924541315624333,12.838587559390486,4.390000000000001,14.851877029664232,3.2787030018709156,4.529802492384749
2022-01-07 14:05:45.000000,2022-01-07 13:51:00,2022-01-07 14:20:30,1770.0,R,R04,S1P,3,1,217.22673053821728,213.34978434062813,215.07730340814672,2.0859537562338466,14.924541315624333,12.838587559390486,4.37,12.906847598159375,2.66031174002406,4.851629756008461
2022-01-07 14:32:30.000000,2022-01-07 14:29:00,2022-01-07 14:36:00,420.0,E,E05,S1X,1,1,229.76173121718253,228.93523606954258,229.3411259676157,12.906629676397936,14.94793039133312,2.0413007149351845,4.6499999999999995,5.49815034831909,2.49601964309624,2.2027672592747685
2022-01-07 14:46:42.567567,2022-01-07 14:28:00,2022-01-07 15:05:00,2220.0,C,C14,S2I,3,1,217.87030199764592,219.97246837683625,218.57558754044427,2.5319591073380177,14.849838908266296,12.317879800928278,4.200000000000001,6.735301272865462,1.5728249362258822,4.282295580223537
2022-01-07 14:48:28.181818,2022-01-07 14:39:30,2022-01-07 14:56:30,1020.0,R,R21,S1C,3,1,151.44619103521563,159.15779302917394,155.51097786628404,2.004968933933633,2.6837060966218838,0.6787371626882508,10.0,2.2574683895107976,0.7783120399497508,2.9004670024846892
2022-01-07 14:48:28.181818,2022-01-07 14:39:30,2022-01-07 14:56:30,1020.0,R,R21,S1P,3,1,151.44619103521563,159.15779302917394,155.51097786628404,2.004968933933633,2.6837060966218838,0.6787371626882508,10.0,0.5347443973847633,0.20648866597646348,2.5897033856846936
2022-01-07 14:50:12.333333,2022-01-07 14:27:30,2022-01-07 15:12:30,2700.0,G,G05,S1C,3,1,212.3189897974259,223.2051544676517,217.2182463848328,2.2898033888381515,14.923160888291022,12.63335749945287,4.26,7.907462440943036,1.8115118350405095,4.365117736460279
2022-01-07 15:05:00.000000,2022-01-07 14:57:00,2022-01-07 15:13:00,960.0,R,R21,S1C,4,-1,159.38464219776253,166.56328812980962,162.98983272351208,2.6829883783533606,2.029063194181383,0.6539251841719778,10.0,3.9924532287765713,1.2465671516320629,3.202758249765741
2022-01-07 15:05:00.000000,2022-01-07 14:57:00,2022-01-07 15:13:00,960.0,R,R21,S1P,4,-1,159.38464219776253,166.56328812980962,162.98983272351208,2.6829883783533606,2.029063194181383,0.6539251841719778,10.0,5.436377744456661,1.8512184951194102,2.936648352849346
2022-01-07 15:07:15.000000,2022-01-07 14:50:30,2022-01-07 15:24:00,2010.0,G,G16,S1C,4,-1,139.0355157100244,139.2401767342309,139.4303526419565,14.878910790118482,2.322864617591045,12.556046172527438,4.25,6.908921249959463,1.4333031122896764,4.820279249183087
2022-01-07 15:26:15.000000,2022-01-07 15:15:30,2022-01-07 15:37:00,1290.0,R,R12,S1C,4,-1,136.16977430819927,130.0470535372879,133.16315631879166,14.867469073255702,6.716353030045,8.151116043210703,4.5,9.498217850693852,3.420601800052402,2.776768067697428
2022-01-07 15:26:15.000000,2022-01-07 15:15:30,2022-01-07 15:37:00,1290.0,R,R12,S1P,4,-1,136.16977430819927,130.0470535372879,133.16315631879166,14.867469073255702,6.716353030045,8.151116043210703,4.55,8.172646309398116,2.7102515933552094,3.0154566939228795
2022-01-07 15:26:30.000000,2022-01-07 15:26:00,2022-01-07 15:27:00,60.0,C,C30,S1X,3,1,130.02273890821917,130.38735813724497,130.2050680611192,7.809246777945911,7.810865762385341,0.0016189844394300934,,,,
2022-01-07 15:26:30.000000,2022-01-07 15:26:00,2022-01-07 15:27:00,60.0,C,C30,S2I,3,1,130.02273890821917,130.38735813724497,130.2050680611192,7.809246777945911,7.810865762385341,0.0016189844394300934,,,,
2022-01-07 15:40:59.154929,2022-01-07 15:22:30,2022-01-07 15:58:30,2160.0,G,G13,S1C,3,1,231.06745165763982,226.42992587625935,228.44400706403076,2.013078282506635,14.987353089887774,12.97427480738114,4.18,8.13707208309711,1.9255951750893145,4.225743909396579
2022-01-07 15:42:01.363636,2022-01-07 15:31:00,2022-01-07 15:53:00,1320.0,R,R22,S1C,3,1,131.34925650905566,142.00687235737684,136.67677234968085,9.278355370433038,10.506945482835416,1.2285901124023777,5.619999999999999,2.002050902000612,0.8971284896387849,2.2316211391377254
2022-01-07 15:46:45.000000,2022-01-07 15:32:30,2022-01-07 16:01:00,1710.0,R,R05,S1C,3,1,206.8464065119298,208.62127482300204,207.44488425349354,2.186432579147177,14.78180561749407,12.595373038346894,4.2200000000000015,17.187902376173184,3.766958645951535,4.562806229541581
2022-01-07 15:46:45.000000,2022-01-07 15:32:30,2022-01-07 16:01:00,1710.0,R,R05,S1P,3,1,206.8464065119298,208.62127482300204,207.44488425349354,2.186432579147177,14.78180561749407,12.595373038346894,4.240000000000001,12.063414966380208,2.6363725274060212,4.575762659099486
2022-01-07 15:56:15.000000,2022-01-07 15:27:30,2022-01-07 16:25:00,3450.0,C,C30,S1X,4,-1,130.5694874586837,149.59066870016545,140.48108076878793,7.810455769034802,2.452141677442386,5.358314091592416,4.230000000000001,11.874660090310435,3.186803508671419,3.7261977583490835
2022-01-07 15:56:30.769230,2022-01-07 15:27:30,2022-01-07 16:27:00,3570.0,C,C30,S2I,4,-1,130.5694874586837,150.1486969884242,140.56371479243998,7.810455769034802,2.0913454103458906,5.719110358688912,3.99,16.3569739826254,4.563796853284693,3.584071444997125
2022-01-07 15:57:30.000000,2022-01-07 15:35:30,2022-01-07 16:19:30,2640.0,C,C33,S1X,3,1,212.87592972152763,220.31274854637405,216.06790120857235,2.15738665826386,14.981853099759853,12.824466441495993,4.13,8.386950313362997,1.5125462463714603,5.544921574122421
2022-01-07 15:57:30.000000,2022-01-07 15:35:30,2022-01-07 16:19:30,2640.0,C,C33,S2I,3,1,212.87592972152763,220.31274854637405,216.06790120857235,2.15738665826386,14.981853099759853,12.824466441495993,4.1,8.005430801693649,1.7331533975478322,4.618997264189197
2022-01-07 16:02:45.000000,2022-01-07 16:01:30,2022-01-07 16:04:00,150.0,E,E01,S1X,4,-1,130.37094255473545,130.01345219565684,130.1929502380618,14.976590067111745,14.252768799288937,0.7238212678228084,9.920000000000003,2.0144881726782304,0.7869936385850735,2.5597261196419003
2022-01-07 16:10:49.565217,2022-01-07 15:48:00,2022-01-07 16:34:30,2790.0,G,G27,S1C,4,-1,136.96806604750378,149.0999601569721,143.53877818845928,14.912154083848636,2.4272412372053602,12.484912846643276,4.16,7.978259183271508,1.4693921654083861,5.429632314021575
2022-01-07 16:19:45.445544,2022-01-07 15:53:30,2022-01-07 16:50:00,3390.0,R,R22,S1C,4,-1,142.249373504635,166.80220127052203,154.27963122772212,10.506050266394155,2.4079200547111017,8.098130211683053,4.2,5.2169680512318415,1.1505906152592187,4.5341653078375765
2022-01-07 16:34:25.000000,2022-01-07 16:21:30,2022-01-07 16:50:00,1710.0,R,R22,S1P,3,-1,155.35684549955414,166.80220127052203,160.72136410021812,8.376252956211573,2.4079200547111017,5.968332901500471,4.15,6.210479568508753,1.69532816740672,3.6632904990947512
2022-01-07 16:43:22.835821,2022-01-07 16:25:00,2022-01-07 17:00:00,2100.0,E,E26,S1X,3,1,130.14668228858926,141.21747826668496,135.959698132693,2.110660974975031,3.81146077168993,1.700799796714899,5.39,8.72135866194483,3.912340456668074,2.2291921571090296
2022-01-07 16:52:14.189189,2022-01-07 16:33:00,2022-01-07 17:10:30,2250.0,G,G15,S1C,3,1,219.53461600049533,222.66106037829047,220.74259537085783,2.0489250417575557,14.894615137204068,12.845690095446512,4.090000000000001,7.271002575793669,1.7854240095406904,4.07242343383977
2022-01-07 17:07:30.000000,2022-01-07 17:01:00,2022-01-07 17:14:00,780.0,E,E03,S1X,3,1,218.81453147018982,220.11849437214235,219.42547655857203,11.310603228237714,14.962709554539881,3.6521063263021674,4.999999999999998,4.138676671126705,1.9239704152603074,2.1511124278731457
2022-01-07 17:17:32.608695,2022-01-07 17:00:30,2022-01-07 17:35:30,2100.0,E,E26,S1X,4,-1,141.37444979384043,151.89662621840657,146.59152060238137,3.8111382383048906,2.0171813597414094,1.7939568785634812,5.31,14.597895103648112,6.716793983588499,2.173342689877928
2022-01-07 17:27:19.285714,2022-01-07 17:10:00,2022-01-07 17:45:30,2130.0,G,G08,S1C,4,-1,139.85381109637046,144.6340338961851,142.5758855048983,14.956518083194414,2.502294091127423,12.454223992066991,4.09,5.88938107587501,1.2807948910714029,4.598223429005452
2022-01-07 18:20:30.000000,2022-01-07 17:50:00,2022-01-07 18:51:00,3660.0,C,C41,S1X,3,1,210.22836170457475,230.44463903445634,219.86129828218074,2.5392068115001014,8.557138327922537,6.017931516422436,4.18,8.20196489731327,1.8176789759900445,4.512328637594471
2022-01-07 18:20:30.000000,2022-01-07 17:50:00,2022-01-07 18:51:00,3660.0,C,C41,S2I,3,1,210.22836170457475,230.44463903445634,219.86129828218074,2.5392068115001014,8.557138327922537,6.017931516422436,4.21,9.852717011321284,2.1822945490747134,4.514842882001793
2022-01-07 18:23:15.000000,2022-01-07 18:01:30,2022-01-07 18:45:00,2610.0,C,C29,S1X,4,-1,139.5118913766772,146.87450811749184,143.7066200808974,14.971977058477401,2.3240819733547573,12.647895085122645,4.100000000000001,7.863173425307512,1.2804766639629999,6.140817436665697
2022-01-07 18:23:15.000000,2022-01-07 18:01:30,2022-01-07 18:45:00,2610.0,C,C29,S2I,4,-1,139.5118913766772,146.87450811749184,143.7066200808974,14.971977058477401,2.3240819733547573,12.647895085122645,4.08,9.40965503379892,1.727866113395958,5.445824164758419
2022-01-07 18:31:00.405405,2022-01-07 18:12:00,2022-01-07 18:49:30,2250.0,G,G24,S1C,4,1,235.67639200045733,230.30266762400979,232.72930117748385,2.0120359289082628,14.896391591450488,12.884355662542225,4.249999999999999,5.335519002209019,1.2452687357748384,4.284632584860585
2022-01-07 18:33:15.000000,2022-01-07 18:10:00,2022-01-07 18:56:30,2790.0,C,C25,S1X,1,1,253.1575123916935,241.5207266619169,247.1961953290421,2.029239751111325,14.990883686192422,12.961643935081097,4.09,6.710560845887477,1.6178540468292348,4.147815965871104
2022-01-07 18:33:15.000000,2022-01-07 18:10:00,2022-01-07 18:56:30,2790.0,C,C25,S2I,1,1,253.1575123916935,241.5207266619169,247.1961953290421,2.029239751111325,14.990883686192422,12.961643935081097,4.22,10.111706997691945,2.024593884204956,4.994437193838873
2022-01-07 18:43:38.910891,2022-01-07 18:18:30,2022-01-07 19:10:00,3090.0,G,G21,S1C,4,-1,130.04797477285862,148.74987943339337,139.69798524057313,10.998662013527793,2.2190126265265966,8.779649387001196,4.129999999999999,9.713702881780748,1.7166888777504397,5.6583944870136555
2022-01-07 19:23:45.000000,2022-01-07 18:51:30,2022-01-07 19:56:00,3870.0,C,C41,S1X,4,-1,230.62886928665847,254.04059270325502,242.48733098180426,8.557026745775037,2.3968165178731993,6.160210227901837,4.05,11.432929516908269,2.4622465309140766,4.643291958528598
2022-01-07 19:23:45.000000,2022-01-07 18:51:30,2022-01-07 19:56:00,3870.0,C,C41,S2I,4,-1,230.62886928665847,254.04059270325502,242.48733098180426,8.557026745775037,2.3968165178731993,6.160210227901837,4.13,12.452365322907292,2.4299708467530867,5.124491653694559
2022-01-07 19:30:45.000000,2022-01-07 19:02:00,2022-01-07 19:59:30,3450.0,R,R07,S1C,3,1,195.17155921183155,219.94205052377154,206.92868883281022,2.0246122788633825,10.104332900691185,8.079720621827803,4.37,14.97902708275693,3.6079031497010527,4.151726490772924
2022-01-07 19:30:45.000000,2022-01-07 19:02:00,2022-01-07 19:59:30,3450.0,R,R07,S1P,3,1,195.17155921183155,219.94205052377154,206.92868883281022,2.0246122788633825,10.104332900691185,8.079720621827803,4.359999999999999,13.291739825149934,2.702919792463933,4.917548741997047
2022-01-07 19:34:30.000000,2022-01-07 19:06:00,2022-01-07 20:03:00,3420.0,E,E33,S1X,4,-1,140.13855019980272,151.66714545433368,146.63899465845824,14.926557097489304,2.101343986479413,12.82521311100989,4.21,9.06827172378529,1.6181701537096063,5.604028539889054
2022-01-07 19:36:45.000000,2022-01-07 19:25:30,2022-01-07 19:48:00,1350.0,G,G12,S1C,2,1,269.8442704359021,262.46773193393136,266.169824096106,8.498519195698547,14.9742350712414,6.475715875542853,1.17,4.805698819723506,1.7945090925063725,2.6780019336716965
2022-01-07 19:43:30.000000,2022-01-07 19:28:30,2022-01-07 19:58:30,1800.0,E,E02,S1X,1,1,259.13506460662654,250.66639935017005,254.87407134443924,8.28485725845875,14.986407303949928,6.701550045491178,4.6000000000000005,3.178549902582053,1.2274700824781453,2.5895131359656958
2022-01-07 19:49:00.000000,2022-01-07 19:22:00,2022-01-07 20:16:00,3240.0,G,G01,S1C,4,-1,134.8980066437081,150.78477543593183,143.60057663011844,14.95471447593258,2.3310850348783796,12.6236294410542,4.36,6.42800963838108,1.1286152948461163,5.695483365975048
2022-01-07 19:50:00.000000,2022-01-07 19:14:30,2022-01-07 20:25:30,4260.0,E,E08,S1X,3,1,212.6157405377378,233.2151784915594,222.24434158392987,5.534026083689669,12.681591244556593,7.1475651608669235,4.55,5.974789173874918,1.5293360470787265,3.9067863373048124
2022-01-07 19:52:45.000000,2022-01-07 19:38:00,2022-01-07 20:07:30,1770.0,R,R24,S1C,4,-1,151.69883440025257,154.61738649888136,153.48053006209287,14.834787490395787,2.0050496436039675,12.829737846791819,4.329999999999999,20.425086033370317,4.232574508654978,4.825688476742486
2022-01-07 19:52:45.000000,2022-01-07 19:38:00,2022-01-07 20:07:30,1770.0,R,R24,S1P,4,-1,151.69883440025257,154.61738649888136,153.48053006209287,14.834787490395787,2.0050496436039675,12.829737846791819,4.3,16.983224524063072,3.0951642622709943,5.487018809012121
2022-01-07 20:14:45.000000,2022-01-07 19:57:30,2022-01-07 20:32:00,2070.0,R,R09,S1C,5,1,234.44807621613938,224.5481641216183,229.35913769479228,2.029748575961014,14.820313806771681,12.790565230810667,4.5,14.118715237522835,3.2655940920775666,4.323475251187917
2022-01-07 20:14:45.000000,2022-01-07 19:57:30,2022-01-07 20:32:00,2070.0,R,R09,S1P,5,1,234.44807621613938,224.5481641216183,229.35913769479228,2.029748575961014,14.820313806771681,12.790565230810667,4.510000000000001,11.387067965279202,2.3823780185925028,4.779706610962867
2022-01-07 20:29:45.000000,2022-01-07 20:00:00,2022-01-07 20:59:30,3570.0,R,R07,S1C,4,-1,220.18253475068434,247.591902693799,234.22209213887214,10.104331265190021,2.0725718757230114,8.031759389467009,4.27,17.61490847421422,3.605208682579391,4.885960848627331
2022-01-07 20:29:45.000000,2022-01-07 20:00:00,2022-01-07 20:59:30,3570.0,R,R07,S1P,4,-1,220.18253475068434,247.591902693799,234.22209213887214,10.104331265190021,2.0725718757230114,8.031759389467009,4.279999999999999,15.15349609704364,3.1698364257075218,4.780529359227523
2022-01-07 20:35:45.000000,2022-01-07 20:17:00,2022-01-07 20:54:30,2250.0,C,C35,S1X,4,-1,137.69745472676985,136.39066630614766,137.3557121633895,14.898409321324719,2.1413668776139065,12.757042443710812,4.38,10.339969261266038,1.7086378973370138,6.0515860483846975
2022-01-07 20:35:45.000000,2022-01-07 20:17:00,2022-01-07 20:54:30,2250.0,C,C35,S2I,4,-1,137.69745472676985,136.39066630614766,137.3557121633895,14.898409321324719,2.1413668776139065,12.757042443710812,4.32,11.572940165369879,2.01358533060531,5.747429716271771
2022-01-07 20:56:30.000000,2022-01-07 20:37:30,2022-01-07 21:15:30,2280.0,C,C23,S1X,4,1,230.3225852140291,226.441292401936,228.1210360975138,2.298501925197091,14.843959129058351,12.545457203861261,4.569999999999999,7.128188742712052,1.7051175337079538,4.180467681433708
2022-01-07 20:56:30.000000,2022-01-07 20:37:30,2022-01-07 21:15:30,2280.0,C,C23,S2I,4,1,230.3225852140291,226.441292401936,228.1210360975138,2.298501925197091,14.843959129058351,12.545457203861261,4.57,10.380523080676731,1.8568913850455488,5.590269395547926
2022-01-07 21:11:12.073170,2022-01-07 20:50:30,2022-01-07 21:31:30,2460.0,G,G25,S1C,5,1,250.8169884849961,240.30411745439403,245.3861554248516,2.2803115258828033,14.919195981524398,12.638884455641595,4.400000000000001,5.524018137500809,1.4802931818103036,3.731705452257295
2022-01-07 21:11:30.000000,2022-01-07 20:26:00,2022-01-07 21:57:00,5460.0,E,E08,S1X,4,-1,233.38281449392952,262.751764265476,248.45556016321098,12.680905061527145,2.0753913753793403,10.605513686147805,4.3999999999999995,8.365740839409826,1.7109007031890655,4.889670583346156
2022-01-07 21:29:40.384615,2022-01-07 21:15:00,2022-01-07 21:42:30,1650.0,G,G32,S1C,3,1,215.91855004189705,226.39391914258886,221.4498365206491,2.0204736822408953,3.323848144832092,1.3033744625911967,6.549999999999998,6.13032256075591,2.8878340293506706,2.122809863188125
2022-01-07 21:35:30.000000,2022-01-07 21:21:00,2022-01-07 21:50:00,1740.0,R,R17,S1C,4,-1,148.19224441886192,144.95288139897562,146.7899156547321,14.986167332459171,2.1967269722988263,12.789440360160345,4.5,18.139503406474454,3.671590353753817,4.9405030678133
2022-01-07 21:35:30.000000,2022-01-07 21:21:00,2022-01-07 21:50:00,1740.0,R,R17,S1P,4,-1,148.19224441886192,144.95288139897562,146.7899156547321,14.986167332459171,2.1967269722988263,12.789440360160345,4.54,15.765443463312158,2.777097676229532,5.676949571581837
2022-01-07 21:57:41.489361,2022-01-07 21:43:00,2022-01-07 22:09:30,1590.0,G,G32,S1C,4,-1,226.58946880876888,236.9881333667892,232.3581568114704,3.3232572902480664,2.1108313535352723,1.212425936712794,7.630000000000001,7.885816478205242,4.1734669232238915,1.8895121545886506
2022-01-07 22:06:49.390244,2022-01-07 21:46:30,2022-01-07 22:28:00,2490.0,E,E12,S1X,4,-1,141.19638618447135,140.61430315879576,141.286558434917,14.882383511511048,2.191761476426314,12.690622035084733,4.62,6.4661773051007785,1.4201245488041938,4.553246622308993
2022-01-07 22:59:45.000000,2022-01-07 22:50:30,2022-01-07 23:09:00,1110.0,C,C22,S1X,3,1,130.05974548423353,136.62660602226262,133.34787923852286,3.0832457819099073,3.612900117712554,0.5296543358026469,10.000000000000005,0.5755032478917795,0.15642266039808697,3.6791552223134154
2022-01-07 22:59:45.000000,2022-01-07 22:50:30,2022-01-07 23:09:00,1110.0,C,C22,S2I,3,1,130.05974548423353,136.62660602226262,133.34787923852286,3.0832457819099073,3.612900117712554,0.5296543358026469,10.0,1.2019768057369111,0.33701524265548355,3.5665354369910243
2022-01-07 23:10:59.629629,2022-01-07 22:50:30,2022-01-07 23:31:00,2430.0,C,C37,S1X,4,1,216.9318407410144,220.87435710921682,218.48921505486885,2.0177661527934823,14.909411838636423,12.89164568584294,4.72,6.239392829092425,1.4356117287935044,4.346156209197346
2022-01-07 23:10:59.629629,2022-01-07 22:50:30,2022-01-07 23:31:00,2430.0,C,C37,S2I,4,1,216.9318407410144,220.87435710921682,218.48921505486885,2.0177661527934823,14.909411838636423,12.89164568584294,4.720000000000001,8.261093344196205,1.6688492012572524,4.950173651383592
2022-01-07 23:20:00.000000,2022-01-07 23:03:30,2022-01-07 23:36:30,1980.0,R,R18,S1C,5,-1,139.44726629672223,130.07099014227705,134.90075787724572,14.908759757334622,2.3473664549125566,12.561393302422065,4.629999999999999,17.96992727216947,3.4844673759938147,5.1571518206693545
2022-01-07 23:20:00.000000,2022-01-07 23:03:30,2022-01-07 23:36:30,1980.0,R,R18,S1P,5,-1,139.44726629672223,130.07099014227705,134.90075787724572,14.908759757334622,2.3473664549125566,12.561393302422065,4.629999999999999,16.152924845255278,2.741502920687174,5.891996219798464
2022-01-07 23:21:15.000000,2022-01-07 22:56:00,2022-01-07 23:46:30,3030.0,G,G31,S1C,5,1,211.91762527465042,225.63758775532654,218.0583052092487,2.043810980071037,14.940705494977433,12.896894514906396,4.72,6.6765769287686325,1.5539523935869604,4.296513172682987
2022-01-07 23:25:15.000000,2022-01-07 23:09:30,2022-01-07 23:41:00,1890.0,C,C22,S1X,4,-1,136.80283175711483,147.5118926173774,142.23441498834933,3.6126072615621707,2.0123345891389137,1.600272672423257,4.54,18.06834559506252,8.17856678344859,2.2092312838513974
2022-01-07 23:25:15.000000,2022-01-07 23:09:30,2022-01-07 23:41:00,1890.0,C,C22,S2I,4,-1,136.80283175711483,147.5118926173774,142.23441498834933,3.6126072615621707,2.0123345891389137,1.600272672423257,4.61,23.144484864598343,10.910686509560371,2.121267515505852
2022-01-07 23:41:30.000000,2022-01-07 23:31:30,2022-01-07 23:51:30,1200.0,R,R03,S1C,5,1,130.14802866145268,139.80302227284525,134.96884106019496,9.084964493302051,10.10367494737371,1.018710454071659,7.419999999999998,8.114540563906896,4.244676622169667,1.9116981777893713
2022-01-07 23:41:30.000000,2022-01-07 23:31:30,2022-01-07 23:51:30,1200.0,R,R03,S1P,5,1,130.14802866145268,139.80302227284525,134.96884106019496,9.084964493302051,10.10367494737371,1.018710454071659,8.489999999999997,5.209088859179067,2.6015920846512666,2.002269644773049
2022-01-07 23:44:45.000000,2022-01-07 23:30:00,2022-01-07 23:59:30,1770.0,G,G06,S1C,5,-1,136.64678044134158,133.97946999872204,135.50182472017786,14.869472661207148,3.632437076770414,11.237035584436734,4.78,7.229480024702524,1.470809627970129,4.915306432063518
2022-01-07 23:45:45.000000,2022-01-07 23:32:00,2022-01-07 23:59:30,1650.0,R,R11,S1C,5,1,206.5877968535917,208.59800354651304,207.32273077386418,2.148387178450268,14.20551750891654,12.057130330466272,4.670000000000001,18.6379976734044,4.300757794809591,4.333654337823403
2022-01-07 23:45:45.000000,2022-01-07 23:32:00,2022-01-07 23:59:30,1650.0,R,R11,S1P,5,1,206.5877968535917,208.59800354651304,207.32273077386418,2.148387178450268,14.20551750891654,12.057130330466272,4.670000000000001,14.689775303119166,2.850175787837088,5.153989226140606
2022-01-07 23:55:45.000000,2022-01-07 23:52:00,2022-01-07 23:59:30,450.0,R,R03,S1C,6,-1,140.04423801790375,143.64174858103576,141.8464687119453,10.103486604109698,9.946627668697396,0.156858935412302,9.990000000000007,0.17453690274547817,0.058150227175386926,3.0014827322867945
2022-01-07 23:55:45.000000,2022-01-07 23:52:00,2022-01-07 23:59:30,450.0,R,R03,S1P,6,-1,140.04423801790375,143.64174858103576,141.8464687119453,10.103486604109698,9.946627668697396,0.156858935412302,9.990000000000007,0.060338253032041655,0.020091102181102976,3.003232599592959
